,EngagementID,ContentID,ContentType,Likes,EngagementDate,CompaignID,ProductID,Views,Clicks,ProductName,Category
0,1,39,Blog,190,2023-08-30,1,9,1883,671,Baseball Glove,Sports
1,2,48,Blog,114,2023-03-28,18,20,5280,532,Boxing Gloves,Sports
2,3,16,video,32,2023-12-08,7,14,1905,204,Cycling Helmet,Sports
3,4,43,Video,17,2025-01-21,19,20,2766,257,Boxing Gloves,Sports
4,5,16,newsletter,306,2024-02-21,6,15,5116,1524,Climbing Rope,Sports
5,6,32,Socialmedia,648,2023-06-18,18,19,8237,1641,Hockey Stick,Sports
6,7,33,SOCIALMEDIA,1,2025-10-01,12,2,750,34,Fitness Tracker,Sports
7,8,47,Blog,1,2025-03-31,17,6,891,35,Tennis Racket,Sports
8,9,48,blog,123,2024-03-19,13,16,5571,1527,Kayak,Sports
9,10,4,Blog,25,2023-12-03,15,15,4279,297,Climbing Rope,Sports
10,11,38,Socialmedia,29,2024-05-26,19,6,4297,234,Tennis Racket,Sports
11,12,29,socialmedia,396,2023-06-15,3,10,7877,2037,Golf Clubs,Sports
12,13,14,video,12,2025-02-04,12,18,1796,136,Volleyball,Sports
13,14,2,Socialmedia,317,2023-08-26,16,2,6837,2251,Fitness Tracker,Sports
14,15,16,Socialmedia,0,2025-10-20,6,19,36,1,Hockey Stick,Sports
15,16,2,SOCIALMEDIA,276,2023-07-06,17,16,5980,1227,Kayak,Sports
16,17,35,BLOG,9,2024-05-17,18,10,563,104,Golf Clubs,Sports
17,18,12,Video,0,2024-10-26,19,8,321,15,Football Helmet,Sports
18,19,30,Newsletter,118,2023-10-29,11,9,1442,400,Baseball Glove,Sports
19,20,35,BLOG,0,2024-10-07,4,6,41,7,Tennis Racket,Sports
20,21,26,Blog,7,2024-12-28,1,6,1037,111,Tennis Racket,Sports
21,22,11,video,357,2024-04-04,12,16,5543,1288,Kayak,Sports
22,23,21,Newsletter,4,2024-12-27,8,18,522,43,Volleyball,Sports
23,24,38,Newsletter,65,2024-05-20,8,16,3651,377,Kayak,Sports
24,25,33,Newsletter,0,2025-11-17,6,10,487,5,Golf Clubs,Sports
25,26,31,Video,2,2025-06-04,20,20,1742,71,Boxing Gloves,Sports
26,27,42,Video,72,2024-07-27,4,3,3225,337,Yoga Mat,Sports
27,28,29,Socialmedia,7,2023-12-22,2,16,165,48,Kayak,Sports
28,29,15,video,0,2025-08-02,17,20,58,2,Boxing Gloves,Sports
29,30,29,Newsletter,14,2024-09-10,20,17,1010,196,Surfboard,Sports
30,31,1,socialmedia,2,2025-06-10,4,4,1079,44,Dumbbells,Sports
31,32,37,blog,0,2025-11-04,19,16,441,9,Kayak,Sports
32,33,44,BLOG,3,2025-06-21,1,7,1415,76,Basketball,Sports
33,34,1,Socialmedia,29,2023-04-18,11,4,1223,127,Dumbbells,Sports
34,35,2,VIDEO,1,2025-07-26,13,15,704,17,Climbing Rope,Sports
35,36,29,NEWSLETTER,6,2025-06-11,9,19,1788,75,Hockey Stick,Sports
36,37,32,Video,400,2023-01-24,7,1,9759,3095,Running Shoes,Sports
37,38,30,Newsletter,449,2023-01-02,16,15,2674,956,Climbing Rope,Sports
38,39,24,Video,373,2023-09-02,11,11,4881,1204,Ski Boots,Sports
39,40,18,Video,215,2024-04-02,4,4,3222,793,Dumbbells,Sports
40,41,8,Socialmedia,193,2024-06-01,2,12,4654,1083,Ice Skates,Sports
41,42,16,Blog,840,2023-07-23,17,8,6771,2617,Football Helmet,Sports
42,43,34,Newsletter,92,2023-08-12,8,1,3640,370,Running Shoes,Sports
43,44,18,Newsletter,3,2025-04-10,9,8,1341,66,Football Helmet,Sports
44,45,9,Blog,4,2024-10-19,15,12,797,103,Ice Skates,Sports
45,46,5,Blog,11,2024-09-29,1,1,2549,228,Running Shoes,Sports
46,47,41,Video,33,2024-06-08,3,12,1145,130,Ice Skates,Sports
47,48,19,Video,15,2025-01-26,17,8,1648,163,Football Helmet,Sports
48,49,41,Newsletter,0,2025-07-13,19,3,171,8,Yoga Mat,Sports
49,50,43,SOCIALMEDIA,11,2024-06-23,15,14,1066,110,Cycling Helmet,Sports
50,51,44,NEWSLETTER,44,2025-02-25,6,17,2725,358,Surfboard,Sports
51,52,41,Blog,3,2025-04-22,3,15,1617,70,Climbing Rope,Sports
52,53,41,Video,2,2024-09-20,16,15,599,39,Climbing Rope,Sports
53,54,40,Blog,0,2025-09-22,13,17,706,34,Surfboard,Sports
54,55,50,Blog,18,2025-04-01,18,6,2387,201,Tennis Racket,Sports
55,56,24,socialmedia,1,2025-12-19,10,5,922,39,Soccer Ball,Sports
56,57,8,Video,3,2025-01-12,7,20,944,91,Boxing Gloves,Sports
57,58,2,video,0,2025-11-07,17,9,578,11,Baseball Glove,Sports
58,59,37,video,0,2025-07-17,10,1,219,7,Running Shoes,Sports
59,60,1,socialmedia,0,2025-10-15,19,7,404,15,Basketball,Sports
60,61,47,blog,72,2024-01-24,16,7,2847,528,Basketball,Sports
61,62,15,Socialmedia,2,2025-05-29,18,10,1521,33,Golf Clubs,Sports
62,63,31,NEWSLETTER,6,2025-03-28,16,16,1473,97,Kayak,Sports
63,64,49,video,0,2025-12-03,1,15,111,3,Climbing Rope,Sports
64,65,3,Blog,30,2023-10-05,14,12,524,94,Ice Skates,Sports
65,66,28,VIDEO,23,2024-09-12,4,5,1493,141,Soccer Ball,Sports
66,67,29,Newsletter,176,2024-06-10,2,19,5147,788,Hockey Stick,Sports
67,68,33,Video,5,2024-10-20,3,19,239,43,Hockey Stick,Sports
68,69,50,blog,68,2024-05-11,2,8,2935,303,Football Helmet,Sports
69,70,12,Socialmedia,10,2024-04-30,12,11,228,49,Ski Boots,Sports
70,71,37,Video,459,2023-03-04,11,14,4368,1156,Cycling Helmet,Sports
71,72,19,BLOG,657,2023-01-06,17,1,6991,2499,Running Shoes,Sports
72,73,10,socialmedia,0,2025-04-06,18,3,40,4,Yoga Mat,Sports
73,74,6,Newsletter,64,2023-08-22,7,7,4098,761,Basketball,Sports
74,75,11,Video,12,2024-05-01,13,18,565,137,Volleyball,Sports
75,76,48,Blog,545,2023-03-11,14,3,6205,2834,Yoga Mat,Sports
76,77,26,Socialmedia,143,2023-08-27,20,18,1671,482,Volleyball,Sports
77,78,44,SOCIALMEDIA,2,2025-06-07,17,2,713,44,Fitness Tracker,Sports
78,79,36,video,397,2023-04-26,9,16,3632,1500,Kayak,Sports
79,80,15,video,8,2025-01-04,19,12,1535,243,Ice Skates,Sports
80,81,30,NEWSLETTER,11,2024-06-30,11,2,581,117,Fitness Tracker,Sports
81,82,49,Socialmedia,142,2023-04-26,8,20,1354,425,Boxing Gloves,Sports
82,83,48,video,14,2025-02-20,9,2,1933,158,Fitness Tracker,Sports
83,84,24,socialmedia,116,2023-05-22,18,14,6319,832,Cycling Helmet,Sports
84,85,34,Video,0,2025-05-08,18,20,36,3,Boxing Gloves,Sports
85,86,37,BLOG,5,2025-04-06,3,7,1576,45,Basketball,Sports
86,87,8,BLOG,111,2024-07-27,2,2,3142,602,Fitness Tracker,Sports
87,88,28,socialmedia,121,2023-10-01,12,7,1360,440,Basketball,Sports
88,89,21,Socialmedia,1,2024-11-27,2,13,214,15,Swim Goggles,Sports
89,90,35,Video,595,2023-05-25,7,9,3338,1402,Baseball Glove,Sports
90,91,8,Blog,9,2024-05-26,7,13,379,95,Swim Goggles,Sports
91,92,35,video,3,2025-05-21,3,8,516,49,Football Helmet,Sports
92,93,23,SOCIALMEDIA,147,2023-02-19,1,17,2989,1283,Surfboard,Sports
93,94,33,Video,389,2023-02-18,15,17,2595,933,Surfboard,Sports
94,95,35,newsletter,22,2024-08-15,1,7,1193,209,Basketball,Sports
95,96,17,Blog,32,2024-07-15,14,13,712,142,Swim Goggles,Sports
96,97,34,blog,3,2025-07-01,16,7,696,47,Basketball,Sports
97,98,44,blog,0,2025-08-20,11,8,231,10,Football Helmet,Sports
98,99,26,Blog,119,2024-04-15,17,4,3511,479,Dumbbells,Sports
99,100,32,Video,34,2024-05-05,15,13,2657,175,Swim Goggles,Sports
100,101,44,Newsletter,755,2023-04-14,2,12,7637,3102,Ice Skates,Sports
101,102,11,BLOG,234,2023-04-01,7,7,7389,927,Basketball,Sports
102,103,15,Newsletter,5,2024-12-15,16,16,949,38,Kayak,Sports
103,104,25,SOCIALMEDIA,133,2023-09-24,11,12,5433,892,Ice Skates,Sports
104,105,10,Blog,465,2023-08-10,16,11,4327,1380,Ski Boots,Sports
105,106,13,socialmedia,335,2023-08-23,17,11,7793,951,Ski Boots,Sports
106,107,20,Blog,0,2025-01-27,6,12,150,4,Ice Skates,Sports
107,108,48,Blog,56,2023-10-26,15,6,2826,264,Tennis Racket,Sports
108,109,25,BLOG,81,2024-08-07,20,4,1998,458,Dumbbells,Sports
109,110,12,SOCIALMEDIA,75,2024-06-09,3,4,1408,307,Dumbbells,Sports
110,111,34,blog,10,2025-05-18,7,8,1942,99,Football Helmet,Sports
111,112,45,NEWSLETTER,57,2024-05-09,10,10,2195,578,Golf Clubs,Sports
112,113,49,video,31,2023-02-08,17,14,898,184,Cycling Helmet,Sports
113,114,32,Socialmedia,0,2025-06-30,18,18,314,12,Volleyball,Sports
114,115,31,Newsletter,113,2023-05-17,18,11,3068,1210,Ski Boots,Sports
115,116,35,video,0,2025-03-15,1,19,106,7,Hockey Stick,Sports
116,117,23,Socialmedia,0,2025-09-24,12,18,924,32,Volleyball,Sports
117,118,39,blog,0,2025-12-04,17,7,191,3,Basketball,Sports
118,119,45,BLOG,117,2023-07-12,11,15,3962,426,Climbing Rope,Sports
119,120,33,VIDEO,164,2023-09-14,1,7,1674,486,Basketball,Sports
120,121,5,VIDEO,1071,2023-02-09,17,7,8641,3301,Basketball,Sports
121,122,13,Video,63,2024-04-17,6,12,5471,615,Ice Skates,Sports
122,123,15,blog,0,2025-12-16,7,8,908,38,Football Helmet,Sports
123,124,39,blog,32,2024-11-16,7,19,2847,274,Hockey Stick,Sports
124,125,44,SOCIALMEDIA,29,2023-08-22,12,20,621,199,Boxing Gloves,Sports
125,126,34,blog,19,2025-04-27,20,4,2086,218,Dumbbells,Sports
126,127,41,video,19,2023-10-29,6,6,989,103,Tennis Racket,Sports
127,128,35,newsletter,109,2024-02-27,17,5,2235,408,Soccer Ball,Sports
128,129,7,Blog,2,2024-08-17,5,1,401,30,Running Shoes,Sports
129,130,5,SOCIALMEDIA,120,2024-02-05,11,1,2081,406,Running Shoes,Sports
130,131,49,newsletter,45,2024-03-30,11,16,2977,695,Kayak,Sports
131,132,2,Socialmedia,88,2023-07-28,19,8,2773,541,Football Helmet,Sports
132,133,44,VIDEO,2,2025-04-18,18,6,415,34,Tennis Racket,Sports
133,134,1,Socialmedia,0,2025-09-08,11,14,359,18,Cycling Helmet,Sports
134,135,21,Socialmedia,30,2024-12-20,18,16,2949,352,Kayak,Sports
135,136,30,Blog,524,2023-07-05,16,8,6423,2478,Football Helmet,Sports
136,137,3,BLOG,46,2023-11-07,9,9,782,239,Baseball Glove,Sports
137,138,19,VIDEO,113,2024-01-02,15,17,2352,425,Surfboard,Sports
138,139,48,Socialmedia,51,2024-01-20,11,12,1629,404,Ice Skates,Sports
139,140,11,Video,394,2023-03-08,6,6,7397,1971,Tennis Racket,Sports
140,141,47,video,30,2024-01-24,13,16,861,264,Kayak,Sports
141,142,35,Video,0,2025-11-05,6,1,261,5,Running Shoes,Sports
142,143,34,Blog,273,2023-10-22,8,1,3932,784,Running Shoes,Sports
143,144,27,socialmedia,3,2025-02-07,10,12,689,44,Ice Skates,Sports
144,145,26,Newsletter,14,2025-04-12,15,11,1662,123,Ski Boots,Sports
145,146,18,NEWSLETTER,0,2025-09-10,20,10,415,8,Golf Clubs,Sports
146,147,13,Socialmedia,5,2025-04-19,5,1,1219,74,Running Shoes,Sports
147,148,3,blog,97,2023-10-10,17,16,3003,918,Kayak,Sports
148,149,26,socialmedia,389,2023-02-01,7,4,6616,805,Dumbbells,Sports
149,150,45,SOCIALMEDIA,85,2024-07-25,6,13,4611,373,Swim Goggles,Sports
150,151,30,blog,299,2024-05-30,1,12,5131,1303,Ice Skates,Sports
151,152,32,newsletter,15,2024-07-05,4,4,1237,214,Dumbbells,Sports
152,153,41,blog,0,2025-12-15,6,16,392,5,Kayak,Sports
153,154,1,Newsletter,208,2023-08-20,16,17,2857,804,Surfboard,Sports
154,155,3,Blog,33,2024-05-03,17,11,4350,269,Ski Boots,Sports
155,156,24,socialmedia,26,2024-01-18,19,4,1657,164,Dumbbells,Sports
156,157,36,Socialmedia,7,2025-01-14,10,3,743,47,Yoga Mat,Sports
157,158,17,Newsletter,207,2023-06-03,4,12,4613,1539,Ice Skates,Sports
158,159,29,Socialmedia,9,2024-10-04,5,18,361,64,Volleyball,Sports
159,160,2,NEWSLETTER,0,2025-12-28,17,6,811,21,Tennis Racket,Sports
160,161,39,BLOG,180,2024-04-19,18,19,4407,1105,Hockey Stick,Sports
161,162,23,BLOG,7,2025-03-17,17,14,1211,104,Cycling Helmet,Sports
162,163,9,video,233,2023-01-08,16,5,4613,1553,Soccer Ball,Sports
163,164,6,socialmedia,32,2024-09-07,6,14,2995,432,Cycling Helmet,Sports
164,165,44,Newsletter,314,2023-04-27,8,5,2831,1085,Soccer Ball,Sports
165,166,30,Newsletter,37,2023-10-15,13,5,1671,280,Soccer Ball,Sports
166,167,19,NEWSLETTER,564,2023-07-17,8,3,8049,2900,Yoga Mat,Sports
167,168,36,SOCIALMEDIA,21,2025-05-14,15,14,1969,201,Cycling Helmet,Sports
168,169,26,newsletter,1,2024-10-18,10,2,101,11,Fitness Tracker,Sports
169,170,46,Newsletter,1,2025-10-02,13,13,968,37,Swim Goggles,Sports
170,171,46,VIDEO,0,2025-11-05,1,19,79,2,Hockey Stick,Sports
171,172,26,socialmedia,15,2023-12-13,9,1,801,97,Running Shoes,Sports
172,173,20,video,393,2023-05-09,17,3,6025,2221,Yoga Mat,Sports
173,174,16,SOCIALMEDIA,27,2024-05-16,3,18,5073,312,Volleyball,Sports
174,175,4,video,16,2024-06-10,15,16,3550,300,Kayak,Sports
175,176,9,SOCIALMEDIA,16,2023-06-28,5,4,1142,121,Dumbbells,Sports
176,177,2,blog,773,2023-03-24,5,7,8103,1781,Basketball,Sports
177,178,21,newsletter,95,2023-09-11,11,13,3906,465,Swim Goggles,Sports
178,179,25,video,3,2025-05-04,19,19,1052,65,Hockey Stick,Sports
179,180,39,Blog,113,2024-01-18,11,12,4079,473,Ice Skates,Sports
180,181,16,Video,12,2025-02-02,14,13,2963,199,Swim Goggles,Sports
181,182,7,Video,6,2024-04-29,20,12,422,68,Ice Skates,Sports
182,183,50,blog,5,2025-01-25,4,16,1395,87,Kayak,Sports
183,184,27,blog,0,2025-08-31,13,15,168,6,Climbing Rope,Sports
184,185,10,blog,66,2024-03-09,9,2,2229,255,Fitness Tracker,Sports
185,186,9,newsletter,24,2024-12-16,11,13,2308,187,Swim Goggles,Sports
186,187,45,blog,197,2024-03-29,6,10,2478,717,Golf Clubs,Sports
187,188,18,blog,2,2025-04-19,20,7,2009,53,Basketball,Sports
188,189,50,blog,266,2023-10-14,4,9,2523,840,Baseball Glove,Sports
189,190,1,newsletter,400,2023-05-13,17,11,5753,1480,Ski Boots,Sports
190,191,23,NEWSLETTER,13,2025-01-30,18,19,2687,123,Hockey Stick,Sports
191,192,41,SOCIALMEDIA,54,2024-09-24,10,12,1556,312,Ice Skates,Sports
192,193,30,blog,26,2024-07-28,9,2,3358,400,Fitness Tracker,Sports
193,194,34,Socialmedia,125,2023-08-15,15,10,5719,587,Golf Clubs,Sports
194,195,13,socialmedia,1,2024-06-07,10,10,76,7,Golf Clubs,Sports
195,196,33,video,0,2025-12-01,13,4,769,28,Dumbbells,Sports
196,197,20,Video,172,2023-12-31,4,11,5012,1452,Ski Boots,Sports
197,198,4,Video,117,2023-02-01,8,12,2336,1076,Ice Skates,Sports
198,199,6,Socialmedia,4,2025-04-28,1,5,1754,63,Soccer Ball,Sports
199,200,38,newsletter,72,2023-02-23,14,10,653,240,Golf Clubs,Sports
200,201,14,blog,0,2025-06-27,1,5,786,21,Soccer Ball,Sports
201,202,9,Video,1,2025-04-20,17,2,680,27,Fitness Tracker,Sports
202,203,13,socialmedia,306,2023-01-04,1,18,4496,1368,Volleyball,Sports
203,204,15,NEWSLETTER,6,2024-12-04,11,7,1799,160,Basketball,Sports
204,205,18,NEWSLETTER,253,2023-02-28,13,1,5215,741,Running Shoes,Sports
205,206,14,blog,7,2025-04-06,9,20,1992,109,Boxing Gloves,Sports
206,207,50,Newsletter,6,2025-02-10,1,14,440,50,Cycling Helmet,Sports
207,208,31,Blog,2,2024-04-24,15,18,131,32,Volleyball,Sports
208,209,25,VIDEO,1,2025-08-10,3,7,779,24,Basketball,Sports
209,210,8,Socialmedia,232,2023-08-23,13,12,2113,624,Ice Skates,Sports
210,211,15,Socialmedia,0,2025-06-24,12,1,632,17,Running Shoes,Sports
211,212,17,Blog,3,2024-12-06,18,16,379,20,Kayak,Sports
212,213,9,Newsletter,24,2023-02-01,16,3,159,53,Yoga Mat,Sports
213,214,3,SOCIALMEDIA,0,2025-05-20,16,1,423,20,Running Shoes,Sports
214,215,17,Blog,21,2023-12-13,14,3,4381,303,Yoga Mat,Sports
215,216,32,Video,234,2023-08-06,4,17,4938,1068,Surfboard,Sports
216,217,10,Video,279,2023-01-30,4,12,6297,1624,Ice Skates,Sports
217,218,50,Video,80,2024-09-18,18,9,2280,480,Baseball Glove,Sports
218,219,45,Socialmedia,376,2023-03-15,5,20,2900,1294,Boxing Gloves,Sports
219,220,24,newsletter,53,2024-01-16,11,4,4512,432,Dumbbells,Sports
220,221,24,Newsletter,51,2024-03-09,6,20,1671,199,Boxing Gloves,Sports
221,222,12,Blog,0,2025-08-16,17,8,93,4,Football Helmet,Sports
222,223,17,socialmedia,2,2025-08-10,3,4,1157,42,Dumbbells,Sports
223,224,11,blog,4,2025-06-18,7,4,1625,62,Dumbbells,Sports
224,225,20,Socialmedia,71,2023-05-29,13,3,2610,245,Yoga Mat,Sports
225,226,19,Newsletter,5,2025-02-03,7,10,301,37,Golf Clubs,Sports
226,227,21,Newsletter,5,2025-03-06,20,10,918,73,Golf Clubs,Sports
227,228,35,video,0,2025-11-02,2,19,780,18,Hockey Stick,Sports
228,229,18,Video,291,2023-01-27,17,12,2361,746,Ice Skates,Sports
229,230,30,newsletter,23,2025-01-10,3,10,1489,162,Golf Clubs,Sports
230,231,29,Newsletter,39,2023-05-23,13,8,2236,396,Football Helmet,Sports
231,232,38,video,105,2023-09-09,8,8,4956,495,Football Helmet,Sports
232,233,30,SOCIALMEDIA,0,2025-08-05,1,11,1063,20,Ski Boots,Sports
233,234,23,blog,7,2024-03-13,11,7,191,41,Basketball,Sports
234,235,22,newsletter,78,2024-08-12,2,19,3808,520,Hockey Stick,Sports
235,236,27,NEWSLETTER,78,2024-01-15,16,13,1857,324,Swim Goggles,Sports
236,237,20,newsletter,0,2025-10-24,5,1,579,10,Running Shoes,Sports
237,238,42,Blog,14,2023-11-19,9,15,1426,167,Climbing Rope,Sports
238,239,11,Video,10,2024-09-24,11,10,1445,83,Golf Clubs,Sports
239,240,34,video,0,2025-10-23,20,1,801,38,Running Shoes,Sports
240,241,4,VIDEO,41,2023-06-04,17,6,2226,478,Tennis Racket,Sports
241,242,38,video,70,2023-05-13,17,19,2178,280,Hockey Stick,Sports
242,243,2,Newsletter,336,2023-04-05,6,3,3829,1284,Yoga Mat,Sports
243,244,8,newsletter,22,2025-02-03,11,18,1907,282,Volleyball,Sports
244,245,39,Video,339,2023-02-15,10,7,9002,2059,Basketball,Sports
245,246,30,VIDEO,256,2024-03-06,20,5,4556,1277,Soccer Ball,Sports
246,247,40,Blog,193,2024-02-01,9,1,5576,860,Running Shoes,Sports
247,248,45,blog,1,2025-04-23,16,4,680,24,Dumbbells,Sports
248,249,47,VIDEO,0,2025-06-21,10,11,194,12,Ski Boots,Sports
249,250,9,Video,708,2023-03-01,17,15,3931,1744,Climbing Rope,Sports
250,251,24,Socialmedia,0,2025-03-22,2,10,254,17,Golf Clubs,Sports
251,252,29,SOCIALMEDIA,0,2025-11-16,10,5,456,8,Soccer Ball,Sports
252,253,46,Video,363,2023-04-11,16,3,2279,972,Yoga Mat,Sports
253,254,16,Video,0,2025-09-18,1,6,328,12,Tennis Racket,Sports
254,255,4,Newsletter,63,2024-10-12,19,4,3126,617,Dumbbells,Sports
255,256,16,Blog,29,2025-01-04,15,15,3106,290,Climbing Rope,Sports
256,257,16,NEWSLETTER,0,2025-12-03,7,19,622,20,Hockey Stick,Sports
257,258,32,socialmedia,132,2023-10-28,7,3,3715,1027,Yoga Mat,Sports
258,259,41,Newsletter,29,2024-07-20,1,17,1629,388,Surfboard,Sports
259,260,7,Video,14,2025-04-08,15,13,1920,177,Swim Goggles,Sports
260,261,36,video,12,2025-01-05,17,15,852,79,Climbing Rope,Sports
261,262,32,Blog,0,2025-07-07,10,6,171,6,Tennis Racket,Sports
262,263,3,Newsletter,11,2025-04-23,20,8,2044,132,Football Helmet,Sports
263,264,35,SOCIALMEDIA,0,2025-07-20,16,10,473,23,Golf Clubs,Sports
264,265,10,SOCIALMEDIA,5,2023-07-24,1,5,164,64,Soccer Ball,Sports
265,266,13,Blog,0,2025-03-19,13,9,553,16,Baseball Glove,Sports
266,267,34,Video,42,2023-11-18,14,7,4348,376,Basketball,Sports
267,268,23,Socialmedia,235,2023-01-30,3,12,5367,1627,Ice Skates,Sports
268,269,43,socialmedia,232,2023-10-22,3,16,6484,763,Kayak,Sports
269,270,35,Newsletter,203,2023-04-17,20,1,4749,2069,Running Shoes,Sports
270,271,28,Socialmedia,0,2025-11-12,19,1,774,27,Running Shoes,Sports
271,272,50,Video,0,2025-10-25,8,15,198,8,Climbing Rope,Sports
272,273,10,blog,60,2023-11-11,9,19,506,175,Hockey Stick,Sports
273,274,20,Video,820,2023-02-14,12,2,5486,1725,Fitness Tracker,Sports
274,275,19,NEWSLETTER,9,2025-04-02,10,8,951,117,Football Helmet,Sports
275,276,27,SOCIALMEDIA,13,2024-10-10,11,17,1079,73,Surfboard,Sports
276,277,15,Newsletter,285,2023-09-26,8,13,4437,789,Swim Goggles,Sports
277,278,38,newsletter,426,2023-05-02,2,10,8679,967,Golf Clubs,Sports
278,279,50,newsletter,13,2024-09-13,3,3,1741,86,Yoga Mat,Sports
279,280,21,Socialmedia,9,2024-11-20,18,11,779,88,Ski Boots,Sports
280,281,34,socialmedia,0,2025-04-06,9,18,115,5,Volleyball,Sports
281,282,35,Blog,1,2025-06-19,13,14,998,72,Cycling Helmet,Sports
282,283,17,blog,1,2025-05-26,10,16,961,29,Kayak,Sports
283,284,30,Video,41,2024-11-01,1,7,3654,231,Basketball,Sports
284,285,12,blog,25,2025-02-04,10,15,2374,300,Climbing Rope,Sports
285,286,2,Video,6,2025-03-08,17,9,745,78,Baseball Glove,Sports
286,287,41,socialmedia,0,2025-11-13,2,17,625,25,Surfboard,Sports
287,288,21,socialmedia,255,2023-07-02,6,10,7333,1200,Golf Clubs,Sports
288,289,16,Blog,40,2024-11-24,6,2,2622,364,Fitness Tracker,Sports
289,290,20,Socialmedia,521,2023-09-25,13,7,6881,2028,Basketball,Sports
290,291,34,Newsletter,47,2024-08-29,18,12,1683,321,Ice Skates,Sports
291,292,47,blog,259,2023-07-11,7,15,6436,1497,Climbing Rope,Sports
292,293,35,Socialmedia,91,2024-07-04,13,5,1712,395,Soccer Ball,Sports
293,294,38,Blog,523,2023-10-31,15,16,7071,1859,Kayak,Sports
294,295,27,VIDEO,520,2023-12-15,1,17,5666,1655,Surfboard,Sports
295,296,37,socialmedia,169,2023-02-15,14,13,3196,1111,Swim Goggles,Sports
296,297,41,Video,69,2024-10-16,12,12,2929,410,Ice Skates,Sports
297,298,13,Newsletter,0,2025-09-18,6,1,151,2,Running Shoes,Sports
298,299,14,Socialmedia,48,2023-06-22,14,20,1026,320,Boxing Gloves,Sports
299,300,8,newsletter,8,2024-02-25,8,14,1055,66,Cycling Helmet,Sports
300,301,3,Newsletter,69,2023-12-17,19,10,3988,570,Golf Clubs,Sports
301,302,49,socialmedia,0,2025-11-26,9,20,683,20,Boxing Gloves,Sports
302,303,32,BLOG,0,2025-08-09,17,1,167,2,Running Shoes,Sports
303,304,43,BLOG,18,2025-04-18,2,20,2308,261,Boxing Gloves,Sports
304,305,14,Video,152,2023-07-11,17,19,6103,790,Hockey Stick,Sports
305,306,26,blog,0,2025-10-27,16,10,48,2,Golf Clubs,Sports
306,307,29,Blog,31,2024-12-04,10,11,1616,190,Ski Boots,Sports
307,308,40,video,25,2024-03-15,17,13,1902,365,Swim Goggles,Sports
308,309,11,newsletter,2,2025-05-30,9,10,1513,68,Golf Clubs,Sports
309,310,23,Newsletter,69,2023-05-17,11,7,2673,537,Basketball,Sports
310,311,33,VIDEO,210,2023-10-13,11,13,6357,968,Swim Goggles,Sports
311,312,22,Newsletter,570,2023-01-04,3,7,9205,1157,Basketball,Sports
312,313,15,Newsletter,316,2023-05-10,6,19,6876,1581,Hockey Stick,Sports
313,314,27,video,10,2024-09-29,1,18,694,81,Volleyball,Sports
314,315,35,newsletter,1,2024-11-02,2,9,152,13,Baseball Glove,Sports
315,316,3,socialmedia,27,2024-11-11,4,19,1508,196,Hockey Stick,Sports
316,317,42,SOCIALMEDIA,94,2023-07-16,16,10,1974,785,Golf Clubs,Sports
317,318,34,socialmedia,1,2025-06-20,12,20,378,29,Boxing Gloves,Sports
318,319,37,Newsletter,17,2024-09-18,10,7,1123,137,Basketball,Sports
319,320,12,VIDEO,5,2024-09-19,8,3,440,85,Yoga Mat,Sports
320,321,27,Socialmedia,5,2025-06-21,15,12,1057,58,Ice Skates,Sports
321,322,41,video,0,2025-09-04,15,4,32,0,Dumbbells,Sports
322,323,11,NEWSLETTER,6,2025-05-07,15,6,1833,197,Tennis Racket,Sports
323,324,15,Newsletter,2,2025-06-05,3,12,497,40,Ice Skates,Sports
324,325,35,BLOG,7,2025-01-27,10,9,1092,56,Baseball Glove,Sports
325,326,46,Blog,14,2024-11-12,1,9,3117,213,Baseball Glove,Sports
326,327,27,blog,42,2024-01-03,20,14,603,133,Cycling Helmet,Sports
327,328,26,Socialmedia,32,2024-08-28,11,10,2884,144,Golf Clubs,Sports
328,329,18,Video,197,2024-04-27,3,19,3374,773,Hockey Stick,Sports
329,330,22,newsletter,943,2023-06-09,9,1,8091,2991,Running Shoes,Sports
330,331,28,SOCIALMEDIA,3,2025-04-25,2,12,499,28,Ice Skates,Sports
331,332,11,Blog,53,2023-09-03,1,11,2533,355,Ski Boots,Sports
332,333,50,Video,110,2023-01-26,4,6,5670,734,Tennis Racket,Sports
333,334,37,NEWSLETTER,339,2023-04-27,19,8,4405,1143,Football Helmet,Sports
334,335,19,BLOG,11,2024-12-17,19,10,1084,118,Golf Clubs,Sports
335,336,50,video,41,2024-10-02,11,4,1619,249,Dumbbells,Sports
336,337,5,Video,75,2024-05-05,15,5,1915,382,Soccer Ball,Sports
337,338,41,Blog,23,2025-01-01,5,1,2000,198,Running Shoes,Sports
338,339,26,newsletter,460,2023-09-21,3,1,6753,2013,Running Shoes,Sports
339,340,6,SOCIALMEDIA,455,2024-03-25,20,14,5854,1604,Cycling Helmet,Sports
340,341,14,socialmedia,7,2025-01-06,10,9,1679,174,Baseball Glove,Sports
341,342,10,BLOG,199,2023-03-13,4,6,2100,713,Tennis Racket,Sports
342,343,36,Video,4,2024-05-19,10,15,79,19,Climbing Rope,Sports
343,344,15,Blog,0,2025-11-04,16,10,347,16,Golf Clubs,Sports
344,345,14,Video,781,2023-07-02,19,13,7762,2590,Swim Goggles,Sports
345,346,1,SOCIALMEDIA,20,2024-08-21,2,20,1758,182,Boxing Gloves,Sports
346,347,21,Video,244,2023-10-09,5,15,2401,713,Climbing Rope,Sports
347,348,7,Newsletter,29,2024-08-29,1,13,2316,164,Swim Goggles,Sports
348,349,21,Socialmedia,117,2024-07-28,19,6,4394,592,Tennis Racket,Sports
349,350,9,newsletter,296,2023-09-11,12,20,4529,1221,Boxing Gloves,Sports
350,351,24,BLOG,4,2024-03-19,18,12,478,30,Ice Skates,Sports
351,352,16,Newsletter,94,2023-01-05,14,8,2585,319,Football Helmet,Sports
352,353,28,blog,12,2025-01-18,11,9,847,126,Baseball Glove,Sports
353,354,27,BLOG,0,2025-11-10,7,18,720,21,Volleyball,Sports
354,355,38,VIDEO,54,2024-11-07,6,2,3382,532,Fitness Tracker,Sports
355,356,23,blog,94,2024-01-21,2,5,3688,808,Soccer Ball,Sports
356,357,1,Socialmedia,31,2024-10-11,7,7,3251,157,Basketball,Sports
357,358,35,blog,0,2025-03-10,4,6,74,2,Tennis Racket,Sports
358,359,5,Video,633,2023-07-02,6,20,5643,1767,Boxing Gloves,Sports
359,360,50,Newsletter,43,2024-07-19,6,3,2486,463,Yoga Mat,Sports
360,361,35,VIDEO,26,2023-06-24,15,13,1656,164,Swim Goggles,Sports
361,362,12,Socialmedia,355,2023-05-10,14,14,7779,1000,Cycling Helmet,Sports
362,363,39,video,97,2024-04-17,20,1,2018,441,Running Shoes,Sports
363,364,3,Blog,1284,2023-02-24,6,20,7805,3328,Boxing Gloves,Sports
364,365,15,blog,0,2025-10-09,14,17,448,9,Surfboard,Sports
365,366,33,Socialmedia,27,2024-09-23,5,13,2951,221,Swim Goggles,Sports
366,367,17,Socialmedia,0,2025-10-20,1,20,75,1,Boxing Gloves,Sports
367,368,8,Video,185,2024-04-16,15,8,4897,982,Football Helmet,Sports
368,369,6,Socialmedia,180,2023-02-20,15,11,1289,449,Ski Boots,Sports
369,370,45,socialmedia,13,2024-08-12,7,14,1918,118,Cycling Helmet,Sports
370,371,14,Newsletter,39,2024-08-01,19,16,3206,245,Kayak,Sports
371,372,37,NEWSLETTER,271,2024-02-12,3,2,5168,1366,Fitness Tracker,Sports
372,373,45,Socialmedia,241,2024-06-26,3,17,4519,1024,Surfboard,Sports
373,374,24,Blog,333,2024-04-15,10,15,5248,1210,Climbing Rope,Sports
374,375,44,Blog,0,2025-11-06,7,9,439,11,Baseball Glove,Sports
375,376,37,Blog,100,2024-08-23,1,8,4372,899,Football Helmet,Sports
376,377,16,BLOG,1,2025-03-30,16,16,148,16,Kayak,Sports
377,378,22,VIDEO,526,2023-08-19,14,18,7680,2029,Volleyball,Sports
378,379,19,Video,66,2024-03-15,10,18,1942,392,Volleyball,Sports
379,380,41,Socialmedia,3,2025-01-20,20,16,273,33,Kayak,Sports
380,381,49,Video,10,2025-02-28,20,3,2509,181,Yoga Mat,Sports
381,382,24,Blog,30,2023-05-04,1,2,286,95,Fitness Tracker,Sports
382,383,20,NEWSLETTER,522,2023-06-23,20,6,8138,1754,Tennis Racket,Sports
383,384,34,Socialmedia,305,2023-04-16,10,8,7361,2639,Football Helmet,Sports
384,385,34,Socialmedia,33,2024-06-21,5,8,2505,324,Football Helmet,Sports
385,386,22,blog,0,2025-12-10,16,18,448,21,Volleyball,Sports
386,387,38,socialmedia,74,2024-11-27,6,8,2680,441,Football Helmet,Sports
387,388,31,socialmedia,533,2023-01-09,6,3,5684,1754,Yoga Mat,Sports
388,389,42,Socialmedia,46,2024-05-24,4,1,1548,309,Running Shoes,Sports
389,390,31,blog,526,2023-09-11,15,7,5569,1596,Basketball,Sports
390,391,24,Newsletter,2,2025-04-04,14,18,555,29,Volleyball,Sports
391,392,12,SOCIALMEDIA,10,2025-03-06,16,6,972,132,Tennis Racket,Sports
392,393,38,Socialmedia,4,2025-06-28,5,4,1649,89,Dumbbells,Sports
393,394,19,video,41,2023-05-23,8,17,1434,320,Surfboard,Sports
394,395,26,Video,681,2023-02-09,3,1,4746,2012,Running Shoes,Sports
395,396,30,blog,30,2024-11-25,14,14,1770,194,Cycling Helmet,Sports
396,397,18,Newsletter,487,2023-05-20,18,9,3491,1278,Baseball Glove,Sports
397,398,27,BLOG,0,2025-09-17,12,20,522,21,Boxing Gloves,Sports
398,399,32,newsletter,380,2023-04-05,5,1,4548,1543,Running Shoes,Sports
399,400,37,Blog,34,2024-08-30,6,2,1815,324,Fitness Tracker,Sports
400,401,41,Blog,1,2025-07-16,12,17,1305,30,Surfboard,Sports
401,402,2,Video,950,2023-01-04,14,5,9328,4574,Soccer Ball,Sports
402,403,22,VIDEO,18,2024-08-18,18,11,2059,119,Ski Boots,Sports
403,404,43,NEWSLETTER,22,2024-10-07,12,8,2848,381,Football Helmet,Sports
404,405,42,newsletter,110,2024-06-13,6,7,2490,541,Basketball,Sports
405,406,36,socialmedia,137,2023-09-09,16,7,6347,741,Basketball,Sports
406,407,20,BLOG,0,2025-09-04,7,16,318,6,Kayak,Sports
407,408,12,newsletter,33,2024-08-12,4,12,1097,199,Ice Skates,Sports
408,409,28,Blog,4,2024-02-25,13,5,412,37,Soccer Ball,Sports
409,410,23,socialmedia,105,2024-09-08,20,2,3711,543,Fitness Tracker,Sports
410,411,3,blog,503,2024-01-13,20,12,5430,1637,Ice Skates,Sports
411,412,28,newsletter,1,2025-06-06,14,16,836,46,Kayak,Sports
412,413,28,blog,21,2024-08-18,5,8,2164,250,Football Helmet,Sports
413,414,28,socialmedia,130,2024-02-06,9,3,4684,502,Yoga Mat,Sports
414,415,35,blog,6,2025-05-30,15,16,1922,94,Kayak,Sports
415,416,25,newsletter,157,2023-11-27,5,19,4543,1195,Hockey Stick,Sports
416,417,29,Blog,43,2024-05-09,6,2,3275,256,Fitness Tracker,Sports
417,418,35,Video,1,2025-09-02,10,15,846,28,Climbing Rope,Sports
418,419,39,Socialmedia,409,2023-02-28,7,10,2803,978,Golf Clubs,Sports
419,420,23,blog,188,2023-10-30,1,13,4713,1086,Swim Goggles,Sports
420,421,35,BLOG,1,2025-07-31,14,8,557,36,Football Helmet,Sports
421,422,46,blog,1,2025-08-22,15,8,1064,63,Football Helmet,Sports
422,423,10,blog,130,2023-11-29,16,6,3504,1178,Tennis Racket,Sports
423,424,47,video,0,2025-11-20,2,9,101,1,Baseball Glove,Sports
424,425,26,Socialmedia,17,2024-11-05,20,8,2097,102,Football Helmet,Sports
425,426,23,VIDEO,34,2024-09-15,12,4,1186,225,Dumbbells,Sports
426,427,37,Blog,0,2025-07-16,15,15,235,16,Climbing Rope,Sports
427,428,2,Video,0,2025-12-12,12,17,120,3,Surfboard,Sports
428,429,22,VIDEO,251,2024-02-10,13,13,4450,814,Swim Goggles,Sports
429,430,44,Video,0,2025-11-23,2,6,677,9,Tennis Racket,Sports
430,431,20,Video,0,2025-08-21,20,16,1044,14,Kayak,Sports
431,432,32,newsletter,4,2025-01-17,9,12,1773,111,Ice Skates,Sports
432,433,26,newsletter,1,2024-05-31,20,7,83,19,Basketball,Sports
433,434,32,Blog,0,2025-06-16,17,17,112,3,Surfboard,Sports
434,435,27,video,9,2024-09-18,19,6,580,88,Tennis Racket,Sports
435,436,40,newsletter,5,2024-09-14,4,8,514,47,Football Helmet,Sports
436,437,43,Blog,71,2024-03-07,5,11,3986,307,Ski Boots,Sports
437,438,21,Socialmedia,186,2024-01-18,4,17,2678,661,Surfboard,Sports
438,439,23,Blog,66,2024-05-11,13,14,3674,281,Cycling Helmet,Sports
439,440,9,BLOG,3,2024-04-22,5,20,175,18,Boxing Gloves,Sports
440,441,6,SOCIALMEDIA,131,2024-02-20,5,18,5865,712,Volleyball,Sports
441,442,37,Newsletter,4,2025-04-28,14,6,1693,89,Tennis Racket,Sports
442,443,5,Socialmedia,97,2024-11-05,8,12,3591,613,Ice Skates,Sports
443,444,47,Blog,2,2025-01-22,8,20,487,57,Boxing Gloves,Sports
444,445,41,Newsletter,5,2025-05-21,16,18,1479,80,Volleyball,Sports
445,446,34,NEWSLETTER,2,2025-06-22,5,9,1053,48,Baseball Glove,Sports
446,447,25,Socialmedia,0,2025-12-09,2,10,877,21,Golf Clubs,Sports
447,448,25,socialmedia,4,2025-06-17,7,5,1705,130,Soccer Ball,Sports
448,449,25,SOCIALMEDIA,61,2023-10-27,10,16,1147,209,Kayak,Sports
449,450,1,SOCIALMEDIA,332,2023-04-19,20,15,5462,1685,Climbing Rope,Sports
450,451,48,Socialmedia,15,2024-08-18,5,16,624,131,Kayak,Sports
451,452,38,VIDEO,15,2025-01-03,5,14,1853,259,Cycling Helmet,Sports
452,453,34,NEWSLETTER,2,2025-06-26,15,19,1224,49,Hockey Stick,Sports
453,454,9,Blog,46,2023-12-01,4,8,1701,528,Football Helmet,Sports
454,455,39,video,0,2024-04-15,19,19,58,4,Hockey Stick,Sports
455,456,21,video,0,2025-09-10,8,14,518,13,Cycling Helmet,Sports
456,457,36,Socialmedia,67,2024-04-17,16,1,3815,1077,Running Shoes,Sports
457,458,30,NEWSLETTER,43,2024-06-23,7,7,2995,415,Basketball,Sports
458,459,43,Socialmedia,9,2024-12-08,8,2,1186,129,Fitness Tracker,Sports
459,460,24,socialmedia,296,2023-06-18,18,18,6974,1320,Volleyball,Sports
460,461,32,Newsletter,8,2024-05-20,19,15,204,44,Climbing Rope,Sports
461,462,11,newsletter,25,2024-09-18,13,2,2717,304,Fitness Tracker,Sports
462,463,28,NEWSLETTER,7,2024-12-04,13,13,2060,143,Swim Goggles,Sports
463,464,17,NEWSLETTER,2,2024-04-19,3,5,62,15,Soccer Ball,Sports
464,465,25,blog,134,2023-06-28,1,14,5626,497,Cycling Helmet,Sports
465,466,20,blog,52,2024-06-04,7,8,3351,359,Football Helmet,Sports
466,467,7,Socialmedia,208,2023-06-09,18,4,4551,1228,Dumbbells,Sports
467,468,7,socialmedia,92,2023-09-09,15,20,4974,408,Boxing Gloves,Sports
468,469,23,socialmedia,2,2024-10-23,9,4,171,17,Dumbbells,Sports
469,470,14,Blog,6,2025-02-07,4,1,983,64,Running Shoes,Sports
470,471,2,VIDEO,34,2024-05-09,4,5,2972,216,Soccer Ball,Sports
471,472,29,newsletter,94,2023-01-25,10,3,1190,285,Yoga Mat,Sports
472,473,46,Socialmedia,27,2025-03-05,3,14,2267,253,Cycling Helmet,Sports
473,474,42,Newsletter,2,2025-05-07,4,8,1173,81,Football Helmet,Sports
474,475,5,newsletter,3,2025-03-26,1,20,824,70,Boxing Gloves,Sports
475,476,11,blog,293,2024-05-19,10,7,5021,1098,Basketball,Sports
476,477,38,Newsletter,20,2024-10-14,17,6,563,105,Tennis Racket,Sports
477,478,43,Socialmedia,39,2024-10-17,8,13,3326,410,Swim Goggles,Sports
478,479,31,Socialmedia,34,2024-10-06,17,19,2049,331,Hockey Stick,Sports
479,480,21,socialmedia,85,2023-09-20,15,2,2066,387,Fitness Tracker,Sports
480,481,27,Blog,206,2023-08-16,15,10,3561,1185,Golf Clubs,Sports
481,482,44,SOCIALMEDIA,76,2023-03-30,7,14,1144,456,Cycling Helmet,Sports
482,483,47,newsletter,7,2024-12-14,14,7,1597,101,Basketball,Sports
483,484,30,Socialmedia,67,2024-04-28,1,7,4059,459,Basketball,Sports
484,485,35,VIDEO,335,2023-05-01,18,20,1970,817,Boxing Gloves,Sports
485,486,17,VIDEO,50,2024-04-25,10,13,2158,254,Swim Goggles,Sports
486,487,21,Video,22,2025-03-19,1,7,2050,203,Basketball,Sports
487,488,36,BLOG,80,2024-01-06,8,20,2132,373,Boxing Gloves,Sports
488,489,21,Video,2,2025-03-31,20,9,1407,66,Baseball Glove,Sports
489,490,21,Socialmedia,9,2024-11-19,19,9,1409,103,Baseball Glove,Sports
490,491,49,Newsletter,103,2023-04-04,20,15,1560,297,Climbing Rope,Sports
491,492,26,Newsletter,0,2024-08-12,14,8,69,5,Football Helmet,Sports
492,493,14,socialmedia,74,2024-08-29,7,3,3071,537,Yoga Mat,Sports
493,494,23,SOCIALMEDIA,53,2024-05-13,3,13,4224,509,Swim Goggles,Sports
494,495,42,socialmedia,84,2023-11-19,20,17,2656,799,Surfboard,Sports
495,496,27,Newsletter,386,2023-10-21,3,5,4193,1431,Soccer Ball,Sports
496,497,46,BLOG,0,2025-11-25,16,7,998,11,Basketball,Sports
497,498,2,Socialmedia,125,2024-04-06,4,18,1734,452,Volleyball,Sports
498,499,10,video,9,2025-01-28,12,11,2575,97,Ski Boots,Sports
499,500,48,SOCIALMEDIA,194,2023-01-25,18,13,3819,958,Swim Goggles,Sports
500,501,7,blog,4,2025-02-10,3,2,2595,108,Fitness Tracker,Sports
501,502,50,NEWSLETTER,133,2023-03-15,19,5,2570,778,Soccer Ball,Sports
502,503,39,Socialmedia,202,2023-09-24,4,18,1951,574,Volleyball,Sports
503,504,45,blog,58,2024-10-29,17,11,2577,420,Ski Boots,Sports
504,505,24,SOCIALMEDIA,9,2023-12-16,5,19,121,37,Hockey Stick,Sports
505,506,24,Blog,1,2025-03-08,17,2,763,46,Fitness Tracker,Sports
506,507,15,BLOG,159,2023-03-08,8,13,2226,575,Swim Goggles,Sports
507,508,50,Video,213,2024-02-03,7,13,5316,836,Swim Goggles,Sports
508,509,40,socialmedia,34,2023-08-13,14,6,508,147,Tennis Racket,Sports
509,510,40,BLOG,11,2025-01-26,1,13,2088,132,Swim Goggles,Sports
510,511,26,Socialmedia,220,2023-09-25,16,16,2552,770,Kayak,Sports
511,512,1,Video,33,2024-07-29,8,14,2172,147,Cycling Helmet,Sports
512,513,8,BLOG,87,2024-02-28,18,9,2506,408,Baseball Glove,Sports
513,514,26,newsletter,14,2025-03-18,18,19,1896,185,Hockey Stick,Sports
514,515,21,newsletter,0,2025-09-13,17,3,468,11,Yoga Mat,Sports
515,516,7,Blog,123,2023-03-11,4,16,4421,503,Kayak,Sports
516,517,35,Video,35,2024-10-30,18,20,2778,263,Boxing Gloves,Sports
517,518,39,NEWSLETTER,54,2024-06-11,13,5,2552,406,Soccer Ball,Sports
518,519,50,Video,39,2023-09-10,18,15,1113,172,Climbing Rope,Sports
519,520,16,Socialmedia,1405,2023-01-08,9,4,7251,3048,Dumbbells,Sports
520,521,6,newsletter,60,2024-10-21,4,1,2268,424,Running Shoes,Sports
521,522,49,Socialmedia,0,2025-08-25,18,16,807,33,Kayak,Sports
522,523,23,blog,188,2023-08-11,7,1,6420,1094,Running Shoes,Sports
523,524,36,Video,37,2024-07-01,4,14,1089,167,Cycling Helmet,Sports
524,525,15,socialmedia,0,2025-10-18,10,7,99,2,Basketball,Sports
525,526,43,SOCIALMEDIA,440,2023-12-30,19,5,6457,2136,Soccer Ball,Sports
526,527,2,socialmedia,0,2025-09-23,15,13,18,0,Swim Goggles,Sports
527,528,1,socialmedia,0,2025-07-27,19,4,335,8,Dumbbells,Sports
528,529,40,SOCIALMEDIA,147,2024-01-27,18,3,3633,668,Yoga Mat,Sports
529,530,11,Newsletter,8,2025-03-30,10,2,914,81,Fitness Tracker,Sports
530,531,21,BLOG,28,2024-05-27,15,12,4245,235,Ice Skates,Sports
531,532,44,video,0,2025-12-28,15,13,498,20,Swim Goggles,Sports
532,533,15,newsletter,33,2023-11-15,18,5,1293,141,Soccer Ball,Sports
533,534,30,BLOG,21,2024-09-17,2,3,931,158,Yoga Mat,Sports
534,535,39,socialmedia,382,2023-05-15,10,18,5497,2279,Volleyball,Sports
535,536,44,Socialmedia,101,2023-09-12,8,10,2999,328,Golf Clubs,Sports
536,537,7,Socialmedia,9,2025-04-09,7,15,964,82,Climbing Rope,Sports
537,538,9,Newsletter,0,2025-11-18,10,3,785,11,Yoga Mat,Sports
538,539,49,Video,32,2024-07-29,18,18,2276,204,Volleyball,Sports
539,540,22,video,8,2025-06-14,2,17,1482,105,Surfboard,Sports
540,541,9,video,0,2025-11-04,2,3,727,26,Yoga Mat,Sports
541,542,50,Newsletter,0,2025-09-03,8,9,539,13,Baseball Glove,Sports
542,543,44,Newsletter,0,2025-04-07,20,17,146,17,Surfboard,Sports
543,544,16,blog,16,2023-07-31,9,14,263,56,Cycling Helmet,Sports
544,545,1,SOCIALMEDIA,221,2024-05-14,15,14,4882,924,Cycling Helmet,Sports
545,546,11,NEWSLETTER,4,2025-06-19,7,7,1346,83,Basketball,Sports
546,547,34,Newsletter,0,2025-07-26,5,3,1014,16,Yoga Mat,Sports
547,548,35,blog,3,2025-05-01,1,6,994,67,Tennis Racket,Sports
548,549,41,Blog,18,2025-02-07,15,13,1835,158,Swim Goggles,Sports
549,550,28,Video,1,2025-07-25,10,10,678,25,Golf Clubs,Sports
550,551,30,Newsletter,150,2023-08-25,18,12,3941,406,Ice Skates,Sports
551,552,37,Newsletter,3,2025-04-21,11,20,1529,56,Boxing Gloves,Sports
552,553,6,Blog,16,2024-12-19,19,19,1800,251,Hockey Stick,Sports
553,554,30,Socialmedia,329,2023-12-22,4,6,3370,1112,Tennis Racket,Sports
554,555,47,SOCIALMEDIA,21,2024-06-27,11,13,3690,287,Swim Goggles,Sports
555,556,32,Socialmedia,236,2023-05-12,4,19,6010,1097,Hockey Stick,Sports
556,557,13,video,241,2023-01-30,17,5,4281,706,Soccer Ball,Sports
557,558,45,video,3,2025-06-23,11,13,831,66,Swim Goggles,Sports
558,559,4,Video,1,2025-03-21,12,11,409,15,Ski Boots,Sports
559,560,33,video,27,2024-05-21,19,20,1062,235,Boxing Gloves,Sports
560,561,34,socialmedia,166,2023-07-13,3,1,1862,468,Running Shoes,Sports
561,562,38,Video,1,2025-05-17,8,17,259,14,Surfboard,Sports
562,563,7,Video,1,2025-06-13,16,16,1598,68,Kayak,Sports
563,564,45,Newsletter,12,2025-04-01,20,18,1436,117,Volleyball,Sports
564,565,20,video,680,2023-01-29,13,16,7683,2806,Kayak,Sports
565,566,10,socialmedia,11,2025-02-15,4,12,753,107,Ice Skates,Sports
566,567,22,video,154,2023-04-27,15,6,4232,918,Tennis Racket,Sports
567,568,23,newsletter,0,2025-12-19,6,8,552,22,Football Helmet,Sports
568,569,26,Blog,10,2024-09-20,10,8,442,66,Football Helmet,Sports
569,570,3,Video,0,2025-10-31,19,14,579,12,Cycling Helmet,Sports
570,571,18,Newsletter,77,2023-12-23,8,1,3789,1005,Running Shoes,Sports
571,572,18,socialmedia,104,2024-07-10,10,13,2774,463,Swim Goggles,Sports
572,573,30,newsletter,0,2025-10-23,16,11,357,5,Ski Boots,Sports
573,574,1,Socialmedia,13,2024-07-06,8,16,658,70,Kayak,Sports
574,575,39,NEWSLETTER,316,2023-12-14,20,12,6216,1777,Ice Skates,Sports
575,576,8,Video,19,2024-08-24,2,10,1345,91,Golf Clubs,Sports
576,577,2,Socialmedia,329,2023-04-10,20,6,3081,849,Tennis Racket,Sports
577,578,25,Video,0,2025-08-27,12,4,694,8,Dumbbells,Sports
578,579,16,socialmedia,22,2024-01-05,2,12,2410,207,Ice Skates,Sports
579,580,13,Newsletter,0,2025-09-09,20,17,648,19,Surfboard,Sports
580,581,11,newsletter,192,2023-09-08,19,8,2535,604,Football Helmet,Sports
581,582,33,SOCIALMEDIA,0,2025-09-13,8,12,236,10,Ice Skates,Sports
582,583,8,video,187,2023-04-30,20,16,6773,1129,Kayak,Sports
583,584,48,Socialmedia,790,2023-06-09,7,7,8032,2851,Basketball,Sports
584,585,39,Socialmedia,111,2024-02-08,15,6,4296,467,Tennis Racket,Sports
585,586,9,newsletter,0,2025-11-27,11,7,67,2,Basketball,Sports
586,587,46,blog,25,2025-03-01,18,16,1729,233,Kayak,Sports
587,588,29,NEWSLETTER,172,2024-02-07,8,19,3073,667,Hockey Stick,Sports
588,589,34,Newsletter,33,2024-04-27,8,17,1313,267,Surfboard,Sports
589,590,41,Socialmedia,0,2025-12-15,7,15,215,7,Climbing Rope,Sports
590,591,34,newsletter,2,2024-11-04,1,3,1299,75,Yoga Mat,Sports
591,592,20,Blog,167,2023-04-17,19,6,5607,1433,Tennis Racket,Sports
592,593,12,Socialmedia,441,2023-10-26,3,17,6444,2254,Surfboard,Sports
593,594,33,newsletter,22,2025-01-25,2,15,2561,327,Climbing Rope,Sports
594,595,46,Video,4,2024-12-29,1,18,1379,54,Volleyball,Sports
595,596,20,NEWSLETTER,90,2024-12-01,13,17,3510,604,Surfboard,Sports
596,597,41,Video,211,2023-03-12,11,14,4890,632,Cycling Helmet,Sports
597,598,41,Blog,11,2023-10-10,1,1,1443,138,Running Shoes,Sports
598,599,12,newsletter,355,2023-10-18,20,5,5516,1239,Soccer Ball,Sports
599,600,3,SOCIALMEDIA,382,2023-03-25,17,9,8786,1381,Baseball Glove,Sports
600,601,43,BLOG,4,2025-04-02,6,4,2133,154,Dumbbells,Sports
601,602,1,blog,203,2023-06-25,7,14,5457,639,Cycling Helmet,Sports
602,603,42,blog,0,2025-11-26,8,14,336,3,Cycling Helmet,Sports
603,604,14,Newsletter,2,2025-06-28,12,12,1166,40,Ice Skates,Sports
604,605,10,socialmedia,171,2023-07-30,15,13,5831,622,Swim Goggles,Sports
605,606,41,VIDEO,106,2024-10-02,10,15,3381,576,Climbing Rope,Sports
606,607,19,SOCIALMEDIA,238,2023-12-22,12,2,6591,825,Fitness Tracker,Sports
607,608,33,socialmedia,62,2023-07-29,16,6,3491,635,Tennis Racket,Sports
608,609,26,SOCIALMEDIA,89,2023-10-13,10,12,7057,591,Ice Skates,Sports
609,610,50,Video,30,2024-06-07,2,14,1278,330,Cycling Helmet,Sports
610,611,24,Newsletter,1938,2023-01-27,9,19,9226,4223,Hockey Stick,Sports
611,612,4,newsletter,3,2025-06-01,12,16,1041,88,Kayak,Sports
612,613,17,Blog,7,2025-01-20,7,11,2874,113,Ski Boots,Sports
613,614,14,Video,258,2023-10-12,11,2,3290,1006,Fitness Tracker,Sports
614,615,17,blog,0,2025-12-29,17,14,220,9,Cycling Helmet,Sports
615,616,12,SOCIALMEDIA,5,2024-11-18,20,15,549,29,Climbing Rope,Sports
616,617,33,Newsletter,26,2024-12-01,4,7,3555,502,Basketball,Sports
617,618,17,video,0,2025-09-09,13,20,776,18,Boxing Gloves,Sports
618,619,46,Socialmedia,5,2025-05-12,16,3,1120,118,Yoga Mat,Sports
619,620,30,VIDEO,64,2024-05-13,2,19,4336,322,Hockey Stick,Sports
620,621,45,BLOG,588,2023-06-09,13,13,5865,2367,Swim Goggles,Sports
621,622,7,Newsletter,16,2024-10-03,2,14,2044,105,Cycling Helmet,Sports
622,623,48,Socialmedia,1,2025-05-29,14,13,800,62,Swim Goggles,Sports
623,624,46,Newsletter,7,2024-08-23,6,14,317,44,Cycling Helmet,Sports
624,625,36,Newsletter,17,2025-03-13,10,13,2169,135,Swim Goggles,Sports
625,626,15,VIDEO,275,2024-05-22,3,5,4595,1068,Soccer Ball,Sports
626,627,14,SOCIALMEDIA,109,2024-07-23,9,2,3547,805,Fitness Tracker,Sports
627,628,13,newsletter,21,2024-07-05,6,11,931,122,Ski Boots,Sports
628,629,49,socialmedia,32,2024-08-07,12,5,4513,243,Soccer Ball,Sports
629,630,25,Video,26,2024-12-16,9,1,1993,198,Running Shoes,Sports
630,631,22,Video,396,2023-02-21,17,18,8207,923,Volleyball,Sports
631,632,1,newsletter,76,2024-02-23,1,18,1360,256,Volleyball,Sports
632,633,16,blog,1069,2023-02-27,11,5,7169,2337,Soccer Ball,Sports
633,634,9,Blog,0,2025-05-24,3,17,408,14,Surfboard,Sports
634,635,4,Video,0,2025-09-06,8,14,248,9,Cycling Helmet,Sports
635,636,21,Socialmedia,216,2024-03-06,2,13,5083,781,Swim Goggles,Sports
636,637,33,blog,48,2023-06-04,1,3,1175,464,Yoga Mat,Sports
637,638,11,newsletter,42,2024-04-27,2,3,4879,452,Yoga Mat,Sports
638,639,31,newsletter,17,2024-08-26,8,6,743,161,Tennis Racket,Sports
639,640,22,Newsletter,3,2024-08-08,5,18,375,53,Volleyball,Sports
640,641,30,Blog,23,2024-09-06,11,13,2922,267,Swim Goggles,Sports
641,642,45,Newsletter,1,2025-01-25,1,17,140,12,Surfboard,Sports
642,643,28,Socialmedia,257,2023-10-26,4,7,3996,969,Basketball,Sports
643,644,3,video,29,2024-02-24,8,1,1698,188,Running Shoes,Sports
644,645,1,Socialmedia,11,2023-11-20,6,20,157,42,Boxing Gloves,Sports
645,646,43,Blog,44,2024-05-07,17,15,1039,224,Climbing Rope,Sports
646,647,19,Blog,118,2024-03-08,19,19,4206,783,Hockey Stick,Sports
647,648,21,Blog,505,2023-02-20,18,14,5831,2028,Cycling Helmet,Sports
648,649,5,blog,98,2023-08-11,13,17,1618,608,Surfboard,Sports
649,650,28,video,483,2023-06-01,8,9,7396,2102,Baseball Glove,Sports
650,651,46,SOCIALMEDIA,223,2023-08-24,4,11,7744,1134,Ski Boots,Sports
651,652,22,VIDEO,91,2023-06-29,6,4,984,281,Dumbbells,Sports
652,653,24,Video,422,2023-05-20,3,9,8533,1197,Baseball Glove,Sports
653,654,12,Blog,326,2023-12-29,12,4,3855,976,Dumbbells,Sports
654,655,45,Newsletter,27,2024-06-26,14,7,3722,552,Basketball,Sports
655,656,32,socialmedia,29,2024-12-14,19,3,2221,168,Yoga Mat,Sports
656,657,23,Blog,62,2024-09-30,2,1,4169,703,Running Shoes,Sports
657,658,37,video,586,2023-09-25,18,3,7079,1943,Yoga Mat,Sports
658,659,12,Video,24,2024-05-06,15,11,2104,131,Ski Boots,Sports
659,660,18,BLOG,0,2025-09-06,6,14,608,8,Cycling Helmet,Sports
660,661,18,VIDEO,14,2024-10-13,13,16,2151,241,Kayak,Sports
661,662,14,NEWSLETTER,7,2025-04-19,3,9,675,68,Baseball Glove,Sports
662,663,11,Blog,0,2025-10-04,20,7,925,39,Basketball,Sports
663,664,2,NEWSLETTER,6,2024-04-09,15,18,1005,104,Volleyball,Sports
664,665,22,Socialmedia,260,2023-12-16,13,12,6304,1513,Ice Skates,Sports
665,666,14,socialmedia,9,2024-12-31,2,20,3062,162,Boxing Gloves,Sports
666,667,44,blog,1,2025-02-14,10,20,1090,35,Boxing Gloves,Sports
667,668,14,BLOG,223,2023-12-01,16,12,6293,1990,Ice Skates,Sports
668,669,45,Video,12,2023-09-05,11,2,727,104,Fitness Tracker,Sports
669,670,18,Socialmedia,504,2023-12-19,15,6,5528,1548,Tennis Racket,Sports
670,671,27,Newsletter,53,2024-07-25,2,5,1669,263,Soccer Ball,Sports
671,672,28,Socialmedia,685,2023-02-22,20,9,7705,2908,Baseball Glove,Sports
672,673,35,Video,6,2025-01-26,18,2,1301,125,Fitness Tracker,Sports
673,674,29,SOCIALMEDIA,774,2023-01-11,15,10,5429,2104,Golf Clubs,Sports
674,675,25,SOCIALMEDIA,353,2023-06-19,4,2,7826,1547,Fitness Tracker,Sports
675,676,25,Socialmedia,0,2025-07-11,19,8,54,1,Football Helmet,Sports
676,677,39,Video,200,2023-07-05,18,16,6793,1772,Kayak,Sports
677,678,32,newsletter,1,2025-05-23,9,1,483,19,Running Shoes,Sports
678,679,43,newsletter,0,2025-11-17,18,18,225,4,Volleyball,Sports
679,680,35,socialmedia,27,2024-07-01,19,12,1897,125,Ice Skates,Sports
680,681,26,Video,69,2024-10-13,5,12,2683,527,Ice Skates,Sports
681,682,4,video,8,2025-01-23,3,14,1294,58,Cycling Helmet,Sports
682,683,11,SOCIALMEDIA,59,2024-06-04,18,9,3263,661,Baseball Glove,Sports
683,684,9,Socialmedia,12,2024-11-25,4,5,1772,207,Soccer Ball,Sports
684,685,21,NEWSLETTER,66,2023-09-12,4,16,1017,290,Kayak,Sports
685,686,4,Newsletter,0,2025-11-17,15,18,669,13,Volleyball,Sports
686,687,31,Video,0,2025-10-08,4,7,179,6,Basketball,Sports
687,688,30,newsletter,74,2023-11-04,13,11,1178,248,Ski Boots,Sports
688,689,28,video,0,2025-10-29,17,7,808,12,Basketball,Sports
689,690,24,BLOG,4,2025-07-11,18,9,1491,61,Baseball Glove,Sports
690,691,40,blog,694,2023-01-28,18,9,5123,2062,Baseball Glove,Sports
691,692,13,VIDEO,61,2024-04-28,15,9,1514,294,Baseball Glove,Sports
692,693,17,Socialmedia,108,2024-04-10,20,7,3491,555,Basketball,Sports
693,694,12,newsletter,11,2024-02-05,19,11,444,119,Ski Boots,Sports
694,695,23,newsletter,5,2025-04-16,9,12,1662,100,Ice Skates,Sports
695,696,14,video,143,2023-01-03,4,11,4053,1261,Ski Boots,Sports
696,697,7,Blog,270,2023-04-06,12,1,5787,2258,Running Shoes,Sports
697,698,43,Socialmedia,0,2025-06-12,6,6,127,3,Tennis Racket,Sports
698,699,35,Blog,224,2024-03-03,11,3,3671,859,Yoga Mat,Sports
699,700,1,Video,62,2023-06-02,11,6,1404,287,Tennis Racket,Sports
700,701,34,Blog,0,2025-06-09,11,3,234,7,Yoga Mat,Sports
701,702,23,Blog,170,2023-06-08,11,16,3505,796,Kayak,Sports
702,703,12,Socialmedia,0,2025-12-12,15,4,598,10,Dumbbells,Sports
703,704,24,newsletter,52,2023-08-21,1,10,3878,442,Golf Clubs,Sports
704,705,25,Newsletter,83,2024-04-02,4,3,4873,539,Yoga Mat,Sports
705,706,30,BLOG,308,2023-01-11,13,11,8960,2078,Ski Boots,Sports
706,707,14,NEWSLETTER,3,2024-10-29,5,15,1463,71,Climbing Rope,Sports
707,708,21,blog,0,2025-08-05,2,16,170,5,Kayak,Sports
708,709,46,Video,0,2025-09-09,2,5,317,14,Soccer Ball,Sports
709,710,22,socialmedia,70,2023-09-27,2,20,4104,632,Boxing Gloves,Sports
710,711,12,VIDEO,15,2023-11-13,14,20,829,197,Boxing Gloves,Sports
711,712,17,blog,0,2025-12-19,16,9,411,6,Baseball Glove,Sports
712,713,3,NEWSLETTER,57,2024-09-03,19,18,2706,430,Volleyball,Sports
713,714,46,blog,11,2024-07-30,1,11,2676,129,Ski Boots,Sports
714,715,20,Newsletter,27,2024-06-19,15,11,3476,294,Ski Boots,Sports
715,716,48,video,117,2024-08-10,19,12,4392,891,Ice Skates,Sports
716,717,25,Socialmedia,0,2025-11-19,11,14,639,27,Cycling Helmet,Sports
717,718,41,SOCIALMEDIA,96,2024-06-28,7,8,4521,931,Football Helmet,Sports
718,719,31,Blog,846,2023-05-18,13,16,7338,2960,Kayak,Sports
719,720,33,newsletter,4,2025-04-19,11,5,1372,58,Soccer Ball,Sports
720,721,11,newsletter,99,2024-04-15,5,7,5297,398,Basketball,Sports
721,722,34,socialmedia,62,2023-11-06,1,11,2655,279,Ski Boots,Sports
722,723,47,SOCIALMEDIA,0,2025-11-15,10,20,77,1,Boxing Gloves,Sports
723,724,38,blog,5,2025-03-11,15,14,1456,118,Cycling Helmet,Sports
724,725,46,video,10,2024-09-13,16,10,1615,164,Golf Clubs,Sports
725,726,10,video,39,2024-06-24,3,19,1788,247,Hockey Stick,Sports
726,727,30,Socialmedia,57,2024-10-14,19,13,1874,360,Swim Goggles,Sports
727,728,4,video,10,2025-04-04,15,7,2189,182,Basketball,Sports
728,729,50,blog,202,2024-03-31,17,6,4412,884,Tennis Racket,Sports
729,730,19,SOCIALMEDIA,32,2025-03-25,12,4,2149,267,Dumbbells,Sports
730,731,4,VIDEO,13,2024-11-07,19,2,489,79,Fitness Tracker,Sports
731,732,25,video,0,2025-10-24,7,3,439,7,Yoga Mat,Sports
732,733,5,BLOG,0,2025-02-11,16,3,192,16,Yoga Mat,Sports
733,734,30,blog,277,2023-05-30,19,5,8104,1780,Soccer Ball,Sports
734,735,1,Blog,128,2024-08-26,6,17,3440,756,Surfboard,Sports
735,736,17,Blog,1,2025-08-08,5,11,1060,41,Ski Boots,Sports
736,737,9,Newsletter,277,2023-05-07,20,8,3576,1116,Football Helmet,Sports
737,738,11,SOCIALMEDIA,28,2024-05-07,15,10,1022,108,Golf Clubs,Sports
738,739,39,Socialmedia,476,2023-02-25,12,1,3533,1370,Running Shoes,Sports
739,740,50,video,0,2025-11-25,1,14,33,0,Cycling Helmet,Sports
740,741,12,video,0,2025-09-30,10,18,960,13,Volleyball,Sports
741,742,44,blog,66,2023-10-14,19,11,799,221,Ski Boots,Sports
742,743,46,Newsletter,26,2025-01-05,16,15,2680,399,Climbing Rope,Sports
743,744,40,SOCIALMEDIA,297,2023-11-20,1,1,6450,1074,Running Shoes,Sports
744,745,32,newsletter,52,2024-08-08,12,1,4408,496,Running Shoes,Sports
745,746,24,Newsletter,65,2024-02-16,1,5,1352,350,Soccer Ball,Sports
746,747,6,NEWSLETTER,31,2024-07-02,9,7,4241,509,Basketball,Sports
747,748,47,blog,42,2024-04-07,6,8,3383,574,Football Helmet,Sports
748,749,12,newsletter,14,2023-02-12,16,14,424,46,Cycling Helmet,Sports
749,750,33,BLOG,19,2025-01-20,17,9,2129,223,Baseball Glove,Sports
750,751,2,socialmedia,6,2025-02-28,16,1,2069,102,Running Shoes,Sports
751,752,38,blog,1,2025-02-16,17,3,253,25,Yoga Mat,Sports
752,753,15,Newsletter,0,2025-10-10,19,14,510,11,Cycling Helmet,Sports
753,754,27,video,249,2024-03-01,13,1,5309,1185,Running Shoes,Sports
754,755,44,blog,30,2024-08-05,15,6,2862,167,Tennis Racket,Sports
755,756,50,Video,6,2024-10-02,4,1,819,53,Running Shoes,Sports
756,757,47,video,28,2024-02-23,6,3,1101,146,Yoga Mat,Sports
757,758,42,blog,32,2024-12-04,16,3,1984,311,Yoga Mat,Sports
758,759,40,video,21,2024-08-05,1,11,1447,149,Ski Boots,Sports
759,760,20,VIDEO,5,2025-05-03,8,9,2130,161,Baseball Glove,Sports
760,761,14,Video,91,2023-03-25,1,11,1414,510,Ski Boots,Sports
761,762,18,NEWSLETTER,0,2025-03-18,3,6,314,14,Tennis Racket,Sports
762,763,14,socialmedia,4,2025-06-21,4,19,1739,61,Hockey Stick,Sports
763,764,48,Blog,731,2023-06-18,6,10,7732,2570,Golf Clubs,Sports
764,765,31,socialmedia,316,2023-03-25,5,12,5472,2376,Ice Skates,Sports
765,766,49,Blog,30,2024-09-11,8,17,2699,560,Surfboard,Sports
766,767,11,Video,755,2023-07-24,11,20,6105,2088,Boxing Gloves,Sports
767,768,40,VIDEO,216,2023-05-31,19,10,3278,881,Golf Clubs,Sports
768,769,16,SOCIALMEDIA,57,2024-02-24,19,15,1091,311,Climbing Rope,Sports
769,770,26,video,2,2025-07-09,16,15,1182,79,Climbing Rope,Sports
770,771,48,blog,233,2023-07-17,3,12,1409,572,Ice Skates,Sports
771,772,34,blog,0,2025-08-07,10,1,367,9,Running Shoes,Sports
772,773,7,SOCIALMEDIA,104,2024-06-22,19,14,4636,722,Cycling Helmet,Sports
773,774,39,socialmedia,178,2024-03-25,5,10,2369,688,Golf Clubs,Sports
774,775,8,video,372,2023-04-23,6,10,2375,1022,Golf Clubs,Sports
775,776,16,NEWSLETTER,71,2024-04-02,10,4,2713,707,Dumbbells,Sports
776,777,3,Socialmedia,6,2025-06-07,4,10,1425,78,Golf Clubs,Sports
777,778,27,newsletter,3,2024-09-14,4,10,483,70,Golf Clubs,Sports
778,779,39,BLOG,185,2023-10-15,17,8,1604,552,Football Helmet,Sports
779,780,30,blog,0,2025-12-05,5,10,378,17,Golf Clubs,Sports
780,781,28,blog,204,2023-08-13,11,1,7559,912,Running Shoes,Sports
781,782,26,Socialmedia,307,2023-03-01,20,4,5130,663,Dumbbells,Sports
782,783,44,Newsletter,10,2023-04-11,14,5,129,30,Soccer Ball,Sports
783,784,26,Newsletter,561,2023-02-19,18,12,8955,1797,Ice Skates,Sports
784,785,50,blog,146,2024-02-10,12,15,6122,578,Climbing Rope,Sports
785,786,45,SOCIALMEDIA,930,2023-04-16,19,13,5347,2378,Swim Goggles,Sports
786,787,40,Video,132,2024-04-01,11,11,3650,603,Ski Boots,Sports
787,788,33,VIDEO,0,2025-11-04,7,5,204,7,Soccer Ball,Sports
788,789,37,newsletter,162,2023-05-20,3,9,4181,1197,Baseball Glove,Sports
789,790,3,NEWSLETTER,294,2023-06-01,5,4,5853,1985,Dumbbells,Sports
790,791,7,NEWSLETTER,257,2024-03-16,13,5,3830,1110,Soccer Ball,Sports
791,792,47,VIDEO,297,2023-12-03,3,12,3493,1118,Ice Skates,Sports
792,793,9,VIDEO,121,2023-10-11,11,15,5250,1274,Climbing Rope,Sports
793,794,18,socialmedia,0,2025-05-12,3,12,201,9,Ice Skates,Sports
794,795,38,newsletter,86,2024-01-24,16,1,2141,578,Running Shoes,Sports
795,796,8,socialmedia,545,2023-04-28,15,11,3724,1533,Ski Boots,Sports
796,797,34,blog,3,2025-05-28,17,2,1811,149,Fitness Tracker,Sports
797,798,3,video,11,2024-07-07,4,8,689,97,Football Helmet,Sports
798,799,18,blog,17,2024-06-16,9,10,879,84,Golf Clubs,Sports
799,800,39,newsletter,202,2024-02-17,13,18,4156,1216,Volleyball,Sports
800,801,36,Socialmedia,88,2024-01-11,16,16,3646,648,Kayak,Sports
801,802,6,Newsletter,1284,2023-04-15,5,5,8452,3664,Soccer Ball,Sports
802,803,42,Video,10,2024-09-23,14,7,1107,95,Basketball,Sports
803,804,13,NEWSLETTER,428,2023-09-12,3,9,5571,1359,Baseball Glove,Sports
804,805,10,SOCIALMEDIA,0,2025-12-20,17,9,1886.0,229.0,Baseball Glove,Sports
805,806,35,SOCIALMEDIA,6,2025-05-31,9,1,1801,66,Running Shoes,Sports
806,807,29,NEWSLETTER,0,2025-10-06,7,7,606,24,Basketball,Sports
807,808,37,Blog,58,2025-01-08,6,2,3083,446,Fitness Tracker,Sports
808,809,2,Socialmedia,151,2023-10-05,3,13,5275,516,Swim Goggles,Sports
809,810,16,Blog,425,2023-06-16,10,12,6547,1222,Ice Skates,Sports
810,811,41,socialmedia,1,2025-03-16,12,2,205,14,Fitness Tracker,Sports
811,812,22,Newsletter,12,2025-03-19,17,7,1980,115,Basketball,Sports
812,813,43,Blog,8,2023-06-13,10,3,195,78,Yoga Mat,Sports
813,814,7,socialmedia,4,2025-06-29,8,18,757,60,Volleyball,Sports
814,815,2,VIDEO,627,2023-02-12,12,19,7679,2681,Hockey Stick,Sports
815,816,29,NEWSLETTER,7,2025-06-28,12,19,1405,87,Hockey Stick,Sports
816,817,48,NEWSLETTER,83,2024-06-10,9,20,3147,565,Boxing Gloves,Sports
817,818,13,Newsletter,0,2025-10-17,5,12,517,14,Ice Skates,Sports
818,819,23,VIDEO,200,2023-03-01,14,18,5386,732,Volleyball,Sports
819,820,14,Socialmedia,0,2025-10-15,19,10,640,23,Golf Clubs,Sports
820,821,31,Blog,2,2025-06-25,4,5,1236,75,Soccer Ball,Sports
821,822,7,Video,352,2023-05-05,16,6,6044,799,Tennis Racket,Sports
822,823,8,Socialmedia,7,2025-01-22,2,14,1326,68,Cycling Helmet,Sports
823,824,11,socialmedia,22,2024-09-10,13,10,3622,164,Golf Clubs,Sports
824,825,28,Video,3,2025-05-30,13,14,950,36,Cycling Helmet,Sports
825,826,11,socialmedia,52,2024-02-16,13,13,1843,179,Swim Goggles,Sports
826,827,42,socialmedia,0,2025-02-19,19,13,84,8,Swim Goggles,Sports
827,828,12,Video,618,2023-02-05,14,11,3950,1667,Ski Boots,Sports
828,829,46,Video,0,2025-11-28,2,11,307,14,Ski Boots,Sports
829,830,44,blog,151,2024-01-15,17,4,2716,574,Dumbbells,Sports
830,831,41,blog,0,2025-08-28,11,4,141,1,Dumbbells,Sports
831,832,31,video,13,2024-12-19,7,2,2637,130,Fitness Tracker,Sports
832,833,13,NEWSLETTER,680,2023-10-04,14,10,6635,2138,Golf Clubs,Sports
833,834,17,Newsletter,36,2024-02-21,20,6,2170,301,Tennis Racket,Sports
834,835,16,Video,135,2023-04-30,10,13,4425,1152,Swim Goggles,Sports
835,836,1,blog,1,2025-08-29,14,17,837,45,Surfboard,Sports
836,837,48,SOCIALMEDIA,5,2025-01-10,4,14,978,88,Cycling Helmet,Sports
837,838,21,video,124,2024-06-27,9,18,4640,886,Volleyball,Sports
838,839,30,Newsletter,36,2023-02-16,10,19,748,320,Hockey Stick,Sports
839,840,30,Socialmedia,4,2024-12-10,9,1,530,58,Running Shoes,Sports
840,841,37,Blog,10,2024-11-20,8,20,1733,92,Boxing Gloves,Sports
841,842,46,blog,200,2024-04-29,18,6,4712,1159,Tennis Racket,Sports
842,843,44,newsletter,48,2024-08-02,19,3,3795,620,Yoga Mat,Sports
843,844,11,Blog,320,2023-03-07,16,15,4545,1015,Climbing Rope,Sports
844,845,42,Blog,52,2024-05-13,9,2,1933,482,Fitness Tracker,Sports
845,846,38,Socialmedia,1061,2023-01-24,2,17,8643,2912,Surfboard,Sports
846,847,7,Socialmedia,0,2025-12-15,11,20,281,8,Boxing Gloves,Sports
847,848,36,Video,180,2023-11-01,19,19,6569,1074,Hockey Stick,Sports
848,849,11,video,42,2024-01-26,19,9,2281,520,Baseball Glove,Sports
849,850,33,Newsletter,54,2024-06-17,19,17,4252,777,Surfboard,Sports
850,851,9,VIDEO,0,2025-10-27,9,1,960,22,Running Shoes,Sports
851,852,36,blog,95,2023-04-08,15,3,992,319,Yoga Mat,Sports
852,853,4,video,7,2025-03-16,17,18,918,99,Volleyball,Sports
853,854,15,blog,6,2025-01-17,3,5,2712,193,Soccer Ball,Sports
854,855,10,Socialmedia,2,2024-05-15,15,12,308,35,Ice Skates,Sports
855,856,39,BLOG,32,2024-11-19,16,15,1028,173,Climbing Rope,Sports
856,857,37,Newsletter,102,2024-08-16,14,18,2485,546,Volleyball,Sports
857,858,20,Video,0,2025-12-27,8,2,308,13,Fitness Tracker,Sports
858,859,39,Newsletter,1,2025-07-25,8,4,895,31,Dumbbells,Sports
859,860,28,VIDEO,9,2025-02-27,3,6,719,72,Tennis Racket,Sports
860,861,11,Video,0,2025-09-25,20,17,765,37,Surfboard,Sports
861,862,4,Video,66,2024-10-16,4,10,3767,484,Golf Clubs,Sports
862,863,6,Video,0,2025-09-15,19,15,234,6,Climbing Rope,Sports
863,864,15,blog,57,2023-12-18,4,3,2400,419,Yoga Mat,Sports
864,865,25,socialmedia,44,2024-06-13,17,17,1196,220,Surfboard,Sports
865,866,33,newsletter,61,2023-11-04,2,10,2719,291,Golf Clubs,Sports
866,867,25,Video,10,2025-02-24,14,8,1504,130,Football Helmet,Sports
867,868,43,newsletter,80,2024-06-15,2,6,2110,422,Tennis Racket,Sports
868,869,40,Socialmedia,2,2025-02-07,11,15,140,19,Climbing Rope,Sports
869,870,27,SOCIALMEDIA,135,2023-04-12,13,18,4620,591,Volleyball,Sports
870,871,37,blog,131,2024-03-03,11,10,6038,1012,Golf Clubs,Sports
871,872,11,blog,23,2024-08-03,1,19,3159,270,Hockey Stick,Sports
872,873,40,SOCIALMEDIA,23,2024-04-20,7,18,955,96,Volleyball,Sports
873,874,3,Blog,8,2025-02-07,18,19,863,68,Hockey Stick,Sports
874,875,48,SOCIALMEDIA,58,2024-09-02,3,15,2304,400,Climbing Rope,Sports
875,876,24,newsletter,321,2023-02-24,2,13,2016,693,Swim Goggles,Sports
876,877,22,Video,48,2024-03-12,18,7,4090,345,Basketball,Sports
877,878,24,socialmedia,184,2023-05-31,17,12,8344,1381,Ice Skates,Sports
878,879,8,Newsletter,25,2024-11-03,15,9,1683,279,Baseball Glove,Sports
879,880,24,VIDEO,202,2023-03-24,4,17,1902,654,Surfboard,Sports
880,881,1,Newsletter,38,2024-02-26,15,18,4278,608,Volleyball,Sports
881,882,45,Newsletter,1,2025-04-03,12,3,578,31,Yoga Mat,Sports
882,883,11,newsletter,8,2025-05-01,4,8,2093,117,Football Helmet,Sports
883,884,12,newsletter,0,2025-08-10,12,3,1281,47,Yoga Mat,Sports
884,885,24,NEWSLETTER,15,2025-03-03,4,10,941,123,Golf Clubs,Sports
885,886,15,SOCIALMEDIA,12,2024-08-21,12,3,681,142,Yoga Mat,Sports
886,887,41,Socialmedia,0,2025-09-21,13,5,687,22,Soccer Ball,Sports
887,888,35,Socialmedia,732,2023-11-16,13,8,6035,2101,Football Helmet,Sports
888,889,39,blog,305,2023-05-03,9,1,3280,1379,Running Shoes,Sports
889,890,29,SOCIALMEDIA,50,2024-04-23,3,6,2590,198,Tennis Racket,Sports
890,891,15,blog,167,2023-05-13,13,10,6196,821,Golf Clubs,Sports
891,892,34,NEWSLETTER,399,2023-11-06,8,4,6595,1190,Dumbbells,Sports
892,893,36,BLOG,329,2023-02-02,9,7,8283,892,Basketball,Sports
893,894,37,SOCIALMEDIA,0,2025-11-12,15,6,254,10,Tennis Racket,Sports
894,895,1,Blog,96,2024-08-11,20,15,2703,557,Climbing Rope,Sports
895,896,47,socialmedia,135,2024-05-06,13,17,3544,642,Surfboard,Sports
896,897,36,Socialmedia,305,2023-12-29,9,3,5263,933,Yoga Mat,Sports
897,898,38,blog,0,2025-11-18,3,3,564,10,Yoga Mat,Sports
898,899,40,Newsletter,86,2023-11-08,18,7,2914,494,Basketball,Sports
899,900,49,Blog,17,2024-01-11,11,5,322,84,Soccer Ball,Sports
900,901,6,blog,0,2025-09-25,12,4,141,5,Dumbbells,Sports
901,902,49,VIDEO,68,2024-06-05,2,5,5029,963,Soccer Ball,Sports
902,903,26,Blog,201,2023-12-28,5,12,4229,723,Ice Skates,Sports
903,904,41,blog,106,2023-05-09,4,2,2080,324,Fitness Tracker,Sports
904,905,34,newsletter,176,2023-11-06,19,17,5868,1608,Surfboard,Sports
905,906,15,VIDEO,32,2023-11-03,12,19,1438,114,Hockey Stick,Sports
906,907,19,NEWSLETTER,161,2023-09-20,16,7,3296,632,Basketball,Sports
907,908,41,Newsletter,4,2025-02-14,11,13,1649,51,Swim Goggles,Sports
908,909,40,Blog,0,2025-08-20,6,7,228,13,Basketball,Sports
909,910,19,VIDEO,474,2023-06-09,8,11,4025,1169,Ski Boots,Sports
910,911,32,socialmedia,121,2023-06-30,18,3,3103,995,Yoga Mat,Sports
911,912,40,socialmedia,12,2024-10-16,5,16,1936,281,Kayak,Sports
912,913,32,NEWSLETTER,0,2024-11-05,5,3,361,14,Yoga Mat,Sports
913,914,18,VIDEO,1,2025-05-06,14,2,740,27,Fitness Tracker,Sports
914,915,13,Socialmedia,90,2023-09-25,7,6,6047,474,Tennis Racket,Sports
915,916,31,newsletter,631,2023-06-13,19,9,7415,2789,Baseball Glove,Sports
916,917,40,Newsletter,5,2024-08-21,4,15,410,82,Climbing Rope,Sports
917,918,3,newsletter,26,2024-10-22,2,18,3062,552,Volleyball,Sports
918,919,38,Video,2,2025-07-05,20,2,786,31,Fitness Tracker,Sports
919,920,21,Video,3,2023-10-10,4,20,169,40,Boxing Gloves,Sports
920,921,19,Blog,95,2023-04-07,13,10,7044,821,Golf Clubs,Sports
921,922,7,Blog,145,2023-12-21,15,9,2566,455,Baseball Glove,Sports
922,923,12,Video,124,2024-08-09,19,12,2604,577,Ice Skates,Sports
923,924,36,blog,12,2023-04-18,1,18,313,104,Volleyball,Sports
924,925,4,blog,13,2024-12-15,6,19,1552,160,Hockey Stick,Sports
925,926,21,Blog,457,2023-04-17,9,15,6294,1411,Climbing Rope,Sports
926,927,32,blog,401,2024-01-12,10,15,4699,1447,Climbing Rope,Sports
927,928,9,SOCIALMEDIA,8,2025-04-04,13,6,2342,144,Tennis Racket,Sports
928,929,33,VIDEO,8,2024-07-10,17,2,375,91,Fitness Tracker,Sports
929,930,36,Blog,12,2024-08-19,19,7,1431,274,Basketball,Sports
930,931,42,Video,0,2025-10-22,14,4,817,18,Dumbbells,Sports
931,932,24,blog,3,2025-07-26,8,5,1248,81,Soccer Ball,Sports
932,933,39,Newsletter,227,2023-09-26,18,8,4420,747,Football Helmet,Sports
933,934,37,Blog,595,2023-02-01,17,3,5428,1692,Yoga Mat,Sports
934,935,9,Blog,53,2024-08-05,5,13,1645,382,Swim Goggles,Sports
935,936,43,Video,0,2025-06-09,1,4,26,2,Dumbbells,Sports
936,937,27,socialmedia,373,2023-02-14,8,16,8400,1142,Kayak,Sports
937,938,27,Newsletter,145,2024-01-18,1,6,2835,879,Tennis Racket,Sports
938,939,12,SOCIALMEDIA,196,2024-01-06,9,16,4662,1142,Kayak,Sports
939,940,22,Newsletter,225,2023-03-08,7,8,4670,1542,Football Helmet,Sports
940,941,30,Socialmedia,16,2024-10-16,9,5,1085,141,Soccer Ball,Sports
941,942,20,Video,1,2024-10-17,16,2,192,21,Fitness Tracker,Sports
942,943,21,newsletter,640,2023-06-20,20,18,5645,1532,Volleyball,Sports
943,944,10,VIDEO,0,2025-11-05,17,8,546,26,Football Helmet,Sports
944,945,13,Video,131,2024-07-06,12,5,4537,841,Soccer Ball,Sports
945,946,23,NEWSLETTER,992,2023-06-09,7,7,7093,2430,Basketball,Sports
946,947,4,blog,8,2025-06-04,20,7,1470,118,Basketball,Sports
947,948,13,blog,81,2024-07-07,6,15,2227,333,Climbing Rope,Sports
948,949,16,video,94,2024-06-18,6,6,4359,569,Tennis Racket,Sports
949,950,4,SOCIALMEDIA,71,2024-05-01,16,15,4287,1059,Climbing Rope,Sports
950,951,27,newsletter,30,2023-08-11,17,13,965,135,Swim Goggles,Sports
951,952,38,VIDEO,9,2025-04-01,8,5,2318,250,Soccer Ball,Sports
952,953,49,Socialmedia,4,2024-11-24,14,3,169,24,Yoga Mat,Sports
953,954,29,blog,36,2024-08-05,15,6,2562,321,Tennis Racket,Sports
954,955,18,socialmedia,51,2024-01-20,5,4,2269,648,Dumbbells,Sports
955,956,6,VIDEO,15,2024-11-06,19,15,2885,325,Climbing Rope,Sports
956,957,26,video,7,2025-01-07,11,1,752,97,Running Shoes,Sports
957,958,3,Blog,89,2023-03-30,14,8,4626,525,Football Helmet,Sports
958,959,2,video,6,2023-08-27,1,17,640,78,Surfboard,Sports
959,960,30,Blog,132,2023-07-14,17,9,7823,1177,Baseball Glove,Sports
960,961,30,socialmedia,0,2025-09-05,6,17,359,16,Surfboard,Sports
961,962,32,newsletter,16,2024-08-25,19,17,1331,105,Surfboard,Sports
962,963,1,Blog,238,2024-01-13,7,7,4258,823,Basketball,Sports
963,964,20,Video,1,2025-06-05,16,6,1377,48,Tennis Racket,Sports
964,965,15,socialmedia,94,2023-10-20,19,18,3126,839,Volleyball,Sports
965,966,24,video,4,2025-03-22,4,2,625,53,Fitness Tracker,Sports
966,967,17,NEWSLETTER,193,2023-05-12,10,14,5935,1766,Cycling Helmet,Sports
967,968,44,video,436,2023-08-14,16,15,7410,1585,Climbing Rope,Sports
968,969,49,socialmedia,3,2025-05-10,12,4,1283,37,Dumbbells,Sports
969,970,39,Socialmedia,43,2023-12-25,18,8,791,135,Football Helmet,Sports
970,971,39,Newsletter,42,2023-12-18,5,12,5972,558,Ice Skates,Sports
971,972,16,VIDEO,1,2025-09-07,13,2,896,42,Fitness Tracker,Sports
972,973,12,video,23,2024-08-04,15,9,972,212,Baseball Glove,Sports
973,974,4,newsletter,1,2025-08-19,20,17,1050,52,Surfboard,Sports
974,975,35,video,3,2025-03-21,3,9,909,61,Baseball Glove,Sports
975,976,2,Socialmedia,703,2023-09-26,13,17,6759,1938,Surfboard,Sports
976,977,30,Blog,644,2023-04-26,18,4,6064,1791,Dumbbells,Sports
977,978,26,video,61,2024-07-13,14,2,1871,293,Fitness Tracker,Sports
978,979,19,Socialmedia,179,2023-10-25,19,15,3775,575,Climbing Rope,Sports
979,980,29,SOCIALMEDIA,169,2023-10-16,20,18,2780,579,Volleyball,Sports
980,981,42,NEWSLETTER,14,2025-02-22,7,5,1584,164,Soccer Ball,Sports
981,982,16,video,49,2024-09-01,5,18,2021,335,Volleyball,Sports
982,983,14,Blog,17,2024-06-24,9,14,1299,159,Cycling Helmet,Sports
983,984,35,Blog,28,2023-02-16,5,3,611,81,Yoga Mat,Sports
984,985,50,Newsletter,162,2023-04-03,10,17,6231,1065,Surfboard,Sports
985,986,49,video,42,2024-10-04,18,6,4084,325,Tennis Racket,Sports
986,987,5,blog,4,2025-06-21,4,19,1441,97,Hockey Stick,Sports
987,988,24,VIDEO,82,2023-04-12,20,12,2786,346,Ice Skates,Sports
988,989,23,newsletter,0,2025-02-16,4,15,149,12,Climbing Rope,Sports
989,990,45,NEWSLETTER,794,2023-06-18,19,1,7583,2622,Running Shoes,Sports
990,991,17,BLOG,0,2025-04-06,13,11,57,5,Ski Boots,Sports
991,992,12,Blog,0,2025-07-24,12,19,337,7,Hockey Stick,Sports
992,993,34,NEWSLETTER,2,2025-06-14,14,14,1652,91,Cycling Helmet,Sports
993,994,36,SOCIALMEDIA,36,2024-10-25,20,9,2487,333,Baseball Glove,Sports
994,995,22,newsletter,90,2023-05-28,10,18,717,243,Volleyball,Sports
995,996,47,Socialmedia,146,2024-03-22,4,12,5378,556,Ice Skates,Sports
996,997,17,Socialmedia,22,2025-02-14,11,2,2050,207,Fitness Tracker,Sports
997,998,2,Blog,8,2025-04-16,7,11,1266,116,Ski Boots,Sports
998,999,41,Blog,12,2025-03-03,10,5,1618,146,Soccer Ball,Sports
999,1000,49,Blog,0,2025-12-31,7,16,189,3,Kayak,Sports
1000,1001,42,BLOG,52,2023-02-03,2,17,1590,437,Surfboard,Sports
1001,1002,39,SOCIALMEDIA,128,2023-07-22,4,5,1173,367,Soccer Ball,Sports
1002,1003,8,blog,4,2024-08-13,4,3,293,54,Yoga Mat,Sports
1003,1004,10,newsletter,93,2023-03-20,14,2,698,255,Fitness Tracker,Sports
1004,1005,21,Newsletter,163,2024-01-05,13,4,2727,682,Dumbbells,Sports
1005,1006,50,socialmedia,1,2025-09-29,2,15,677,32,Climbing Rope,Sports
1006,1007,20,BLOG,91,2024-06-27,7,20,4419,676,Boxing Gloves,Sports
1007,1008,46,Newsletter,0,2025-12-09,19,5,181,3,Soccer Ball,Sports
1008,1009,32,Socialmedia,942,2023-03-28,3,17,8443,2197,Surfboard,Sports
1009,1010,35,SOCIALMEDIA,26,2024-11-04,8,18,1953,147,Volleyball,Sports
1010,1011,9,Blog,82,2024-08-22,13,18,3860,491,Volleyball,Sports
1011,1012,10,Blog,73,2023-10-12,1,6,1599,526,Tennis Racket,Sports
1012,1013,29,NEWSLETTER,12,2025-03-13,19,13,986,129,Swim Goggles,Sports
1013,1014,48,Socialmedia,41,2024-07-23,7,6,1222,213,Tennis Racket,Sports
1014,1015,36,socialmedia,225,2023-02-17,14,9,2396,578,Baseball Glove,Sports
1015,1016,50,SOCIALMEDIA,60,2024-07-07,13,8,2595,254,Football Helmet,Sports
1016,1017,8,Newsletter,16,2025-02-21,1,3,2798,184,Yoga Mat,Sports
1017,1018,46,Video,0,2025-12-24,15,15,659,13,Climbing Rope,Sports
1018,1019,12,Blog,254,2024-03-04,7,19,4207,916,Hockey Stick,Sports
1019,1020,11,video,353,2023-01-16,7,4,2645,960,Dumbbells,Sports
1020,1021,18,socialmedia,101,2023-11-09,18,17,3746,591,Surfboard,Sports
1021,1022,28,NEWSLETTER,33,2025-02-26,11,11,2548,266,Ski Boots,Sports
1022,1023,27,Blog,1,2025-04-16,9,7,515,17,Basketball,Sports
1023,1024,38,Video,25,2025-02-07,14,4,2096,175,Dumbbells,Sports
1024,1025,4,Newsletter,6,2025-07-01,7,12,1309,84,Ice Skates,Sports
1025,1026,6,Socialmedia,38,2024-10-17,15,10,3202,604,Golf Clubs,Sports
1026,1027,14,Video,79,2024-09-30,1,15,4142,685,Climbing Rope,Sports
1027,1028,39,Blog,231,2023-03-07,15,16,3132,955,Kayak,Sports
1028,1029,8,SOCIALMEDIA,1,2025-07-28,13,18,349,20,Volleyball,Sports
1029,1030,50,video,24,2024-10-23,14,17,1890,140,Surfboard,Sports
1030,1031,44,newsletter,18,2024-09-22,2,5,1031,142,Soccer Ball,Sports
1031,1032,11,socialmedia,30,2024-12-24,4,8,1220,180,Football Helmet,Sports
1032,1033,46,Blog,1,2025-12-26,11,19,928,38,Hockey Stick,Sports
1033,1034,33,Video,6,2025-04-02,14,14,760,68,Cycling Helmet,Sports
1034,1035,11,Video,19,2024-11-03,5,9,1078,131,Baseball Glove,Sports
1035,1036,36,Newsletter,456,2023-05-07,7,18,6889,1293,Volleyball,Sports
1036,1037,26,VIDEO,40,2024-02-22,20,13,1957,462,Swim Goggles,Sports
1037,1038,3,video,1,2025-04-01,20,13,539,27,Swim Goggles,Sports
1038,1039,27,Newsletter,0,2025-12-16,18,2,488,14,Fitness Tracker,Sports
1039,1040,47,Blog,445,2023-04-02,11,1,6110,2554,Running Shoes,Sports
1040,1041,24,socialmedia,7,2023-11-04,15,10,290,25,Golf Clubs,Sports
1041,1042,23,SOCIALMEDIA,44,2024-09-09,2,9,2263,218,Baseball Glove,Sports
1042,1043,20,newsletter,36,2024-06-02,14,1,3609,232,Running Shoes,Sports
1043,1044,32,NEWSLETTER,24,2024-11-26,11,17,2119,341,Surfboard,Sports
1044,1045,46,video,1131,2023-01-22,14,18,6813,2875,Volleyball,Sports
1045,1046,50,Blog,99,2024-06-03,11,2,4931,990,Fitness Tracker,Sports
1046,1047,41,newsletter,4,2025-04-21,18,15,577,36,Climbing Rope,Sports
1047,1048,9,Video,0,2025-12-07,19,16,557,7,Kayak,Sports
1048,1049,27,Video,149,2023-12-23,20,13,2306,521,Swim Goggles,Sports
1049,1050,3,Video,0,2025-10-05,15,8,488,8,Football Helmet,Sports
1050,1051,16,socialmedia,99,2024-07-26,5,4,2387,418,Dumbbells,Sports
1051,1052,15,Blog,234,2023-11-23,13,17,4707,812,Surfboard,Sports
1052,1053,44,Socialmedia,0,2025-09-11,14,3,103,2,Yoga Mat,Sports
1053,1054,15,socialmedia,299,2023-04-17,15,13,8559,1957,Swim Goggles,Sports
1054,1055,36,newsletter,0,2025-11-15,4,18,769,25,Volleyball,Sports
1055,1056,41,video,0,2025-10-08,9,5,656,9,Soccer Ball,Sports
1056,1057,13,blog,192,2024-05-30,12,16,3651,903,Kayak,Sports
1057,1058,6,socialmedia,106,2024-08-22,6,19,3368,588,Hockey Stick,Sports
1058,1059,12,Blog,458,2023-06-23,2,19,7648,1110,Hockey Stick,Sports
1059,1060,1,Socialmedia,10,2024-03-29,11,3,2230,136,Yoga Mat,Sports
1060,1061,23,NEWSLETTER,51,2024-01-28,11,18,719,175,Volleyball,Sports
1061,1062,50,Video,514,2023-05-04,15,8,4203,1378,Football Helmet,Sports
1062,1063,6,Blog,260,2023-01-10,12,6,4761,1039,Tennis Racket,Sports
1063,1064,30,Video,7,2024-11-17,12,20,1705,153,Boxing Gloves,Sports
1064,1065,42,VIDEO,92,2023-10-17,8,4,2219,684,Dumbbells,Sports
1065,1066,6,SOCIALMEDIA,140,2023-10-08,13,15,4153,783,Climbing Rope,Sports
1066,1067,11,VIDEO,0,2025-08-27,7,7,795,22,Basketball,Sports
1067,1068,18,BLOG,0,2025-08-19,17,14,345,6,Cycling Helmet,Sports
1068,1069,15,SOCIALMEDIA,0,2025-11-17,1,7,939,23,Basketball,Sports
1069,1070,33,NEWSLETTER,81,2024-09-09,12,1,3852,432,Running Shoes,Sports
1070,1071,45,Blog,62,2024-05-27,7,4,2275,348,Dumbbells,Sports
1071,1072,7,BLOG,383,2023-02-26,18,8,4927,1761,Football Helmet,Sports
1072,1073,9,newsletter,80,2023-10-28,12,7,2822,221,Basketball,Sports
1073,1074,26,Socialmedia,13,2024-09-16,11,2,2016,119,Fitness Tracker,Sports
1074,1075,37,Newsletter,22,2023-12-28,9,6,1678,199,Tennis Racket,Sports
1075,1076,36,SOCIALMEDIA,15,2024-06-20,11,2,906,109,Fitness Tracker,Sports
1076,1077,44,newsletter,340,2023-07-27,3,3,7789,1398,Yoga Mat,Sports
1077,1078,16,blog,0,2025-11-10,19,15,605,15,Climbing Rope,Sports
1078,1079,44,VIDEO,3,2025-01-20,2,15,457,35,Climbing Rope,Sports
1079,1080,46,socialmedia,188,2023-06-21,18,10,6786,1710,Golf Clubs,Sports
1080,1081,25,Video,371,2023-02-08,15,5,4970,869,Soccer Ball,Sports
1081,1082,7,BLOG,25,2024-09-18,5,3,954,178,Yoga Mat,Sports
1082,1083,4,Newsletter,39,2024-05-11,6,3,826,218,Yoga Mat,Sports
1083,1084,33,blog,250,2023-07-31,16,6,4052,920,Tennis Racket,Sports
1084,1085,25,video,2,2025-07-21,7,20,894,43,Boxing Gloves,Sports
1085,1086,4,Blog,50,2024-05-05,9,19,4515,331,Hockey Stick,Sports
1086,1087,42,Blog,1050,2023-04-20,15,18,8672,3480,Volleyball,Sports
1087,1088,1,BLOG,2,2025-07-14,1,15,1140,53,Climbing Rope,Sports
1088,1089,25,VIDEO,95,2024-08-15,12,14,4569,727,Cycling Helmet,Sports
1089,1090,50,blog,406,2023-06-13,14,20,7412,1450,Boxing Gloves,Sports
1090,1091,29,blog,44,2023-10-22,9,12,1292,198,Ice Skates,Sports
1091,1092,44,Newsletter,0,2025-12-13,15,4,254,12,Dumbbells,Sports
1092,1093,46,Newsletter,1,2025-04-28,8,5,1482,48,Soccer Ball,Sports
1093,1094,24,Newsletter,151,2023-07-23,19,20,5018,1011,Boxing Gloves,Sports
1094,1095,16,Video,568,2023-09-14,9,17,5586,1952,Surfboard,Sports
1095,1096,11,SOCIALMEDIA,585,2023-03-09,8,7,7548,3005,Basketball,Sports
1096,1097,7,Video,1,2024-05-07,11,16,60,14,Kayak,Sports
1097,1098,31,blog,16,2024-08-25,16,17,978,150,Surfboard,Sports
1098,1099,28,Newsletter,0,2025-08-07,6,13,314,12,Swim Goggles,Sports
1099,1100,37,Socialmedia,0,2025-11-09,6,3,452,11,Yoga Mat,Sports
1100,1101,37,NEWSLETTER,117,2024-01-26,2,8,3862,1164,Football Helmet,Sports
1101,1102,41,blog,0,2025-09-24,16,12,625,17,Ice Skates,Sports
1102,1103,37,Blog,1,2025-06-27,6,18,1656,56,Volleyball,Sports
1103,1104,33,Video,85,2024-02-18,9,10,5628,537,Golf Clubs,Sports
1104,1105,35,blog,193,2023-05-30,20,7,3374,720,Basketball,Sports
1105,1106,22,video,1,2025-06-27,4,8,1390,56,Football Helmet,Sports
1106,1107,50,SOCIALMEDIA,66,2024-05-10,11,3,2997,364,Yoga Mat,Sports
1107,1108,3,NEWSLETTER,57,2024-07-13,9,12,4811,250,Ice Skates,Sports
1108,1109,42,Video,126,2024-05-21,2,7,2269,479,Basketball,Sports
1109,1110,19,blog,0,2025-09-23,2,6,497,17,Tennis Racket,Sports
1110,1111,14,NEWSLETTER,9,2024-12-22,1,8,1562,194,Football Helmet,Sports
1111,1112,30,newsletter,97,2024-01-22,13,16,3189,904,Kayak,Sports
1112,1113,7,Newsletter,0,2025-10-02,1,17,150,4,Surfboard,Sports
1113,1114,7,newsletter,64,2024-04-14,4,9,3121,378,Baseball Glove,Sports
1114,1115,29,blog,0,2025-10-12,14,15,465,18,Climbing Rope,Sports
1115,1116,22,Socialmedia,1261,2023-05-10,2,16,8688,3498,Kayak,Sports
1116,1117,21,SOCIALMEDIA,0,2025-07-24,10,5,425,25,Soccer Ball,Sports
1117,1118,3,Blog,262,2023-10-03,7,20,4734,933,Boxing Gloves,Sports
1118,1119,38,VIDEO,58,2024-09-30,7,10,3822,536,Golf Clubs,Sports
1119,1120,34,Blog,11,2025-05-07,15,5,1421,139,Soccer Ball,Sports
1120,1121,38,newsletter,262,2024-03-10,8,15,4963,928,Climbing Rope,Sports
1121,1122,35,Blog,25,2024-10-19,17,2,1972,334,Fitness Tracker,Sports
1122,1123,3,NEWSLETTER,0,2025-12-01,11,18,700,30,Volleyball,Sports
1123,1124,19,Blog,5,2025-03-30,3,5,1273,93,Soccer Ball,Sports
1124,1125,35,Video,14,2024-10-24,12,9,2496,107,Baseball Glove,Sports
1125,1126,15,video,706,2023-04-27,1,14,5502,2056,Cycling Helmet,Sports
1126,1127,16,Blog,0,2025-11-11,11,6,62,2,Tennis Racket,Sports
1127,1128,17,newsletter,506,2023-08-04,17,17,5109,1351,Surfboard,Sports
1128,1129,18,video,259,2023-04-10,4,8,6494,1798,Football Helmet,Sports
1129,1130,11,Newsletter,12,2024-08-09,4,2,480,60,Fitness Tracker,Sports
1130,1131,46,BLOG,60,2023-09-08,4,13,4722,590,Swim Goggles,Sports
1131,1132,42,video,5,2024-11-18,19,9,932,130,Baseball Glove,Sports
1132,1133,15,Socialmedia,21,2024-02-17,8,7,2030,198,Basketball,Sports
1133,1134,11,NEWSLETTER,6,2025-02-09,1,11,2597,137,Ski Boots,Sports
1134,1135,19,Socialmedia,1221,2023-02-18,11,18,7362,3069,Volleyball,Sports
1135,1136,41,video,120,2023-01-14,6,20,1022,265,Boxing Gloves,Sports
1136,1137,30,video,5,2025-03-27,18,3,2169,141,Yoga Mat,Sports
1137,1138,2,Blog,71,2023-01-25,10,5,1286,214,Soccer Ball,Sports
1138,1139,48,video,27,2024-01-10,19,17,1328,230,Surfboard,Sports
1139,1140,18,NEWSLETTER,9,2025-04-26,11,20,1222,137,Boxing Gloves,Sports
1140,1141,34,Blog,1,2025-03-11,20,13,290,16,Swim Goggles,Sports
1141,1142,37,Blog,134,2023-06-12,6,4,3523,904,Dumbbells,Sports
1142,1143,9,blog,44,2024-04-29,11,10,2860,731,Golf Clubs,Sports
1143,1144,15,BLOG,45,2024-09-11,9,2,1257,233,Fitness Tracker,Sports
1144,1145,44,VIDEO,0,2025-08-17,14,19,454,7,Hockey Stick,Sports
1145,1146,42,blog,10,2024-02-15,10,10,406,82,Golf Clubs,Sports
1146,1147,38,newsletter,4,2025-07-04,7,3,1182,76,Yoga Mat,Sports
1147,1148,8,Video,47,2023-08-15,2,9,872,148,Baseball Glove,Sports
1148,1149,22,Video,9,2025-02-22,17,5,2315,194,Soccer Ball,Sports
1149,1150,13,blog,34,2024-07-25,8,18,1973,440,Volleyball,Sports
1150,1151,44,Video,150,2024-03-09,13,18,4006,586,Volleyball,Sports
1151,1152,17,Video,0,2025-08-15,5,1,725,22,Running Shoes,Sports
1152,1153,19,Video,0,2025-08-18,17,4,194,10,Dumbbells,Sports
1153,1154,16,Socialmedia,63,2024-04-07,15,18,4413,420,Volleyball,Sports
1154,1155,40,VIDEO,26,2024-11-19,4,13,1170,166,Swim Goggles,Sports
1155,1156,26,Blog,129,2024-08-04,5,4,4591,872,Dumbbells,Sports
1156,1157,2,BLOG,8,2025-06-11,6,4,1508,104,Dumbbells,Sports
1157,1158,33,SOCIALMEDIA,134,2023-06-03,6,20,3508,610,Boxing Gloves,Sports
1158,1159,15,socialmedia,38,2023-02-23,12,13,1708,282,Swim Goggles,Sports
1159,1160,38,Socialmedia,38,2024-11-18,12,5,2315,238,Soccer Ball,Sports
1160,1161,44,socialmedia,4,2025-03-04,6,2,564,55,Fitness Tracker,Sports
1161,1162,40,Socialmedia,661,2023-04-07,3,5,7705,1923,Soccer Ball,Sports
1162,1163,27,Blog,46,2023-09-28,15,14,969,141,Cycling Helmet,Sports
1163,1164,15,Newsletter,248,2023-12-25,15,15,4842,988,Climbing Rope,Sports
1164,1165,27,NEWSLETTER,0,2025-11-24,6,6,508,10,Tennis Racket,Sports
1165,1166,6,Video,0,2025-10-15,3,11,512,18,Ski Boots,Sports
1166,1167,5,BLOG,14,2024-07-12,3,18,1793,91,Volleyball,Sports
1167,1168,2,video,70,2024-05-18,3,6,2452,459,Tennis Racket,Sports
1168,1169,41,Video,0,2025-11-19,18,1,128,1,Running Shoes,Sports
1169,1170,24,Blog,2,2025-02-07,6,20,808,73,Boxing Gloves,Sports
1170,1171,10,video,9,2025-06-13,8,9,1625,120,Baseball Glove,Sports
1171,1172,23,Video,15,2024-08-27,3,19,885,163,Hockey Stick,Sports
1172,1173,13,BLOG,80,2024-05-10,18,14,4615,930,Cycling Helmet,Sports
1173,1174,11,socialmedia,480,2023-02-20,3,5,5312,1684,Soccer Ball,Sports
1174,1175,20,SOCIALMEDIA,155,2024-05-20,10,14,3331,756,Cycling Helmet,Sports
1175,1176,47,blog,0,2025-11-09,17,14,27,0,Cycling Helmet,Sports
1176,1177,5,Socialmedia,0,2025-10-24,17,2,687,13,Fitness Tracker,Sports
1177,1178,39,Socialmedia,1,2025-07-23,1,12,567,21,Ice Skates,Sports
1178,1179,38,Newsletter,0,2025-12-26,11,10,366,6,Golf Clubs,Sports
1179,1180,45,Video,88,2024-04-11,1,19,1152,307,Hockey Stick,Sports
1180,1181,13,BLOG,19,2024-11-01,7,12,1677,202,Ice Skates,Sports
1181,1182,32,Blog,266,2023-12-01,20,15,5537,1868,Climbing Rope,Sports
1182,1183,48,Video,0,2025-12-23,6,13,540,23,Swim Goggles,Sports
1183,1184,6,video,34,2024-12-31,14,9,2425,368,Baseball Glove,Sports
1184,1185,25,newsletter,73,2023-03-03,10,15,4036,579,Climbing Rope,Sports
1185,1186,28,Newsletter,0,2025-12-04,7,6,897,17,Tennis Racket,Sports
1186,1187,50,Newsletter,21,2023-08-13,10,18,880,74,Volleyball,Sports
1187,1188,20,NEWSLETTER,85,2024-06-12,14,7,2044,457,Basketball,Sports
1188,1189,32,Blog,198,2023-02-02,4,15,9570,1373,Climbing Rope,Sports
1189,1190,30,Blog,0,2025-06-14,13,12,24,1,Ice Skates,Sports
1190,1191,33,video,1395,2023-01-09,4,18,8295,3174,Volleyball,Sports
1191,1192,13,video,0,2025-11-03,2,15,22,0,Climbing Rope,Sports
1192,1193,28,Socialmedia,172,2023-09-08,11,18,3593,862,Volleyball,Sports
1193,1194,17,socialmedia,3,2025-04-09,12,13,672,30,Swim Goggles,Sports
1194,1195,29,VIDEO,135,2023-09-14,20,7,4527,787,Basketball,Sports
1195,1196,3,Blog,0,2025-08-24,4,2,243,14,Fitness Tracker,Sports
1196,1197,25,VIDEO,1240,2023-02-20,5,9,8445,2783,Baseball Glove,Sports
1197,1198,12,NEWSLETTER,65,2024-07-13,7,20,3798,336,Boxing Gloves,Sports
1198,1199,34,newsletter,0,2025-12-29,13,15,742,18,Climbing Rope,Sports
1199,1200,36,Video,2,2025-04-10,19,15,504,45,Climbing Rope,Sports
1200,1201,40,SOCIALMEDIA,155,2023-04-13,20,1,4710,668,Running Shoes,Sports
1201,1202,34,VIDEO,116,2024-01-04,18,6,3421,406,Tennis Racket,Sports
1202,1203,28,Blog,0,2025-10-04,8,10,562,15,Golf Clubs,Sports
1203,1204,11,VIDEO,0,2025-09-16,1,8,926,32,Football Helmet,Sports
1204,1205,49,Socialmedia,0,2025-10-18,17,8,361,11,Football Helmet,Sports
1205,1206,26,SOCIALMEDIA,8,2023-12-25,5,20,233,59,Boxing Gloves,Sports
1206,1207,16,socialmedia,6,2025-02-13,2,19,2388,217,Hockey Stick,Sports
1207,1208,29,Socialmedia,15,2024-05-02,15,20,689,80,Boxing Gloves,Sports
1208,1209,22,video,92,2023-11-03,11,9,2015,364,Baseball Glove,Sports
1209,1210,4,Video,0,2025-08-07,3,8,247,10,Football Helmet,Sports
1210,1211,4,socialmedia,177,2023-09-20,9,20,3932,525,Boxing Gloves,Sports
1211,1212,19,blog,4,2023-12-07,10,16,84,14,Kayak,Sports
1212,1213,46,NEWSLETTER,11,2024-04-02,16,19,381,69,Hockey Stick,Sports
1213,1214,5,Video,106,2023-11-11,13,8,4875,1239,Football Helmet,Sports
1214,1215,16,video,32,2024-04-03,14,18,787,148,Volleyball,Sports
1215,1216,22,Newsletter,20,2024-01-21,14,7,1742,170,Basketball,Sports
1216,1217,39,newsletter,61,2024-07-11,3,16,1420,324,Kayak,Sports
1217,1218,21,VIDEO,779,2023-04-26,11,6,4840,1780,Tennis Racket,Sports
1218,1219,11,Video,0,2025-10-25,17,8,269,6,Football Helmet,Sports
1219,1220,38,VIDEO,42,2024-12-04,2,2,3170,478,Fitness Tracker,Sports
1220,1221,30,Socialmedia,76,2024-08-11,14,4,3298,524,Dumbbells,Sports
1221,1222,16,Newsletter,61,2024-12-11,5,4,3428,588,Dumbbells,Sports
1222,1223,2,NEWSLETTER,8,2024-06-30,16,5,539,38,Soccer Ball,Sports
1223,1224,24,video,166,2023-07-23,1,1,7066,1061,Running Shoes,Sports
1224,1225,48,Blog,205,2023-05-04,2,17,2307,720,Surfboard,Sports
1225,1226,50,video,0,2025-10-04,15,13,185,6,Swim Goggles,Sports
1226,1227,39,Newsletter,1,2025-01-04,16,16,447,37,Kayak,Sports
1227,1228,19,BLOG,213,2023-08-31,4,11,6768,846,Ski Boots,Sports
1228,1229,24,socialmedia,261,2023-08-05,7,2,4156,951,Fitness Tracker,Sports
1229,1230,38,BLOG,90,2023-06-21,7,1,6509,721,Running Shoes,Sports
1230,1231,48,Blog,0,2025-09-12,11,1,122,5,Running Shoes,Sports
1231,1232,3,SOCIALMEDIA,74,2023-11-11,9,15,3594,398,Climbing Rope,Sports
1232,1233,42,SOCIALMEDIA,11,2025-01-28,6,7,2810,167,Basketball,Sports
1233,1234,45,blog,0,2025-09-22,20,11,645,8,Ski Boots,Sports
1234,1235,25,Socialmedia,218,2023-04-13,20,1,3374,1521,Running Shoes,Sports
1235,1236,39,VIDEO,99,2023-09-19,15,8,3785,714,Football Helmet,Sports
1236,1237,32,BLOG,3,2025-03-04,2,7,306,28,Basketball,Sports
1237,1238,6,Socialmedia,187,2023-11-13,11,19,6483,668,Hockey Stick,Sports
1238,1239,46,newsletter,1220,2023-03-10,16,3,7400,3016,Yoga Mat,Sports
1239,1240,36,SOCIALMEDIA,1,2025-10-05,17,8,669,32,Football Helmet,Sports
1240,1241,26,BLOG,71,2023-10-01,12,2,2646,851,Fitness Tracker,Sports
1241,1242,12,blog,2,2025-06-10,9,8,538,31,Football Helmet,Sports
1242,1243,10,Socialmedia,137,2023-10-29,8,10,6361,951,Golf Clubs,Sports
1243,1244,43,BLOG,39,2024-09-14,6,15,4120,758,Climbing Rope,Sports
1244,1245,17,Socialmedia,48,2024-07-31,20,10,4064,367,Golf Clubs,Sports
1245,1246,27,VIDEO,0,2025-11-29,8,2,406,8,Fitness Tracker,Sports
1246,1247,41,SOCIALMEDIA,2,2023-12-19,15,5,75,20,Soccer Ball,Sports
1247,1248,36,Newsletter,511,2023-08-14,12,9,5340,1990,Baseball Glove,Sports
1248,1249,22,Newsletter,247,2023-10-22,15,18,4797,1033,Volleyball,Sports
1249,1250,6,SOCIALMEDIA,396,2023-09-08,1,7,4216,1453,Basketball,Sports
1250,1251,27,Blog,102,2023-03-14,20,17,4060,476,Surfboard,Sports
1251,1252,3,socialmedia,0,2025-11-17,18,12,327,15,Ice Skates,Sports
1252,1253,20,Video,7,2025-06-12,15,2,1594,96,Fitness Tracker,Sports
1253,1254,21,BLOG,22,2024-09-20,14,11,3450,411,Ski Boots,Sports
1254,1255,48,Blog,192,2023-12-29,19,4,5004,1271,Dumbbells,Sports
1255,1256,46,Blog,44,2023-11-20,3,1,781,173,Running Shoes,Sports
1256,1257,47,Newsletter,24,2024-12-22,10,10,3289,162,Golf Clubs,Sports
1257,1258,10,VIDEO,63,2024-09-05,12,14,3432,488,Cycling Helmet,Sports
1258,1259,16,blog,3,2025-02-24,15,8,1129,59,Football Helmet,Sports
1259,1260,2,socialmedia,5,2024-08-16,3,1,376,38,Running Shoes,Sports
1260,1261,39,blog,1314,2023-02-09,16,19,7167,3327,Hockey Stick,Sports
1261,1262,3,VIDEO,108,2023-07-18,18,5,1196,292,Soccer Ball,Sports
1262,1263,32,Video,19,2024-07-05,12,5,2343,277,Soccer Ball,Sports
1263,1264,43,Socialmedia,156,2023-08-14,9,7,7538,1603,Basketball,Sports
1264,1265,40,Blog,133,2023-01-15,12,15,4315,516,Climbing Rope,Sports
1265,1266,15,blog,230,2023-08-29,14,18,2739,969,Volleyball,Sports
1266,1267,49,Video,101,2023-05-21,17,16,1229,385,Kayak,Sports
1267,1268,40,video,41,2024-10-10,20,14,3428,262,Cycling Helmet,Sports
1268,1269,4,socialmedia,19,2025-02-02,7,6,2121,223,Tennis Racket,Sports
1269,1270,38,VIDEO,136,2024-07-20,13,1,3521,588,Running Shoes,Sports
1270,1271,38,newsletter,0,2025-06-27,12,14,304,14,Cycling Helmet,Sports
1271,1272,26,SOCIALMEDIA,329,2023-11-03,15,10,6346,1640,Golf Clubs,Sports
1272,1273,49,Newsletter,10,2024-12-08,15,13,1231,99,Swim Goggles,Sports
1273,1274,36,Socialmedia,2,2025-03-21,5,19,785,42,Hockey Stick,Sports
1274,1275,36,video,24,2023-08-23,13,3,596,100,Yoga Mat,Sports
1275,1276,29,newsletter,0,2025-11-30,11,5,243,11,Soccer Ball,Sports
1276,1277,13,blog,2,2025-05-09,12,16,2031,113,Kayak,Sports
1277,1278,33,Newsletter,18,2024-01-12,16,14,1802,236,Cycling Helmet,Sports
1278,1279,48,newsletter,137,2024-03-30,12,8,2838,553,Football Helmet,Sports
1279,1280,20,Video,145,2023-03-17,19,17,777,359,Surfboard,Sports
1280,1281,16,NEWSLETTER,8,2023-12-17,10,11,355,28,Ski Boots,Sports
1281,1282,44,VIDEO,0,2025-12-06,11,2,261,10,Fitness Tracker,Sports
1282,1283,19,Blog,33,2025-01-07,4,5,2098,269,Soccer Ball,Sports
1283,1284,45,VIDEO,310,2024-02-01,14,1,6107,1918,Running Shoes,Sports
1284,1285,5,Newsletter,1,2025-05-25,8,18,573,16,Volleyball,Sports
1285,1286,41,Newsletter,0,2025-08-06,3,19,793,15,Hockey Stick,Sports
1286,1287,46,blog,711,2023-06-08,11,11,7697,2001,Ski Boots,Sports
1287,1288,36,blog,0,2025-08-06,9,18,750,16,Volleyball,Sports
1288,1289,49,Newsletter,102,2023-12-08,4,9,6432,585,Baseball Glove,Sports
1289,1290,27,Socialmedia,9,2025-03-15,6,8,2102,264,Football Helmet,Sports
1290,1291,4,VIDEO,146,2023-02-07,13,20,6240,1012,Boxing Gloves,Sports
1291,1292,1,VIDEO,95,2024-04-30,1,7,5100,528,Basketball,Sports
1292,1293,39,video,0,2025-06-17,20,4,415,10,Dumbbells,Sports
1293,1294,15,Newsletter,62,2024-06-25,13,10,4464,1044,Golf Clubs,Sports
1294,1295,45,Newsletter,158,2024-02-03,3,15,6036,618,Climbing Rope,Sports
1295,1296,28,Blog,17,2024-12-17,8,15,1359,102,Climbing Rope,Sports
1296,1297,9,Newsletter,0,2025-12-13,12,20,836,20,Boxing Gloves,Sports
1297,1298,38,VIDEO,49,2024-02-08,1,7,3367,280,Basketball,Sports
1298,1299,2,blog,39,2024-02-20,16,8,2916,580,Football Helmet,Sports
1299,1300,12,newsletter,84,2023-03-15,10,10,888,230,Golf Clubs,Sports
1300,1301,47,socialmedia,65,2024-01-30,17,8,3555,444,Football Helmet,Sports
1301,1302,31,video,0,2025-08-20,14,5,324,16,Soccer Ball,Sports
1302,1303,3,Newsletter,90,2024-06-12,14,6,5143,603,Tennis Racket,Sports
1303,1304,47,socialmedia,192,2023-10-10,19,2,6299,1763,Fitness Tracker,Sports
1304,1305,13,video,22,2023-04-10,20,11,1000,119,Ski Boots,Sports
1305,1306,18,Socialmedia,6,2025-02-16,20,5,1500,109,Soccer Ball,Sports
1306,1307,28,newsletter,25,2024-02-02,17,20,570,160,Boxing Gloves,Sports
1307,1308,26,NEWSLETTER,33,2024-08-09,20,8,2880,519,Football Helmet,Sports
1308,1309,5,Socialmedia,0,2025-08-30,4,13,29,1,Swim Goggles,Sports
1309,1310,39,SOCIALMEDIA,19,2024-08-01,12,17,1071,108,Surfboard,Sports
1310,1311,2,blog,1,2023-12-21,3,12,96,26,Ice Skates,Sports
1311,1312,1,Blog,18,2024-09-16,17,3,988,104,Yoga Mat,Sports
1312,1313,18,Blog,8,2024-09-02,4,18,297,56,Volleyball,Sports
1313,1314,48,Socialmedia,0,2025-12-26,12,20,803,12,Boxing Gloves,Sports
1314,1315,15,video,0,2025-12-09,17,13,84,4,Swim Goggles,Sports
1315,1316,12,VIDEO,360,2023-05-08,9,1,6122,1217,Running Shoes,Sports
1316,1317,25,Socialmedia,44,2024-03-28,19,5,701,203,Soccer Ball,Sports
1317,1318,1,blog,263,2023-06-23,5,7,6963,1336,Basketball,Sports
1318,1319,12,Newsletter,15,2024-11-30,14,13,3459,341,Swim Goggles,Sports
1319,1320,46,video,10,2024-06-20,1,8,618,144,Football Helmet,Sports
1320,1321,16,BLOG,251,2023-01-10,1,11,5522,758,Ski Boots,Sports
1321,1322,39,BLOG,59,2023-09-07,6,1,3479,579,Running Shoes,Sports
1322,1323,50,Socialmedia,7,2024-09-15,12,11,701,115,Ski Boots,Sports
1323,1324,49,Video,370,2023-04-01,18,18,3407,1027,Volleyball,Sports
1324,1325,25,SOCIALMEDIA,0,2025-12-23,7,4,154,7,Dumbbells,Sports
1325,1326,44,Blog,289,2023-02-22,11,8,7168,1026,Football Helmet,Sports
1326,1327,44,SOCIALMEDIA,1,2025-06-10,6,6,1010,43,Tennis Racket,Sports
1327,1328,34,SOCIALMEDIA,1,2025-07-31,12,13,1200,60,Swim Goggles,Sports
1328,1329,23,video,114,2024-04-24,16,1,3112,763,Running Shoes,Sports
1329,1330,17,BLOG,1,2025-08-23,10,15,1041,48,Climbing Rope,Sports
1330,1331,28,Video,14,2024-05-19,16,6,585,151,Tennis Racket,Sports
1331,1332,43,Newsletter,93,2024-04-19,14,20,5626,431,Boxing Gloves,Sports
1332,1333,37,VIDEO,50,2025-01-11,15,6,2917,339,Tennis Racket,Sports
1333,1334,14,newsletter,0,2025-11-06,20,17,353,15,Surfboard,Sports
1334,1335,46,Blog,34,2025-03-10,4,5,2370,257,Soccer Ball,Sports
1335,1336,31,Blog,162,2024-05-05,2,15,5023,788,Climbing Rope,Sports
1336,1337,35,blog,36,2024-07-20,9,14,2519,171,Cycling Helmet,Sports
1337,1338,35,newsletter,36,2025-01-27,15,7,2763,254,Basketball,Sports
1338,1339,21,socialmedia,255,2023-11-12,9,18,2488,767,Volleyball,Sports
1339,1340,5,socialmedia,17,2024-12-14,2,16,2657,112,Kayak,Sports
1340,1341,45,NEWSLETTER,291,2023-06-22,17,4,8212,1563,Dumbbells,Sports
1341,1342,8,socialmedia,0,2025-10-08,15,12,642,7,Ice Skates,Sports
1342,1343,24,BLOG,105,2024-06-27,19,10,3326,453,Golf Clubs,Sports
1343,1344,15,socialmedia,216,2023-09-08,8,6,7037,2173,Tennis Racket,Sports
1344,1345,12,blog,7,2025-06-08,6,5,1432,119,Soccer Ball,Sports
1345,1346,3,Newsletter,3,2025-06-29,3,15,1263,74,Climbing Rope,Sports
1346,1347,19,video,5,2025-01-28,11,4,1037,133,Dumbbells,Sports
1347,1348,29,Socialmedia,267,2023-04-06,10,19,3893,1415,Hockey Stick,Sports
1348,1349,5,socialmedia,8,2024-11-18,16,9,530,78,Baseball Glove,Sports
1349,1350,33,Blog,0,2025-08-30,3,3,899,13,Yoga Mat,Sports
1350,1351,29,video,176,2023-11-11,7,20,6783,506,Boxing Gloves,Sports
1351,1352,38,NEWSLETTER,8,2025-01-29,5,7,554,72,Basketball,Sports
1352,1353,18,VIDEO,24,2024-12-14,4,11,3083,224,Ski Boots,Sports
1353,1354,43,SOCIALMEDIA,265,2023-04-08,9,13,4002,939,Swim Goggles,Sports
1354,1355,15,Blog,90,2024-05-07,20,11,4537,495,Ski Boots,Sports
1355,1356,46,VIDEO,1,2025-03-13,1,18,298,13,Volleyball,Sports
1356,1357,10,socialmedia,0,2025-10-05,19,17,561,17,Surfboard,Sports
1357,1358,7,VIDEO,1,2025-08-22,9,7,912,35,Basketball,Sports
1358,1359,12,video,216,2023-04-20,20,9,8618,865,Baseball Glove,Sports
1359,1360,22,blog,170,2024-01-27,4,19,5746,1768,Hockey Stick,Sports
1360,1361,13,Video,20,2024-07-11,1,7,3485,314,Basketball,Sports
1361,1362,20,Blog,77,2023-12-25,19,9,3658,574,Baseball Glove,Sports
1362,1363,22,NEWSLETTER,61,2024-05-22,13,9,2113,445,Baseball Glove,Sports
1363,1364,8,Video,401,2023-02-16,6,15,3483,1576,Climbing Rope,Sports
1364,1365,31,NEWSLETTER,0,2025-09-29,6,15,510,7,Climbing Rope,Sports
1365,1366,9,newsletter,83,2023-11-13,19,11,4019,394,Ski Boots,Sports
1366,1367,34,BLOG,1,2024-08-04,1,11,159,13,Ski Boots,Sports
1367,1368,16,NEWSLETTER,12,2025-01-24,14,20,2901,222,Boxing Gloves,Sports
1368,1369,45,SOCIALMEDIA,73,2024-06-20,14,16,2203,512,Kayak,Sports
1369,1370,27,video,153,2023-08-12,16,14,3746,409,Cycling Helmet,Sports
1370,1371,36,Newsletter,0,2025-10-17,12,1,413,11,Running Shoes,Sports
1371,1372,13,Blog,143,2023-03-06,17,4,6419,636,Dumbbells,Sports
1372,1373,32,socialmedia,8,2023-02-22,20,3,211,64,Yoga Mat,Sports
1373,1374,22,Socialmedia,0,2025-08-27,18,6,725,28,Tennis Racket,Sports
1374,1375,28,Socialmedia,9,2025-03-10,7,17,1644,99,Surfboard,Sports
1375,1376,38,Newsletter,96,2024-02-26,16,18,4573,622,Volleyball,Sports
1376,1377,38,SOCIALMEDIA,0,2025-09-18,2,16,69,1,Kayak,Sports
1377,1378,10,Newsletter,3,2024-11-18,19,8,615,73,Football Helmet,Sports
1378,1379,45,newsletter,23,2024-08-21,7,10,2101,234,Golf Clubs,Sports
1379,1380,5,SOCIALMEDIA,35,2024-02-20,15,3,1550,278,Yoga Mat,Sports
1380,1381,11,BLOG,85,2024-08-19,16,10,3184,602,Golf Clubs,Sports
1381,1382,50,NEWSLETTER,0,2025-09-10,13,18,545,14,Volleyball,Sports
1382,1383,25,newsletter,5,2025-04-12,16,18,2047,192,Volleyball,Sports
1383,1384,10,Newsletter,197,2023-04-28,19,18,8551,1148,Volleyball,Sports
1384,1385,27,video,2,2025-05-27,1,15,691,27,Climbing Rope,Sports
1385,1386,24,Video,0,2025-12-31,15,13,731,12,Swim Goggles,Sports
1386,1387,10,Socialmedia,8,2024-10-18,9,18,2099,94,Volleyball,Sports
1387,1388,38,newsletter,112,2024-01-29,9,8,3864,761,Football Helmet,Sports
1388,1389,31,Socialmedia,99,2024-02-21,16,6,6109,1102,Tennis Racket,Sports
1389,1390,10,Video,0,2025-12-04,12,18,64,1,Volleyball,Sports
1390,1391,18,blog,71,2024-09-12,14,1,3047,492,Running Shoes,Sports
1391,1392,28,blog,29,2024-12-02,3,16,1832,300,Kayak,Sports
1392,1393,28,Socialmedia,10,2025-01-18,20,13,3004,146,Swim Goggles,Sports
1393,1394,15,blog,3,2024-02-06,5,1,238,25,Running Shoes,Sports
1394,1395,9,Newsletter,13,2025-01-10,15,20,615,88,Boxing Gloves,Sports
1395,1396,6,video,81,2023-09-11,4,12,1341,245,Ice Skates,Sports
1396,1397,9,socialmedia,13,2025-03-27,1,17,1547,156,Surfboard,Sports
1397,1398,11,socialmedia,0,2025-08-26,12,3,409,15,Yoga Mat,Sports
1398,1399,45,Newsletter,362,2023-05-15,7,18,6377,1878,Volleyball,Sports
1399,1400,20,Video,102,2023-05-22,11,6,2175,401,Tennis Racket,Sports
1400,1401,9,Video,2,2025-06-04,3,13,689,37,Swim Goggles,Sports
1401,1402,1,socialmedia,113,2023-09-17,20,8,4459,389,Football Helmet,Sports
1402,1403,29,Newsletter,44,2024-10-25,3,10,2365,458,Golf Clubs,Sports
1403,1404,28,Blog,7,2025-01-03,19,20,1403,91,Boxing Gloves,Sports
1404,1405,12,video,76,2024-03-01,14,10,2658,555,Golf Clubs,Sports
1405,1406,5,SOCIALMEDIA,0,2025-11-04,19,9,269,4,Baseball Glove,Sports
1406,1407,17,video,4,2025-06-05,13,3,1008,58,Yoga Mat,Sports
1407,1408,50,Video,27,2024-07-20,15,16,999,144,Kayak,Sports
1408,1409,35,Socialmedia,160,2024-01-11,9,12,4142,965,Ice Skates,Sports
1409,1410,48,SOCIALMEDIA,6,2025-06-13,14,9,902,73,Baseball Glove,Sports
1410,1411,20,SOCIALMEDIA,454,2023-01-11,4,15,8348,1133,Climbing Rope,Sports
1411,1412,23,video,0,2025-12-24,11,4,824,10,Dumbbells,Sports
1412,1413,46,Socialmedia,74,2024-03-29,3,19,3591,465,Hockey Stick,Sports
1413,1414,27,VIDEO,238,2023-06-23,6,17,5570,1488,Surfboard,Sports
1414,1415,46,NEWSLETTER,37,2024-08-30,10,6,1710,315,Tennis Racket,Sports
1415,1416,20,newsletter,0,2025-12-29,16,12,433,4,Ice Skates,Sports
1416,1417,30,video,467,2023-07-05,11,8,4952,1314,Football Helmet,Sports
1417,1418,26,Video,19,2024-06-27,17,1,1424,302,Running Shoes,Sports
1418,1419,45,Newsletter,104,2024-04-19,16,19,3026,532,Hockey Stick,Sports
1419,1420,24,Blog,10,2025-01-27,9,13,1660,247,Swim Goggles,Sports
1420,1421,29,Video,1032,2023-04-08,13,11,8472,3036,Ski Boots,Sports
1421,1422,4,VIDEO,1977,2023-02-01,2,1,9399,4238,Running Shoes,Sports
1422,1423,20,Blog,0,2025-08-21,18,4,899,22,Dumbbells,Sports
1423,1424,14,SOCIALMEDIA,48,2024-09-14,17,6,1868,239,Tennis Racket,Sports
1424,1425,21,Video,5,2025-01-27,10,2,2016,117,Fitness Tracker,Sports
1425,1426,32,blog,16,2025-01-22,1,17,2280,232,Surfboard,Sports
1426,1427,2,newsletter,125,2023-09-02,19,18,4319,1168,Volleyball,Sports
1427,1428,43,Video,506,2023-03-13,8,17,5778,1846,Surfboard,Sports
1428,1429,4,Socialmedia,83,2024-09-01,9,1,4108,462,Running Shoes,Sports
1429,1430,33,VIDEO,19,2024-12-07,4,13,1649,131,Swim Goggles,Sports
1430,1431,20,Video,24,2024-12-27,2,16,2089,286,Kayak,Sports
1431,1432,8,Blog,5,2024-12-11,2,4,734,71,Dumbbells,Sports
1432,1433,24,Socialmedia,200,2023-07-27,14,19,3663,1371,Hockey Stick,Sports
1433,1434,20,Newsletter,4,2024-11-02,19,16,808,93,Kayak,Sports
1434,1435,43,BLOG,40,2024-06-09,5,19,5138,285,Hockey Stick,Sports
1435,1436,13,socialmedia,318,2023-08-02,11,20,3507,1283,Boxing Gloves,Sports
1436,1437,20,video,16,2023-09-07,16,14,947,205,Cycling Helmet,Sports
1437,1438,40,Video,262,2024-01-23,16,11,4649,1173,Ski Boots,Sports
1438,1439,39,VIDEO,1,2025-07-13,5,3,1040,19,Yoga Mat,Sports
1439,1440,16,Socialmedia,1,2025-11-23,13,4,869,41,Dumbbells,Sports
1440,1441,15,Socialmedia,48,2024-01-09,12,10,5919,550,Golf Clubs,Sports
1441,1442,17,Blog,0,2025-07-23,1,11,1049,30,Ski Boots,Sports
1442,1443,11,newsletter,360,2023-08-22,19,13,6111,1076,Swim Goggles,Sports
1443,1444,42,Newsletter,2,2025-03-20,11,16,426,24,Kayak,Sports
1444,1445,18,Blog,122,2023-12-17,17,12,4625,412,Ice Skates,Sports
1445,1446,44,NEWSLETTER,42,2023-11-27,15,6,4096,458,Tennis Racket,Sports
1446,1447,33,Newsletter,23,2023-08-27,11,2,563,171,Fitness Tracker,Sports
1447,1448,10,Blog,0,2025-10-15,19,16,282,8,Kayak,Sports
1448,1449,37,Socialmedia,12,2023-10-23,18,7,192,46,Basketball,Sports
1449,1450,8,socialmedia,85,2024-05-15,20,9,2183,319,Baseball Glove,Sports
1450,1451,16,video,1052,2023-01-16,14,19,5115,2329,Hockey Stick,Sports
1451,1452,13,blog,1,2025-02-03,6,7,215,16,Basketball,Sports
1452,1453,20,socialmedia,3,2025-04-07,1,12,1108,57,Ice Skates,Sports
1453,1454,5,socialmedia,1,2025-07-15,6,19,1261,96,Hockey Stick,Sports
1454,1455,17,Blog,429,2023-10-07,14,1,7064,1425,Running Shoes,Sports
1455,1456,8,VIDEO,1,2025-12-26,15,19,818,25,Hockey Stick,Sports
1456,1457,35,Video,283,2023-02-05,15,17,4168,905,Surfboard,Sports
1457,1458,8,VIDEO,0,2025-07-20,18,5,335,9,Soccer Ball,Sports
1458,1459,14,Blog,191,2023-09-23,6,18,3254,571,Volleyball,Sports
1459,1460,10,SOCIALMEDIA,0,2025-12-10,10,14,26,0,Cycling Helmet,Sports
1460,1461,23,Blog,0,2025-08-23,15,12,1104,14,Ice Skates,Sports
1461,1462,19,Blog,32,2023-10-31,19,3,321,97,Yoga Mat,Sports
1462,1463,14,newsletter,16,2023-12-15,19,2,1532,230,Fitness Tracker,Sports
1463,1464,45,Newsletter,300,2023-04-22,16,15,3926,1740,Climbing Rope,Sports
1464,1465,6,Video,8,2025-03-19,1,20,551,67,Boxing Gloves,Sports
1465,1466,14,Video,7,2024-06-08,11,11,409,89,Ski Boots,Sports
1466,1467,49,VIDEO,0,2025-08-06,1,6,375,13,Tennis Racket,Sports
1467,1468,26,video,1,2025-10-25,14,2,795,31,Fitness Tracker,Sports
1468,1469,34,Newsletter,106,2023-07-26,8,4,819,295,Dumbbells,Sports
1469,1470,47,socialmedia,55,2024-01-21,12,5,2482,188,Soccer Ball,Sports
1470,1471,10,Video,499,2023-04-09,5,16,8486,2343,Kayak,Sports
1471,1472,46,Socialmedia,608,2023-01-15,3,12,5369,2089,Ice Skates,Sports
1472,1473,49,Socialmedia,243,2023-01-31,10,5,5260,914,Soccer Ball,Sports
1473,1474,39,Socialmedia,371,2023-09-09,16,14,3869,1072,Cycling Helmet,Sports
1474,1475,27,Video,628,2023-03-27,7,7,5173,2073,Basketball,Sports
1475,1476,13,VIDEO,583,2023-01-24,17,12,5869,1582,Ice Skates,Sports
1476,1477,11,blog,2,2025-08-16,12,11,985,45,Ski Boots,Sports
1477,1478,33,blog,161,2023-04-23,2,8,1702,693,Football Helmet,Sports
1478,1479,35,video,13,2024-05-12,14,6,847,64,Tennis Racket,Sports
1479,1480,7,Blog,11,2024-12-14,17,14,1262,80,Cycling Helmet,Sports
1480,1481,18,NEWSLETTER,1,2024-07-17,4,7,284,14,Basketball,Sports
1481,1482,18,Newsletter,61,2023-07-04,20,6,764,168,Tennis Racket,Sports
1482,1483,28,VIDEO,179,2023-11-12,6,7,3039,653,Basketball,Sports
1483,1484,44,blog,2,2024-09-17,20,17,448,51,Surfboard,Sports
1484,1485,25,video,3,2025-04-11,7,3,1155,68,Yoga Mat,Sports
1485,1486,20,Newsletter,5,2025-03-08,9,15,973,94,Climbing Rope,Sports
1486,1487,16,Blog,145,2024-05-31,1,4,3941,575,Dumbbells,Sports
1487,1488,13,Blog,25,2025-01-26,4,7,2854,316,Basketball,Sports
1488,1489,41,Video,31,2024-12-05,12,5,1330,195,Soccer Ball,Sports
1489,1490,2,SOCIALMEDIA,7,2024-09-04,7,2,521,40,Fitness Tracker,Sports
1490,1491,17,SOCIALMEDIA,103,2023-09-08,10,3,2088,475,Yoga Mat,Sports
1491,1492,18,NEWSLETTER,51,2023-11-13,3,1,3409,543,Running Shoes,Sports
1492,1493,46,Blog,2,2025-05-08,9,6,666,66,Tennis Racket,Sports
1493,1494,18,Blog,17,2024-03-20,18,6,2213,273,Tennis Racket,Sports
1494,1495,5,socialmedia,0,2025-07-28,19,1,898,13,Running Shoes,Sports
1495,1496,10,Video,7,2025-03-26,4,3,2100,78,Yoga Mat,Sports
1496,1497,9,Newsletter,0,2025-11-21,1,8,452,21,Football Helmet,Sports
1497,1498,1,BLOG,0,2025-11-23,4,11,851,20,Ski Boots,Sports
1498,1499,24,Socialmedia,162,2024-04-11,15,6,4293,918,Tennis Racket,Sports
1499,1500,27,blog,346,2023-07-15,12,8,6044,1774,Football Helmet,Sports
1500,1501,13,Newsletter,4,2025-03-06,17,10,1731,103,Golf Clubs,Sports
1501,1502,30,video,508,2023-09-26,5,12,6332,2283,Ice Skates,Sports
1502,1503,23,NEWSLETTER,0,2025-06-10,14,2,670,27,Fitness Tracker,Sports
1503,1504,15,VIDEO,73,2024-06-09,2,18,3222,503,Volleyball,Sports
1504,1505,41,Video,16,2024-12-15,4,9,1046,97,Baseball Glove,Sports
1505,1506,39,socialmedia,261,2023-07-21,7,5,2117,857,Soccer Ball,Sports
1506,1507,36,Blog,26,2024-11-01,1,11,1150,205,Ski Boots,Sports
1507,1508,12,Newsletter,0,2025-06-22,20,6,314,18,Tennis Racket,Sports
1508,1509,14,Newsletter,0,2025-09-14,15,3,732,14,Yoga Mat,Sports
1509,1510,7,VIDEO,2,2025-02-08,19,8,2438,84,Football Helmet,Sports
1510,1511,44,Blog,9,2025-04-19,20,14,2009,125,Cycling Helmet,Sports
1511,1512,1,video,11,2024-12-06,6,1,2460,173,Running Shoes,Sports
1512,1513,22,Socialmedia,60,2024-01-08,1,7,2964,289,Basketball,Sports
1513,1514,38,BLOG,230,2023-02-22,15,15,4938,1467,Climbing Rope,Sports
1514,1515,22,Socialmedia,1221,2023-04-12,4,5,8826,3729,Soccer Ball,Sports
1515,1516,50,BLOG,2,2025-06-26,20,7,1001,76,Basketball,Sports
1516,1517,35,newsletter,20,2024-09-11,19,16,1287,102,Kayak,Sports
1517,1518,46,newsletter,0,2025-10-06,10,9,416,10,Baseball Glove,Sports
1518,1519,9,Newsletter,354,2023-10-21,6,1,2930,975,Running Shoes,Sports
1519,1520,26,Blog,1,2025-03-12,15,6,1905,53,Tennis Racket,Sports
1520,1521,48,Newsletter,119,2024-02-12,11,17,2964,913,Surfboard,Sports
1521,1522,45,newsletter,644,2023-10-17,18,9,5739,1980,Baseball Glove,Sports
1522,1523,32,Newsletter,226,2023-12-31,6,12,6263,1098,Ice Skates,Sports
1523,1524,36,SOCIALMEDIA,430,2023-02-13,18,20,5734,1326,Boxing Gloves,Sports
1524,1525,50,newsletter,42,2024-04-03,20,9,1323,335,Baseball Glove,Sports
1525,1526,4,Newsletter,42,2024-12-28,10,4,2063,308,Dumbbells,Sports
1526,1527,46,socialmedia,219,2023-06-25,7,5,3675,1326,Soccer Ball,Sports
1527,1528,39,BLOG,302,2023-06-11,17,16,8505,862,Kayak,Sports
1528,1529,15,Video,652,2023-04-27,11,1,7674,1466,Running Shoes,Sports
1529,1530,23,newsletter,1,2025-03-03,20,15,146,14,Climbing Rope,Sports
1530,1531,38,VIDEO,0,2025-10-03,17,16,88,3,Kayak,Sports
1531,1532,7,blog,8,2023-09-24,19,14,349,77,Cycling Helmet,Sports
1532,1533,44,BLOG,0,2025-07-17,1,19,38,0,Hockey Stick,Sports
1533,1534,24,Socialmedia,51,2023-07-06,10,9,1119,272,Baseball Glove,Sports
1534,1535,21,BLOG,21,2024-09-28,16,12,980,103,Ice Skates,Sports
1535,1536,14,SOCIALMEDIA,278,2023-07-02,1,5,7082,1186,Soccer Ball,Sports
1536,1537,25,socialmedia,7,2025-05-29,11,18,800,74,Volleyball,Sports
1537,1538,12,Socialmedia,12,2024-12-09,8,11,1783,118,Ski Boots,Sports
1538,1539,16,newsletter,0,2025-10-15,7,16,158,3,Kayak,Sports
1539,1540,32,Newsletter,156,2024-04-05,14,2,5156,903,Fitness Tracker,Sports
1540,1541,18,Blog,240,2023-05-19,5,16,2446,913,Kayak,Sports
1541,1542,28,Blog,19,2025-03-07,6,1,1541,175,Running Shoes,Sports
1542,1543,19,newsletter,1,2025-05-19,5,11,384,38,Ski Boots,Sports
1543,1544,26,socialmedia,61,2024-09-23,15,1,2791,537,Running Shoes,Sports
1544,1545,15,blog,14,2025-03-17,1,6,1533,161,Tennis Racket,Sports
1545,1546,18,Blog,0,2025-09-30,15,12,392,14,Ice Skates,Sports
1546,1547,30,NEWSLETTER,126,2023-01-15,18,13,6316,838,Swim Goggles,Sports
1547,1548,35,Video,11,2024-11-26,9,5,1881,136,Soccer Ball,Sports
1548,1549,41,blog,14,2024-10-07,7,8,1741,115,Football Helmet,Sports
1549,1550,27,Newsletter,14,2024-09-28,5,15,1514,185,Climbing Rope,Sports
1550,1551,9,VIDEO,2,2024-02-18,12,11,159,44,Ski Boots,Sports
1551,1552,39,SOCIALMEDIA,0,2025-12-26,16,17,999,18,Surfboard,Sports
1552,1553,3,Newsletter,0,2025-07-20,7,20,574,10,Boxing Gloves,Sports
1553,1554,37,NEWSLETTER,20,2024-08-20,6,4,1140,246,Dumbbells,Sports
1554,1555,30,newsletter,0,2025-08-30,1,5,434,7,Soccer Ball,Sports
1555,1556,10,socialmedia,48,2024-01-22,5,8,1098,188,Football Helmet,Sports
1556,1557,47,Blog,0,2025-12-30,11,4,986,48,Dumbbells,Sports
1557,1558,37,newsletter,0,2025-08-08,5,8,183,3,Football Helmet,Sports
1558,1559,39,BLOG,12,2023-09-08,8,12,396,41,Ice Skates,Sports
1559,1560,19,video,10,2023-05-14,3,3,240,54,Yoga Mat,Sports
1560,1561,2,Blog,71,2023-06-07,3,15,3012,309,Climbing Rope,Sports
1561,1562,31,blog,168,2023-10-05,15,8,2291,543,Football Helmet,Sports
1562,1563,14,Socialmedia,415,2023-05-09,12,4,7329,1692,Dumbbells,Sports
1563,1564,25,NEWSLETTER,16,2024-05-06,5,14,1620,119,Cycling Helmet,Sports
1564,1565,4,BLOG,56,2024-06-11,6,19,2435,533,Hockey Stick,Sports
1565,1566,49,Video,3,2025-01-26,19,17,550,63,Surfboard,Sports
1566,1567,18,Video,282,2023-03-19,14,6,2313,729,Tennis Racket,Sports
1567,1568,29,socialmedia,0,2025-06-03,8,3,559,14,Yoga Mat,Sports
1568,1569,44,Newsletter,0,2025-08-03,5,3,143,7,Yoga Mat,Sports
1569,1570,37,blog,620,2023-11-10,4,6,6844,2088,Tennis Racket,Sports
1570,1571,18,blog,5,2025-04-27,4,17,645,66,Surfboard,Sports
1571,1572,38,Socialmedia,124,2023-08-26,1,17,1794,416,Surfboard,Sports
1572,1573,26,SOCIALMEDIA,9,2024-05-23,3,13,166,40,Swim Goggles,Sports
1573,1574,45,newsletter,5,2024-08-19,19,5,385,24,Soccer Ball,Sports
1574,1575,22,blog,120,2023-07-16,10,4,3659,650,Dumbbells,Sports
1575,1576,2,newsletter,230,2023-03-16,15,11,2059,688,Ski Boots,Sports
1576,1577,20,socialmedia,1,2025-07-27,5,18,1082,23,Volleyball,Sports
1577,1578,8,Socialmedia,77,2024-10-02,10,10,2954,482,Golf Clubs,Sports
1578,1579,47,Newsletter,15,2024-06-20,9,20,618,80,Boxing Gloves,Sports
1579,1580,12,Socialmedia,47,2024-06-04,18,4,4257,284,Dumbbells,Sports
1580,1581,35,Socialmedia,0,2025-11-08,12,11,785,17,Ski Boots,Sports
1581,1582,29,blog,0,2025-10-29,16,4,672,31,Dumbbells,Sports
1582,1583,30,Video,141,2023-05-28,3,1,1564,518,Running Shoes,Sports
1583,1584,40,VIDEO,0,2025-11-02,4,10,634,19,Golf Clubs,Sports
1584,1585,26,Video,19,2023-09-25,7,1,569,149,Running Shoes,Sports
1585,1586,26,Blog,2,2023-07-25,15,17,81,17,Surfboard,Sports
1586,1587,44,Blog,16,2025-02-23,18,2,1938,183,Fitness Tracker,Sports
1587,1588,40,video,315,2024-04-03,2,12,4510,1157,Ice Skates,Sports
1588,1589,11,Socialmedia,15,2024-03-04,19,11,445,93,Ski Boots,Sports
1589,1590,44,newsletter,0,2025-09-04,8,11,1029,15,Ski Boots,Sports
1590,1591,29,Socialmedia,18,2024-01-02,6,8,245,58,Football Helmet,Sports
1591,1592,15,Blog,1155,2023-01-16,6,20,6811,3230,Boxing Gloves,Sports
1592,1593,5,Video,2,2025-05-28,12,2,1861,88,Fitness Tracker,Sports
1593,1594,38,blog,30,2024-06-26,6,5,3057,245,Soccer Ball,Sports
1594,1595,20,Blog,124,2023-08-08,16,20,5930,564,Boxing Gloves,Sports
1595,1596,34,Video,263,2023-01-18,8,9,2764,1031,Baseball Glove,Sports
1596,1597,13,VIDEO,112,2023-08-03,14,1,4135,458,Running Shoes,Sports
1597,1598,14,Socialmedia,174,2023-01-29,7,19,5780,1606,Hockey Stick,Sports
1598,1599,34,Socialmedia,245,2023-09-25,16,20,3274,908,Boxing Gloves,Sports
1599,1600,38,VIDEO,8,2025-02-08,11,4,2102,166,Dumbbells,Sports
1600,1601,44,newsletter,2,2025-08-11,10,16,1003,51,Kayak,Sports
1601,1602,40,Newsletter,0,2025-12-07,2,9,175,4,Baseball Glove,Sports
1602,1603,40,Video,36,2024-04-09,14,4,1482,162,Dumbbells,Sports
1603,1604,31,Video,24,2025-02-17,7,5,2573,358,Soccer Ball,Sports
1604,1605,34,Blog,63,2024-09-20,6,17,3500,341,Surfboard,Sports
1605,1606,8,BLOG,42,2024-09-11,9,4,2950,364,Dumbbells,Sports
1606,1607,7,NEWSLETTER,198,2023-11-08,20,16,3582,716,Kayak,Sports
1607,1608,19,blog,97,2024-08-15,8,3,4345,844,Yoga Mat,Sports
1608,1609,39,Socialmedia,3,2025-04-08,4,2,2108,97,Fitness Tracker,Sports
1609,1610,38,Socialmedia,380,2023-05-31,8,20,2861,964,Boxing Gloves,Sports
1610,1611,17,socialmedia,14,2025-02-20,17,1,1007,115,Running Shoes,Sports
1611,1612,24,socialmedia,68,2024-08-11,11,13,3619,417,Swim Goggles,Sports
1612,1613,24,Newsletter,10,2025-01-12,19,4,730,65,Dumbbells,Sports
1613,1614,23,Newsletter,51,2024-10-20,7,17,2410,366,Surfboard,Sports
1614,1615,1,BLOG,0,2025-12-09,7,16,813,11,Kayak,Sports
1615,1616,2,Socialmedia,136,2023-12-17,11,7,4737,445,Basketball,Sports
1616,1617,1,blog,329,2023-05-19,14,12,7361,1919,Ice Skates,Sports
1617,1618,40,video,0,2025-07-24,14,4,1086,27,Dumbbells,Sports
1618,1619,33,Blog,0,2025-12-28,9,18,906,18,Volleyball,Sports
1619,1620,1,Blog,535,2023-04-13,12,12,6216,1342,Ice Skates,Sports
1620,1621,10,Newsletter,8,2025-01-19,1,5,1670,110,Soccer Ball,Sports
1621,1622,35,NEWSLETTER,664,2023-02-05,17,12,7503,2606,Ice Skates,Sports
1622,1623,28,video,1,2025-05-20,8,1,766,19,Running Shoes,Sports
1623,1624,39,Blog,167,2023-04-25,7,7,4123,840,Basketball,Sports
1624,1625,27,socialmedia,86,2024-08-08,10,16,2289,420,Kayak,Sports
1625,1626,43,video,21,2025-03-30,10,14,1749,213,Cycling Helmet,Sports
1626,1627,40,SOCIALMEDIA,9,2025-01-21,12,13,2347,78,Swim Goggles,Sports
1627,1628,3,blog,6,2025-03-05,7,17,2702,95,Surfboard,Sports
1628,1629,21,NEWSLETTER,1,2025-07-18,12,7,331,25,Basketball,Sports
1629,1630,39,blog,673,2023-04-15,13,15,8455,2832,Climbing Rope,Sports
1630,1631,29,Blog,2,2024-11-24,14,11,878,34,Ski Boots,Sports
1631,1632,34,newsletter,3,2025-07-05,7,4,1608,61,Dumbbells,Sports
1632,1633,45,newsletter,66,2024-08-02,8,14,2259,526,Cycling Helmet,Sports
1633,1634,16,Socialmedia,21,2025-02-24,11,6,1880,261,Tennis Racket,Sports
1634,1635,12,Video,6,2025-03-03,6,19,1149,74,Hockey Stick,Sports
1635,1636,47,SOCIALMEDIA,175,2023-12-26,10,19,3394,1017,Hockey Stick,Sports
1636,1637,27,VIDEO,37,2024-06-03,10,16,3353,586,Kayak,Sports
1637,1638,3,VIDEO,195,2023-09-26,6,4,3441,986,Dumbbells,Sports
1638,1639,44,newsletter,208,2023-03-15,20,9,6434,801,Baseball Glove,Sports
1639,1640,19,newsletter,23,2023-02-28,17,3,1529,224,Yoga Mat,Sports
1640,1641,29,newsletter,1,2025-08-17,4,18,1114,56,Volleyball,Sports
1641,1642,22,Socialmedia,0,2025-07-21,8,7,714,18,Basketball,Sports
1642,1643,42,VIDEO,1,2025-07-05,10,20,285,22,Boxing Gloves,Sports
1643,1644,14,socialmedia,511,2023-02-02,15,15,9091,3366,Climbing Rope,Sports
1644,1645,4,VIDEO,343,2023-08-14,2,14,7207,1077,Cycling Helmet,Sports
1645,1646,14,video,128,2024-01-19,16,6,2395,759,Tennis Racket,Sports
1646,1647,31,SOCIALMEDIA,47,2024-07-03,3,16,2071,279,Kayak,Sports
1647,1648,17,newsletter,14,2024-12-30,15,16,2156,167,Kayak,Sports
1648,1649,40,Newsletter,0,2025-11-29,1,10,852,14,Golf Clubs,Sports
1649,1650,12,blog,567,2023-01-07,15,6,6491,1349,Tennis Racket,Sports
1650,1651,16,blog,6,2024-12-14,19,2,1186,128,Fitness Tracker,Sports
1651,1652,21,Newsletter,407,2023-03-17,1,19,2403,889,Hockey Stick,Sports
1652,1653,39,video,0,2025-09-17,3,4,403,4,Dumbbells,Sports
1653,1654,39,Blog,351,2023-05-04,20,10,3864,825,Golf Clubs,Sports
1654,1655,25,Socialmedia,0,2025-10-18,12,12,200,4,Ice Skates,Sports
1655,1656,20,Socialmedia,0,2025-09-11,8,2,997,17,Fitness Tracker,Sports
1656,1657,40,Socialmedia,5,2024-11-02,2,10,2671,150,Golf Clubs,Sports
1657,1658,33,Video,287,2023-09-08,14,16,3933,1509,Kayak,Sports
1658,1659,31,Socialmedia,3,2025-03-26,5,4,664,74,Dumbbells,Sports
1659,1660,43,video,17,2025-02-27,15,8,1621,137,Football Helmet,Sports
1660,1661,4,socialmedia,0,2025-12-02,13,15,875,33,Climbing Rope,Sports
1661,1662,11,video,436,2023-04-12,14,10,7255,1085,Golf Clubs,Sports
1662,1663,44,BLOG,1,2025-04-23,7,5,907,34,Soccer Ball,Sports
1663,1664,49,blog,33,2024-01-11,15,1,473,135,Running Shoes,Sports
1664,1665,17,Socialmedia,70,2024-03-24,13,6,4362,388,Tennis Racket,Sports
1665,1666,3,Socialmedia,0,2025-03-13,5,2,106,6,Fitness Tracker,Sports
1666,1667,12,socialmedia,0,2025-10-03,3,7,210,2,Basketball,Sports
1667,1668,36,Video,0,2025-11-06,6,12,384,15,Ice Skates,Sports
1668,1669,33,Socialmedia,135,2023-06-07,7,13,5672,1412,Swim Goggles,Sports
1669,1670,45,blog,12,2025-01-14,18,7,754,90,Basketball,Sports
1670,1671,19,Socialmedia,317,2023-11-05,9,11,6328,1226,Ski Boots,Sports
1671,1672,13,Video,137,2023-07-19,1,17,5421,1005,Surfboard,Sports
1672,1673,21,Blog,0,2025-11-11,14,10,879,22,Golf Clubs,Sports
1673,1674,28,SOCIALMEDIA,17,2024-05-05,11,7,3430,228,Basketball,Sports
1674,1675,40,Socialmedia,9,2025-05-29,15,3,1717,102,Yoga Mat,Sports
1675,1676,31,SOCIALMEDIA,132,2023-05-22,17,12,929,344,Ice Skates,Sports
1676,1677,18,blog,10,2024-12-26,5,5,3170,236,Soccer Ball,Sports
1677,1678,25,NEWSLETTER,10,2025-04-08,20,17,1857,210,Surfboard,Sports
1678,1679,23,SOCIALMEDIA,1,2025-08-16,2,2,858,38,Fitness Tracker,Sports
1679,1680,50,Newsletter,920,2023-02-25,16,20,5682,2221,Boxing Gloves,Sports
1680,1681,32,video,4,2025-05-27,12,7,681,61,Basketball,Sports
1681,1682,3,Socialmedia,86,2023-07-27,4,3,1860,361,Yoga Mat,Sports
1682,1683,1,BLOG,626,2023-03-11,5,11,7735,2945,Ski Boots,Sports
1683,1684,12,SOCIALMEDIA,21,2024-11-25,18,6,2451,151,Tennis Racket,Sports
1684,1685,28,Newsletter,1,2025-07-22,3,2,349,20,Fitness Tracker,Sports
1685,1686,14,blog,234,2023-04-09,2,16,7492,1801,Kayak,Sports
1686,1687,46,video,7,2024-04-25,2,2,229,30,Fitness Tracker,Sports
1687,1688,41,SOCIALMEDIA,33,2023-08-27,15,17,1889,173,Surfboard,Sports
1688,1689,36,Video,10,2024-08-27,2,13,1171,185,Swim Goggles,Sports
1689,1690,22,Video,0,2025-10-24,7,18,760,21,Volleyball,Sports
1690,1691,30,Blog,1,2025-07-19,5,7,914,63,Basketball,Sports
1691,1692,10,SOCIALMEDIA,119,2023-02-17,6,15,3662,918,Climbing Rope,Sports
1692,1693,4,VIDEO,12,2024-09-08,6,11,1148,226,Ski Boots,Sports
1693,1694,23,Newsletter,69,2023-11-28,16,20,5017,718,Boxing Gloves,Sports
1694,1695,41,Blog,16,2024-07-12,9,3,3072,197,Yoga Mat,Sports
1695,1696,10,newsletter,40,2024-03-25,2,15,5719,366,Climbing Rope,Sports
1696,1697,3,NEWSLETTER,154,2023-07-03,16,1,4724,1111,Running Shoes,Sports
1697,1698,38,Socialmedia,607,2023-04-18,3,7,6408,2800,Basketball,Sports
1698,1699,15,NEWSLETTER,15,2024-08-29,16,11,3158,220,Ski Boots,Sports
1699,1700,7,Blog,2,2025-05-07,5,2,286,20,Fitness Tracker,Sports
1700,1701,23,video,51,2024-08-22,11,16,3614,230,Kayak,Sports
1701,1702,46,Video,196,2024-06-29,13,4,4874,986,Dumbbells,Sports
1702,1703,11,newsletter,1,2025-04-07,4,1,848,67,Running Shoes,Sports
1703,1704,3,newsletter,38,2023-09-28,5,6,1493,176,Tennis Racket,Sports
1704,1705,31,socialmedia,502,2023-03-26,5,8,9142,1364,Football Helmet,Sports
1705,1706,37,VIDEO,0,2025-12-23,4,14,203,9,Cycling Helmet,Sports
1706,1707,15,NEWSLETTER,2,2025-05-24,12,13,481,38,Swim Goggles,Sports
1707,1708,12,Newsletter,7,2025-01-31,3,16,3013,94,Kayak,Sports
1708,1709,32,Video,93,2023-04-30,16,14,2386,518,Cycling Helmet,Sports
1709,1710,6,newsletter,17,2025-04-30,20,10,1769,180,Golf Clubs,Sports
1710,1711,31,VIDEO,8,2025-03-01,7,10,603,81,Golf Clubs,Sports
1711,1712,10,Socialmedia,39,2024-07-18,9,7,3117,348,Basketball,Sports
1712,1713,38,Newsletter,23,2024-12-12,13,12,2078,136,Ice Skates,Sports
1713,1714,19,BLOG,80,2024-05-21,19,8,3635,346,Football Helmet,Sports
1714,1715,12,Blog,1151,2023-02-14,11,15,9195,3901,Climbing Rope,Sports
1715,1716,44,blog,3,2024-12-31,1,2,295,29,Fitness Tracker,Sports
1716,1717,1,Socialmedia,7,2025-03-01,13,19,1924,136,Hockey Stick,Sports
1717,1718,21,socialmedia,79,2024-06-27,3,12,3552,882,Ice Skates,Sports
1718,1719,31,blog,112,2024-07-13,5,17,3043,538,Surfboard,Sports
1719,1720,19,socialmedia,13,2024-08-17,7,20,1846,158,Boxing Gloves,Sports
1720,1721,16,Socialmedia,83,2023-08-25,19,9,6906,541,Baseball Glove,Sports
1721,1722,10,newsletter,83,2024-03-01,7,16,3699,432,Kayak,Sports
1722,1723,43,socialmedia,26,2024-12-06,13,5,2177,230,Soccer Ball,Sports
1723,1724,42,Video,169,2023-10-28,14,17,2080,467,Surfboard,Sports
1724,1725,13,video,119,2023-09-09,13,13,1557,401,Swim Goggles,Sports
1725,1726,24,Video,145,2023-04-26,2,19,3831,535,Hockey Stick,Sports
1726,1727,16,Blog,241,2023-07-30,3,11,4127,965,Ski Boots,Sports
1727,1728,6,Socialmedia,49,2024-12-30,5,6,2951,369,Tennis Racket,Sports
1728,1729,24,Socialmedia,202,2024-03-25,19,19,3437,810,Hockey Stick,Sports
1729,1730,48,Blog,2,2025-04-20,8,15,1278,40,Climbing Rope,Sports
1730,1731,20,newsletter,0,2025-09-29,19,6,556,24,Tennis Racket,Sports
1731,1732,48,socialmedia,19,2025-02-13,3,6,2811,228,Tennis Racket,Sports
1732,1733,23,blog,7,2024-09-13,17,3,1770,87,Yoga Mat,Sports
1733,1734,4,Socialmedia,2,2025-07-05,11,20,776,49,Boxing Gloves,Sports
1734,1735,7,SOCIALMEDIA,176,2023-08-02,12,1,4302,1198,Running Shoes,Sports
1735,1736,38,blog,358,2023-06-19,5,10,5638,2300,Golf Clubs,Sports
1736,1737,20,Blog,5,2025-01-27,6,10,1043,146,Golf Clubs,Sports
1737,1738,18,Socialmedia,2,2025-06-10,10,20,364,27,Boxing Gloves,Sports
1738,1739,44,video,52,2024-05-13,11,1,1693,235,Running Shoes,Sports
1739,1740,11,video,1,2025-05-23,1,13,1282,68,Swim Goggles,Sports
1740,1741,13,BLOG,1181,2023-03-14,15,16,7359,2674,Kayak,Sports
1741,1742,36,VIDEO,64,2023-01-23,1,20,508,139,Boxing Gloves,Sports
1742,1743,38,socialmedia,32,2024-02-16,12,20,1955,183,Boxing Gloves,Sports
1743,1744,47,Newsletter,376,2023-05-16,7,6,6624,1044,Tennis Racket,Sports
1744,1745,26,socialmedia,77,2024-05-08,19,16,4093,835,Kayak,Sports
1745,1746,41,Newsletter,14,2024-10-05,10,4,825,160,Dumbbells,Sports
1746,1747,43,BLOG,0,2025-08-29,9,6,601,22,Tennis Racket,Sports
1747,1748,4,Newsletter,32,2024-03-16,11,2,2365,178,Fitness Tracker,Sports
1748,1749,18,Blog,129,2024-10-18,2,1,3912,677,Running Shoes,Sports
1749,1750,26,newsletter,17,2024-12-19,12,13,2760,118,Swim Goggles,Sports
1750,1751,4,NEWSLETTER,58,2023-07-27,8,12,1237,340,Ice Skates,Sports
1751,1752,37,Newsletter,46,2023-12-16,10,7,1765,373,Basketball,Sports
1752,1753,47,socialmedia,210,2024-03-07,17,2,4758,863,Fitness Tracker,Sports
1753,1754,49,newsletter,365,2023-11-14,15,12,6821,1786,Ice Skates,Sports
1754,1755,23,Blog,60,2023-11-25,15,11,1901,209,Ski Boots,Sports
1755,1756,29,SOCIALMEDIA,316,2023-08-05,13,10,2702,848,Golf Clubs,Sports
1756,1757,46,VIDEO,0,2025-10-09,14,2,479,18,Fitness Tracker,Sports
1757,1758,25,Socialmedia,447,2023-09-26,20,11,6840,1294,Ski Boots,Sports
1758,1759,38,Newsletter,3,2024-08-25,19,8,301,33,Football Helmet,Sports
1759,1760,45,blog,218,2024-05-11,10,6,4504,803,Tennis Racket,Sports
1760,1761,46,Video,28,2024-03-17,7,20,741,214,Boxing Gloves,Sports
1761,1762,47,Video,0,2025-07-25,13,5,571,13,Soccer Ball,Sports
1762,1763,37,Socialmedia,303,2023-09-05,18,13,4562,960,Swim Goggles,Sports
1763,1764,37,socialmedia,38,2025-01-11,18,18,2242,328,Volleyball,Sports
1764,1765,27,Blog,12,2025-01-01,4,16,1701,146,Kayak,Sports
1765,1766,28,video,223,2023-10-27,10,3,3633,878,Yoga Mat,Sports
1766,1767,21,video,10,2024-09-24,6,14,896,69,Cycling Helmet,Sports
1767,1768,30,video,397,2024-02-03,5,14,5074,1437,Cycling Helmet,Sports
1768,1769,4,VIDEO,3,2025-02-15,17,18,1799,94,Volleyball,Sports
1769,1770,5,newsletter,0,2025-10-07,8,1,558,7,Running Shoes,Sports
1770,1771,13,Newsletter,46,2024-12-18,17,3,3384,371,Yoga Mat,Sports
1771,1772,29,socialmedia,22,2024-08-10,20,6,2050,269,Tennis Racket,Sports
1772,1773,32,video,0,2025-12-14,8,19,480,6,Hockey Stick,Sports
1773,1774,23,newsletter,1,2025-08-14,19,11,705,29,Ski Boots,Sports
1774,1775,9,newsletter,0,2025-09-26,15,17,532,20,Surfboard,Sports
1775,1776,42,newsletter,33,2024-06-26,2,2,2859,232,Fitness Tracker,Sports
1776,1777,45,blog,3,2024-04-10,3,3,640,61,Yoga Mat,Sports
1777,1778,37,socialmedia,176,2023-06-04,5,20,3264,474,Boxing Gloves,Sports
1778,1779,29,Newsletter,359,2023-08-26,11,20,7688,2234,Boxing Gloves,Sports
1779,1780,10,blog,0,2025-10-03,6,17,743,14,Surfboard,Sports
1780,1781,7,video,317,2023-05-21,13,13,3042,749,Swim Goggles,Sports
1781,1782,34,Socialmedia,18,2024-09-27,7,12,929,161,Ice Skates,Sports
1782,1783,16,newsletter,436,2023-08-29,11,14,5153,1276,Cycling Helmet,Sports
1783,1784,22,blog,8,2025-04-25,1,7,1699,130,Basketball,Sports
1784,1785,46,Socialmedia,846,2023-07-13,20,7,6879,2422,Basketball,Sports
1785,1786,39,Newsletter,72,2023-03-22,9,9,1455,231,Baseball Glove,Sports
1786,1787,33,socialmedia,0,2025-06-19,3,11,252,8,Ski Boots,Sports
1787,1788,28,SOCIALMEDIA,242,2023-08-18,13,15,7447,2462,Climbing Rope,Sports
1788,1789,4,blog,0,2025-11-15,14,14,30,0,Cycling Helmet,Sports
1789,1790,41,Socialmedia,114,2024-05-08,5,5,3289,440,Soccer Ball,Sports
1790,1791,37,VIDEO,150,2024-01-21,12,8,4835,872,Football Helmet,Sports
1791,1792,45,socialmedia,657,2023-07-11,5,15,5903,2396,Climbing Rope,Sports
1792,1793,49,BLOG,37,2023-09-06,5,7,852,251,Basketball,Sports
1793,1794,25,video,277,2024-04-21,9,8,5150,1425,Football Helmet,Sports
1794,1795,6,socialmedia,0,2025-12-07,4,8,383,4,Football Helmet,Sports
1795,1796,4,BLOG,27,2024-08-23,6,5,1638,328,Soccer Ball,Sports
1796,1797,19,Video,0,2025-07-11,18,19,367,15,Hockey Stick,Sports
1797,1798,6,Blog,304,2023-06-05,5,4,2869,875,Dumbbells,Sports
1798,1799,47,Socialmedia,92,2023-04-27,13,10,2802,723,Golf Clubs,Sports
1799,1800,1,newsletter,192,2024-09-11,18,16,4274,894,Kayak,Sports
1800,1801,14,socialmedia,739,2023-03-09,16,12,8806,3547,Ice Skates,Sports
1801,1802,11,Newsletter,31,2024-11-18,11,5,2267,336,Soccer Ball,Sports
1802,1803,36,Socialmedia,271,2023-03-05,17,8,5407,2398,Football Helmet,Sports
1803,1804,39,Socialmedia,252,2023-11-05,8,3,6258,2159,Yoga Mat,Sports
1804,1805,2,SOCIALMEDIA,144,2024-04-24,6,1,3412,947,Running Shoes,Sports
1805,1806,34,Newsletter,836,2023-02-28,5,7,8859,2675,Basketball,Sports
1806,1807,35,SOCIALMEDIA,4,2025-01-16,1,3,255,39,Yoga Mat,Sports
1807,1808,24,Socialmedia,148,2024-05-16,19,7,4480,1057,Basketball,Sports
1808,1809,16,VIDEO,1,2025-06-14,1,7,490,40,Basketball,Sports
1809,1810,20,video,116,2023-09-02,12,7,7352,781,Basketball,Sports
1810,1811,31,blog,356,2023-06-18,14,13,5849,1010,Swim Goggles,Sports
1811,1812,29,Video,55,2024-11-09,11,2,2920,501,Fitness Tracker,Sports
1812,1813,12,Blog,200,2024-02-09,12,14,4543,1407,Cycling Helmet,Sports
1813,1814,6,Blog,0,2025-10-25,3,15,89,1,Climbing Rope,Sports
1814,1815,49,video,0,2025-11-28,3,12,627,21,Ice Skates,Sports
1815,1816,1,Socialmedia,147,2023-02-03,19,13,1722,811,Swim Goggles,Sports
1816,1817,40,Newsletter,412,2023-04-15,8,3,4437,1178,Yoga Mat,Sports
1817,1818,28,blog,31,2024-05-23,3,2,1246,241,Fitness Tracker,Sports
1818,1819,14,socialmedia,139,2023-11-14,4,2,3562,446,Fitness Tracker,Sports
1819,1820,23,socialmedia,66,2024-07-13,13,11,2774,480,Ski Boots,Sports
1820,1821,24,VIDEO,4,2025-06-01,3,15,683,50,Climbing Rope,Sports
1821,1822,45,video,47,2023-08-26,5,15,424,131,Climbing Rope,Sports
1822,1823,9,SOCIALMEDIA,729,2023-09-19,18,17,7126,2167,Surfboard,Sports
1823,1824,15,Blog,0,2025-11-05,15,7,112,2,Basketball,Sports
1824,1825,15,Blog,0,2025-11-11,6,12,647,22,Ice Skates,Sports
1825,1826,21,Video,1,2025-02-03,13,20,724,54,Boxing Gloves,Sports
1826,1827,21,video,5,2025-03-31,2,11,465,48,Ski Boots,Sports
1827,1828,6,socialmedia,5,2025-06-09,14,14,1739,68,Cycling Helmet,Sports
1828,1829,14,BLOG,2,2024-08-31,7,18,178,22,Volleyball,Sports
1829,1830,48,Socialmedia,45,2024-09-16,4,5,1193,245,Soccer Ball,Sports
1830,1831,9,VIDEO,402,2023-03-13,9,5,3517,1347,Soccer Ball,Sports
1831,1832,24,Socialmedia,0,2025-11-14,1,16,279,5,Kayak,Sports
1832,1833,14,Newsletter,5,2025-01-09,17,1,972,70,Running Shoes,Sports
1833,1834,39,Newsletter,472,2023-12-14,9,14,6406,1474,Cycling Helmet,Sports
1834,1835,8,Blog,8,2025-04-10,9,4,1289,78,Dumbbells,Sports
1835,1836,28,Socialmedia,164,2023-03-01,17,20,3803,499,Boxing Gloves,Sports
1836,1837,5,blog,39,2023-04-09,12,16,1042,241,Kayak,Sports
1837,1838,42,Blog,0,2025-11-16,20,1,157,6,Running Shoes,Sports
1838,1839,29,Blog,4,2024-01-16,16,2,837,57,Fitness Tracker,Sports
1839,1840,32,Blog,774,2023-01-31,12,3,9107,1947,Yoga Mat,Sports
1840,1841,27,Video,313,2023-05-08,6,5,2322,721,Soccer Ball,Sports
1841,1842,39,Video,131,2023-12-19,20,16,3222,526,Kayak,Sports
1842,1843,7,VIDEO,0,2025-12-01,12,13,739,25,Swim Goggles,Sports
1843,1844,26,socialmedia,0,2025-08-02,12,17,884,20,Surfboard,Sports
1844,1845,2,Blog,1,2025-05-26,15,13,924,21,Swim Goggles,Sports
1845,1846,7,Socialmedia,74,2023-11-15,3,16,955,296,Kayak,Sports
1846,1847,36,Socialmedia,0,2025-08-31,1,8,1043,13,Football Helmet,Sports
1847,1848,47,video,6,2025-01-04,2,11,1619,68,Ski Boots,Sports
1848,1849,32,newsletter,60,2024-09-09,16,1,2856,591,Running Shoes,Sports
1849,1850,47,video,997,2023-02-02,9,13,7877,2784,Swim Goggles,Sports
1850,1851,14,blog,290,2024-01-18,17,7,6352,1232,Basketball,Sports
1851,1852,46,Video,4,2024-12-15,8,17,266,29,Surfboard,Sports
1852,1853,47,Video,227,2023-01-28,5,13,7901,1266,Swim Goggles,Sports
1853,1854,23,blog,7,2024-11-24,7,19,1904,164,Hockey Stick,Sports
1854,1855,9,BLOG,129,2023-02-17,6,6,1746,523,Tennis Racket,Sports
1855,1856,25,BLOG,2,2025-08-10,17,10,1267,41,Golf Clubs,Sports
1856,1857,3,Newsletter,1,2025-06-18,9,14,423,18,Cycling Helmet,Sports
1857,1858,27,Video,0,2025-08-25,18,9,575,21,Baseball Glove,Sports
1858,1859,16,Socialmedia,0,2025-08-28,2,4,205,6,Dumbbells,Sports
1859,1860,1,blog,1203,2023-05-29,15,16,7759,3142,Kayak,Sports
1860,1861,33,Socialmedia,0,2025-12-19,17,6,476,17,Tennis Racket,Sports
1861,1862,5,VIDEO,0,2025-09-06,15,13,417,16,Swim Goggles,Sports
1862,1863,29,newsletter,33,2024-10-15,9,14,3984,702,Cycling Helmet,Sports
1863,1864,9,Blog,166,2023-12-10,6,20,5207,1548,Boxing Gloves,Sports
1864,1865,39,Socialmedia,51,2024-02-04,1,17,781,226,Surfboard,Sports
1865,1866,4,NEWSLETTER,12,2025-02-14,11,8,1459,110,Football Helmet,Sports
1866,1867,46,blog,126,2024-08-16,11,5,2772,567,Soccer Ball,Sports
1867,1868,9,blog,61,2024-04-03,2,17,3875,494,Surfboard,Sports
1868,1869,43,Newsletter,0,2025-09-14,5,16,342,4,Kayak,Sports
1869,1870,49,blog,300,2023-04-25,13,19,3178,819,Hockey Stick,Sports
1870,1871,28,video,17,2024-07-18,13,15,1438,101,Climbing Rope,Sports
1871,1872,40,Newsletter,223,2023-10-03,10,9,6584,1179,Baseball Glove,Sports
1872,1873,19,Newsletter,0,2025-10-28,13,7,735,35,Basketball,Sports
1873,1874,22,VIDEO,175,2024-03-02,4,11,4160,839,Ski Boots,Sports
1874,1875,38,blog,85,2024-08-27,18,12,4208,483,Ice Skates,Sports
1875,1876,6,Video,1,2025-03-25,17,3,740,26,Yoga Mat,Sports
1876,1877,14,Blog,0,2025-05-13,17,11,77,7,Ski Boots,Sports
1877,1878,10,Blog,272,2023-07-19,13,5,7350,770,Soccer Ball,Sports
1878,1879,26,video,6,2025-01-09,4,5,2165,111,Soccer Ball,Sports
1879,1880,50,Newsletter,0,2025-03-13,8,9,237,18,Baseball Glove,Sports
1880,1881,19,video,24,2024-05-23,17,13,3848,369,Swim Goggles,Sports
1881,1882,43,blog,0,2025-04-29,18,18,356,8,Volleyball,Sports
1882,1883,45,Socialmedia,0,2025-08-12,12,7,237,5,Basketball,Sports
1883,1884,11,Blog,0,2025-09-24,18,15,113,4,Climbing Rope,Sports
1884,1885,41,Newsletter,57,2024-04-30,18,10,3685,468,Golf Clubs,Sports
1885,1886,13,video,63,2023-08-10,7,11,2366,396,Ski Boots,Sports
1886,1887,36,socialmedia,49,2024-06-01,16,4,1316,339,Dumbbells,Sports
1887,1888,15,video,0,2025-12-18,17,10,50,2,Golf Clubs,Sports
1888,1889,48,VIDEO,0,2025-07-09,6,4,32,2,Dumbbells,Sports
1889,1890,40,blog,553,2023-09-04,8,15,7140,1615,Climbing Rope,Sports
1890,1891,40,video,151,2023-12-30,16,2,4340,570,Fitness Tracker,Sports
1891,1892,20,socialmedia,0,2025-03-30,4,14,401,10,Cycling Helmet,Sports
1892,1893,42,SOCIALMEDIA,48,2024-08-05,8,20,1880,333,Boxing Gloves,Sports
1893,1894,34,socialmedia,262,2023-12-24,16,13,5488,1144,Swim Goggles,Sports
1894,1895,50,Newsletter,254,2023-10-18,5,10,6292,1058,Golf Clubs,Sports
1895,1896,33,Socialmedia,5,2024-11-24,1,3,866,96,Yoga Mat,Sports
1896,1897,5,NEWSLETTER,4,2023-12-05,18,14,351,28,Cycling Helmet,Sports
1897,1898,14,blog,2,2025-03-22,19,7,542,33,Basketball,Sports
1898,1899,22,socialmedia,169,2023-05-13,9,14,2152,643,Cycling Helmet,Sports
1899,1900,45,SOCIALMEDIA,34,2024-07-05,1,3,868,205,Yoga Mat,Sports
1900,1901,33,NEWSLETTER,7,2025-03-28,20,2,992,102,Fitness Tracker,Sports
1901,1902,13,Blog,87,2023-07-28,10,3,4584,907,Yoga Mat,Sports
1902,1903,46,Newsletter,1,2025-09-12,20,16,680,21,Kayak,Sports
1903,1904,28,VIDEO,25,2023-10-07,3,10,3186,250,Golf Clubs,Sports
1904,1905,27,Socialmedia,1016,2023-05-20,13,1,6524,2422,Running Shoes,Sports
1905,1906,25,SOCIALMEDIA,11,2025-03-20,1,15,1627,185,Climbing Rope,Sports
1906,1907,9,blog,27,2024-02-21,5,17,791,200,Surfboard,Sports
1907,1908,22,SOCIALMEDIA,2,2024-09-19,4,11,261,18,Ski Boots,Sports
1908,1909,23,Socialmedia,171,2023-12-31,12,15,5160,657,Climbing Rope,Sports
1909,1910,36,socialmedia,44,2023-07-11,7,8,851,327,Football Helmet,Sports
1910,1911,38,NEWSLETTER,108,2023-04-08,5,14,3395,399,Cycling Helmet,Sports
1911,1912,43,Video,36,2023-09-05,8,10,1123,137,Golf Clubs,Sports
1912,1913,28,newsletter,0,2025-07-09,4,7,509,9,Basketball,Sports
1913,1914,13,NEWSLETTER,142,2024-03-12,4,6,3935,1057,Tennis Racket,Sports
1914,1915,17,Blog,167,2023-05-04,6,10,1556,465,Golf Clubs,Sports
1915,1916,35,video,188,2024-03-02,14,15,5893,689,Climbing Rope,Sports
1916,1917,38,newsletter,110,2023-12-05,6,18,6000,923,Volleyball,Sports
1917,1918,4,Socialmedia,136,2023-12-29,2,12,5318,662,Ice Skates,Sports
1918,1919,32,blog,0,2025-09-22,7,9,589,18,Baseball Glove,Sports
1919,1920,4,Newsletter,112,2024-04-17,8,8,5164,655,Football Helmet,Sports
1920,1921,11,socialmedia,4,2024-11-29,8,3,1300,58,Yoga Mat,Sports
1921,1922,32,VIDEO,362,2023-03-11,16,13,9102,2705,Swim Goggles,Sports
1922,1923,3,Socialmedia,0,2025-10-17,9,19,321,8,Hockey Stick,Sports
1923,1924,17,Socialmedia,35,2024-08-10,16,12,1393,233,Ice Skates,Sports
1924,1925,47,Blog,7,2025-01-26,13,15,1324,169,Climbing Rope,Sports
1925,1926,42,video,42,2024-09-21,7,12,3180,297,Ice Skates,Sports
1926,1927,44,Blog,33,2024-06-28,9,5,1833,274,Soccer Ball,Sports
1927,1928,13,VIDEO,2,2025-06-14,5,17,452,39,Surfboard,Sports
1928,1929,33,VIDEO,235,2023-10-10,16,6,4748,1178,Tennis Racket,Sports
1929,1930,25,Video,22,2024-09-19,15,13,2303,490,Swim Goggles,Sports
1930,1931,43,Socialmedia,501,2023-09-02,7,1,3953,1506,Running Shoes,Sports
1931,1932,28,Socialmedia,1,2025-07-19,4,15,1049,29,Climbing Rope,Sports
1932,1933,33,Video,96,2023-10-02,11,20,6067,1230,Boxing Gloves,Sports
1933,1934,19,blog,205,2023-08-24,14,9,6707,868,Baseball Glove,Sports
1934,1935,40,Video,0,2025-10-01,6,17,882,18,Surfboard,Sports
1935,1936,32,blog,10,2025-02-14,5,7,2073,126,Basketball,Sports
1936,1937,14,Blog,0,2025-10-16,5,5,193,3,Soccer Ball,Sports
1937,1938,33,Newsletter,28,2024-11-28,19,18,1532,267,Volleyball,Sports
1938,1939,34,NEWSLETTER,25,2024-07-17,15,1,569,131,Running Shoes,Sports
1939,1940,38,Video,0,2025-11-17,6,7,207,4,Basketball,Sports
1940,1941,7,blog,14,2024-10-19,2,6,2908,195,Tennis Racket,Sports
1941,1942,19,Video,249,2023-11-29,2,5,6758,1704,Soccer Ball,Sports
1942,1943,48,video,3,2024-11-20,18,7,400,18,Basketball,Sports
1943,1944,41,VIDEO,2,2024-12-07,9,1,1396,54,Running Shoes,Sports
1944,1945,28,newsletter,121,2024-04-14,11,8,4996,1341,Football Helmet,Sports
1945,1946,4,Newsletter,7,2025-04-14,15,14,672,68,Cycling Helmet,Sports
1946,1947,3,newsletter,31,2023-10-22,15,1,423,115,Running Shoes,Sports
1947,1948,29,socialmedia,10,2024-08-24,1,4,1781,115,Dumbbells,Sports
1948,1949,40,Newsletter,0,2025-10-16,13,2,136,2,Fitness Tracker,Sports
1949,1950,35,Socialmedia,21,2024-10-04,16,13,1218,181,Swim Goggles,Sports
1950,1951,21,Blog,165,2024-01-06,7,1,4890,1495,Running Shoes,Sports
1951,1952,33,Video,56,2024-04-17,9,8,1756,487,Football Helmet,Sports
1952,1953,47,Socialmedia,2,2024-03-17,13,11,472,35,Ski Boots,Sports
1953,1954,50,socialmedia,325,2023-08-06,20,19,7238,1239,Hockey Stick,Sports
1954,1955,3,video,1,2025-08-11,10,12,1078,51,Ice Skates,Sports
1955,1956,41,blog,6,2025-01-05,7,8,496,45,Football Helmet,Sports
1956,1957,23,Newsletter,0,2025-09-17,18,6,220,3,Tennis Racket,Sports
1957,1958,27,Newsletter,7,2025-04-14,16,9,1798,89,Baseball Glove,Sports
1958,1959,31,socialmedia,160,2024-08-04,18,5,3700,768,Soccer Ball,Sports
1959,1960,37,Socialmedia,0,2025-09-16,17,20,262,4,Boxing Gloves,Sports
1960,1961,44,blog,193,2023-10-25,12,20,6214,1844,Boxing Gloves,Sports
1961,1962,26,Socialmedia,53,2024-06-15,17,5,3736,311,Soccer Ball,Sports
1962,1963,6,NEWSLETTER,0,2025-05-31,16,7,130,11,Basketball,Sports
1963,1964,7,Blog,50,2023-09-07,14,18,6270,563,Volleyball,Sports
1964,1965,4,blog,59,2024-12-14,3,15,3239,491,Climbing Rope,Sports
1965,1966,24,Newsletter,8,2025-05-26,4,11,1001,89,Ski Boots,Sports
1966,1967,14,SOCIALMEDIA,0,2025-11-01,11,20,358,7,Boxing Gloves,Sports
1967,1968,5,newsletter,41,2024-03-03,17,1,2101,204,Running Shoes,Sports
1968,1969,10,newsletter,78,2023-12-01,7,6,2369,568,Tennis Racket,Sports
1969,1970,20,socialmedia,0,2025-11-13,5,4,580,12,Dumbbells,Sports
1970,1971,10,Socialmedia,0,2025-10-11,7,6,868,10,Tennis Racket,Sports
1971,1972,18,Video,118,2024-02-10,14,6,4259,651,Tennis Racket,Sports
1972,1973,41,BLOG,389,2023-06-28,10,7,5847,1018,Basketball,Sports
1973,1974,16,Blog,531,2023-04-28,8,8,5781,2252,Football Helmet,Sports
1974,1975,46,socialmedia,18,2024-07-10,13,10,1990,102,Golf Clubs,Sports
1975,1976,41,Blog,72,2024-01-06,6,3,2323,389,Yoga Mat,Sports
1976,1977,34,Socialmedia,138,2023-10-08,12,13,3602,1164,Swim Goggles,Sports
1977,1978,19,newsletter,10,2024-09-20,9,8,689,124,Football Helmet,Sports
1978,1979,1,socialmedia,221,2023-06-02,18,14,1649,567,Cycling Helmet,Sports
1979,1980,35,newsletter,0,2025-11-14,17,11,827,34,Ski Boots,Sports
1980,1981,40,BLOG,10,2024-06-09,6,8,503,50,Football Helmet,Sports
1981,1982,15,VIDEO,30,2025-01-18,20,4,1988,291,Dumbbells,Sports
1982,1983,12,NEWSLETTER,0,2025-11-08,18,17,334,8,Surfboard,Sports
1983,1984,7,NEWSLETTER,0,2025-04-15,1,10,378,21,Golf Clubs,Sports
1984,1985,32,NEWSLETTER,87,2023-08-25,12,13,6273,531,Swim Goggles,Sports
1985,1986,41,Newsletter,8,2025-04-25,1,20,2109,92,Boxing Gloves,Sports
1986,1987,10,Video,157,2024-04-28,8,6,2910,577,Tennis Racket,Sports
1987,1988,21,SOCIALMEDIA,179,2023-08-16,9,12,6133,1979,Ice Skates,Sports
1988,1989,19,Socialmedia,13,2024-10-13,13,7,729,69,Basketball,Sports
1989,1990,32,socialmedia,0,2025-09-24,4,4,204,3,Dumbbells,Sports
1990,1991,8,Blog,0,2025-12-13,5,3,62,1,Yoga Mat,Sports
1991,1992,31,VIDEO,141,2024-07-27,14,19,4186,640,Hockey Stick,Sports
1992,1993,3,NEWSLETTER,26,2024-09-22,8,20,673,132,Boxing Gloves,Sports
1993,1994,33,blog,36,2024-10-18,8,8,2605,424,Football Helmet,Sports
1994,1995,46,Newsletter,1,2025-11-06,16,6,792,34,Tennis Racket,Sports
1995,1996,25,Socialmedia,25,2024-07-29,11,10,1115,178,Golf Clubs,Sports
1996,1997,39,Video,29,2024-01-17,11,11,1039,162,Ski Boots,Sports
1997,1998,29,Video,229,2023-09-25,12,16,3101,843,Kayak,Sports
1998,1999,30,Video,0,2025-09-11,5,1,601,11,Running Shoes,Sports
1999,2000,43,Blog,177,2024-01-30,17,8,4113,979,Football Helmet,Sports
2000,2001,14,SOCIALMEDIA,47,2024-12-22,1,2,3040,278,Fitness Tracker,Sports
2001,2002,9,Socialmedia,0,2025-10-12,3,18,905,22,Volleyball,Sports
2002,2003,9,Newsletter,0,2025-10-10,18,4,66,2,Dumbbells,Sports
2003,2004,7,NEWSLETTER,12,2025-05-29,19,11,1464,130,Ski Boots,Sports
2004,2005,48,VIDEO,1,2025-12-22,14,8,673,30,Football Helmet,Sports
2005,2006,15,Newsletter,79,2023-07-29,19,12,593,235,Ice Skates,Sports
2006,2007,29,BLOG,1,2025-08-21,5,12,1140,38,Ice Skates,Sports
2007,2008,24,Video,47,2024-07-01,1,5,2457,424,Soccer Ball,Sports
2008,2009,2,Socialmedia,222,2023-07-10,1,3,6357,1084,Yoga Mat,Sports
2009,2010,39,Socialmedia,5,2025-02-14,4,4,1981,66,Dumbbells,Sports
2010,2011,20,blog,16,2024-10-28,5,16,1110,133,Kayak,Sports
2011,2012,35,Video,25,2024-04-19,7,9,863,90,Baseball Glove,Sports
2012,2013,5,Video,0,2025-12-02,12,1,805,14,Running Shoes,Sports
2013,2014,38,Video,12,2025-02-01,6,1,2419,108,Running Shoes,Sports
2014,2015,23,Video,0,2025-03-19,15,15,394,28,Climbing Rope,Sports
2015,2016,39,video,11,2025-06-06,13,16,1855,142,Kayak,Sports
2016,2017,6,blog,0,2025-11-26,16,5,779,36,Soccer Ball,Sports
2017,2018,9,SOCIALMEDIA,285,2023-04-19,5,18,3754,1215,Volleyball,Sports
2018,2019,39,newsletter,138,2023-12-12,1,2,6725,1225,Fitness Tracker,Sports
2019,2020,13,SOCIALMEDIA,48,2024-08-19,1,18,3895,375,Volleyball,Sports
2020,2021,49,NEWSLETTER,0,2025-12-02,18,6,265,7,Tennis Racket,Sports
2021,2022,8,socialmedia,158,2023-07-08,19,14,1522,468,Cycling Helmet,Sports
2022,2023,21,video,5,2025-02-27,12,19,1638,61,Hockey Stick,Sports
2023,2024,27,Blog,2,2025-06-09,8,14,929,25,Cycling Helmet,Sports
2024,2025,16,Newsletter,1,2025-10-21,7,4,880,36,Dumbbells,Sports
2025,2026,16,Socialmedia,12,2024-05-27,13,3,857,179,Yoga Mat,Sports
2026,2027,4,Socialmedia,5,2025-05-15,20,9,1665,89,Baseball Glove,Sports
2027,2028,17,SOCIALMEDIA,3,2024-05-01,11,18,462,55,Volleyball,Sports
2028,2029,14,Newsletter,0,2025-08-11,5,11,686,9,Ski Boots,Sports
2029,2030,7,socialmedia,318,2023-03-06,1,8,4036,1459,Football Helmet,Sports
2030,2031,15,SOCIALMEDIA,25,2024-06-05,16,1,537,96,Running Shoes,Sports
2031,2032,49,Video,7,2024-08-31,8,18,1199,137,Volleyball,Sports
2032,2033,46,video,54,2024-08-29,16,13,4186,315,Swim Goggles,Sports
2033,2034,28,Newsletter,16,2024-01-01,7,1,400,114,Running Shoes,Sports
2034,2035,21,Video,48,2023-11-29,19,10,4173,620,Golf Clubs,Sports
2035,2036,23,Newsletter,1,2025-02-10,6,16,238,28,Kayak,Sports
2036,2037,16,Blog,306,2023-04-27,9,9,1991,784,Baseball Glove,Sports
2037,2038,9,Newsletter,59,2023-10-01,2,7,1919,384,Basketball,Sports
2038,2039,15,Blog,13,2024-08-13,5,14,3641,257,Cycling Helmet,Sports
2039,2040,26,Video,0,2025-07-31,4,11,55,2,Ski Boots,Sports
2040,2041,43,Socialmedia,0,2025-06-06,10,15,338,15,Climbing Rope,Sports
2041,2042,46,Blog,9,2025-04-30,8,14,2208,88,Cycling Helmet,Sports
2042,2043,28,Blog,60,2024-07-11,20,14,2851,515,Cycling Helmet,Sports
2043,2044,28,SOCIALMEDIA,46,2024-01-30,12,10,4893,591,Golf Clubs,Sports
2044,2045,27,blog,14,2025-03-20,18,16,1350,173,Kayak,Sports
2045,2046,33,video,60,2023-08-29,13,18,6292,570,Volleyball,Sports
2046,2047,13,NEWSLETTER,25,2024-07-20,19,8,2974,504,Football Helmet,Sports
2047,2048,8,NEWSLETTER,1,2025-10-31,15,12,816,40,Ice Skates,Sports
2048,2049,8,Video,7,2025-02-16,13,11,889,59,Ski Boots,Sports
2049,2050,22,BLOG,163,2024-01-25,2,2,2684,714,Fitness Tracker,Sports
2050,2051,38,video,320,2023-03-28,5,3,5150,1458,Yoga Mat,Sports
2051,2052,44,socialmedia,112,2023-02-07,19,9,3082,348,Baseball Glove,Sports
2052,2053,50,socialmedia,1,2025-11-05,15,1,836,32,Running Shoes,Sports
2053,2054,37,Video,430,2023-01-17,14,17,3560,1267,Surfboard,Sports
2054,2055,34,Blog,855,2023-01-20,17,8,6236,2447,Football Helmet,Sports
2055,2056,22,NEWSLETTER,4,2024-08-16,7,2,699,50,Fitness Tracker,Sports
2056,2057,5,Newsletter,11,2024-04-21,12,3,480,56,Yoga Mat,Sports
2057,2058,37,BLOG,157,2023-08-20,15,19,3086,848,Hockey Stick,Sports
2058,2059,2,newsletter,23,2025-01-27,4,11,1677,187,Ski Boots,Sports
2059,2060,20,newsletter,266,2024-01-19,19,6,4801,1018,Tennis Racket,Sports
2060,2061,21,Socialmedia,1,2025-05-04,18,8,847,79,Football Helmet,Sports
2061,2062,17,blog,19,2025-01-22,11,18,1874,233,Volleyball,Sports
2062,2063,27,BLOG,390,2023-07-12,18,6,3226,1062,Tennis Racket,Sports
2063,2064,32,blog,21,2025-02-04,13,10,2285,287,Golf Clubs,Sports
2064,2065,50,SOCIALMEDIA,0,2025-09-28,14,1,60,1,Running Shoes,Sports
2065,2066,41,NEWSLETTER,123,2023-07-27,16,6,3200,580,Tennis Racket,Sports
2066,2067,14,Video,0,2025-09-04,12,17,272,9,Surfboard,Sports
2067,2068,23,blog,7,2025-01-25,16,20,2520,234,Boxing Gloves,Sports
2068,2069,14,Newsletter,485,2023-03-16,19,18,6408,1762,Volleyball,Sports
2069,2070,41,newsletter,28,2024-01-13,5,5,3557,234,Soccer Ball,Sports
2070,2071,48,BLOG,289,2023-03-08,11,5,7799,893,Soccer Ball,Sports
2071,2072,7,Video,0,2025-12-08,6,3,573,13,Yoga Mat,Sports
2072,2073,27,Video,53,2024-03-10,16,1,2036,363,Running Shoes,Sports
2073,2074,47,Newsletter,12,2023-05-04,16,2,115,35,Fitness Tracker,Sports
2074,2075,32,Blog,174,2023-07-10,6,1,7692,647,Running Shoes,Sports
2075,2076,9,Socialmedia,1190,2023-05-08,13,11,7961,3194,Ski Boots,Sports
2076,2077,46,blog,236,2023-11-04,6,17,3608,1008,Surfboard,Sports
2077,2078,24,Newsletter,55,2023-11-01,14,8,4352,759,Football Helmet,Sports
2078,2079,19,Socialmedia,2,2025-07-05,18,7,1035,38,Basketball,Sports
2079,2080,36,Blog,282,2023-02-26,1,20,4610,1023,Boxing Gloves,Sports
2080,2081,41,SOCIALMEDIA,94,2024-02-15,9,2,4103,404,Fitness Tracker,Sports
2081,2082,49,newsletter,1,2025-09-04,11,1,723,22,Running Shoes,Sports
2082,2083,22,NEWSLETTER,208,2023-10-07,12,19,4685,752,Hockey Stick,Sports
2083,2084,4,Socialmedia,205,2024-04-04,5,15,4661,1127,Climbing Rope,Sports
2084,2085,8,SOCIALMEDIA,39,2023-08-03,10,13,2521,350,Swim Goggles,Sports
2085,2086,14,Newsletter,63,2024-08-28,17,15,4123,349,Climbing Rope,Sports
2086,2087,6,Blog,72,2024-06-27,8,16,2247,388,Kayak,Sports
2087,2088,45,blog,21,2024-12-26,16,6,1649,172,Tennis Racket,Sports
2088,2089,19,socialmedia,102,2023-09-11,15,19,5554,514,Hockey Stick,Sports
2089,2090,19,newsletter,0,2025-09-29,3,11,226,10,Ski Boots,Sports
2090,2091,50,socialmedia,79,2023-11-11,6,1,5643,1027,Running Shoes,Sports
2091,2092,39,video,444,2023-01-07,12,10,3022,1497,Golf Clubs,Sports
2092,2093,26,Video,17,2023-11-23,17,4,295,68,Dumbbells,Sports
2093,2094,19,video,10,2025-02-21,20,13,582,73,Swim Goggles,Sports
2094,2095,24,SOCIALMEDIA,0,2025-09-24,3,2,736,11,Fitness Tracker,Sports
2095,2096,19,Newsletter,0,2025-11-30,5,16,56,2,Kayak,Sports
2096,2097,48,Newsletter,22,2024-11-24,6,3,1041,153,Yoga Mat,Sports
2097,2098,28,Blog,119,2024-04-19,7,16,3662,430,Kayak,Sports
2098,2099,10,Newsletter,7,2024-09-16,2,1,2810,147,Running Shoes,Sports
2099,2100,19,Socialmedia,7,2025-04-10,13,19,2380,188,Hockey Stick,Sports
2100,2101,22,video,34,2025-02-02,5,16,2935,331,Kayak,Sports
2101,2102,18,BLOG,0,2025-06-14,18,5,969,35,Soccer Ball,Sports
2102,2103,17,newsletter,287,2023-06-28,20,11,7509,1490,Ski Boots,Sports
2103,2104,4,Blog,163,2023-01-29,3,9,4839,628,Baseball Glove,Sports
2104,2105,12,Video,0,2025-08-03,10,20,1077,27,Boxing Gloves,Sports
2105,2106,33,NEWSLETTER,44,2024-09-22,11,5,2949,297,Soccer Ball,Sports
2106,2107,28,Newsletter,6,2024-11-08,5,6,763,105,Tennis Racket,Sports
2107,2108,5,VIDEO,145,2023-11-17,2,11,6255,671,Ski Boots,Sports
2108,2109,21,socialmedia,108,2023-01-29,13,15,2596,775,Climbing Rope,Sports
2109,2110,25,Blog,20,2025-02-03,8,5,2071,269,Soccer Ball,Sports
2110,2111,2,SOCIALMEDIA,62,2025-01-08,14,19,3123,454,Hockey Stick,Sports
2111,2112,34,NEWSLETTER,88,2023-07-08,3,18,5770,715,Volleyball,Sports
2112,2113,35,Video,8,2025-03-21,11,10,1898,160,Golf Clubs,Sports
2113,2114,49,BLOG,0,2025-08-31,11,2,184,9,Fitness Tracker,Sports
2114,2115,50,video,246,2023-02-16,7,11,6972,2070,Ski Boots,Sports
2115,2116,42,Video,61,2024-02-20,18,4,3314,618,Dumbbells,Sports
2116,2117,37,Newsletter,18,2024-06-29,6,5,1977,271,Soccer Ball,Sports
2117,2118,26,video,23,2024-10-05,13,2,1157,165,Fitness Tracker,Sports
2118,2119,13,Newsletter,174,2023-06-23,8,18,5631,879,Volleyball,Sports
2119,2120,21,Video,1,2025-05-10,11,13,174,18,Swim Goggles,Sports
2120,2121,48,Video,2,2024-09-28,3,18,1103,48,Volleyball,Sports
2121,2122,27,newsletter,14,2025-04-09,1,20,1071,129,Boxing Gloves,Sports
2122,2123,28,newsletter,30,2024-10-18,19,1,2043,178,Running Shoes,Sports
2123,2124,7,BLOG,42,2023-04-28,6,4,526,170,Dumbbells,Sports
2124,2125,32,video,23,2024-03-24,18,19,1806,236,Hockey Stick,Sports
2125,2126,49,video,1,2024-06-19,13,9,64,10,Baseball Glove,Sports
2126,2127,49,Socialmedia,21,2025-03-03,5,9,2728,196,Baseball Glove,Sports
2127,2128,47,SOCIALMEDIA,7,2025-05-07,8,11,2165,191,Ski Boots,Sports
2128,2129,12,VIDEO,6,2025-03-14,19,10,757,58,Golf Clubs,Sports
2129,2130,34,Blog,5,2025-01-29,15,12,1706,69,Ice Skates,Sports
2130,2131,14,SOCIALMEDIA,11,2024-06-22,8,1,1753,113,Running Shoes,Sports
2131,2132,41,socialmedia,1,2025-07-21,2,11,516,20,Ski Boots,Sports
2132,2133,21,Newsletter,16,2025-05-03,10,11,1793,196,Ski Boots,Sports
2133,2134,23,Socialmedia,283,2023-01-11,19,12,5173,1033,Ice Skates,Sports
2134,2135,25,newsletter,859,2023-05-14,9,3,8730,3374,Yoga Mat,Sports
2135,2136,24,Newsletter,54,2024-12-05,7,2,2783,381,Fitness Tracker,Sports
2136,2137,33,blog,3,2024-05-04,20,11,154,13,Ski Boots,Sports
2137,2138,31,socialmedia,87,2023-09-06,5,4,2484,319,Dumbbells,Sports
2138,2139,44,blog,8,2025-03-30,9,5,1669,91,Soccer Ball,Sports
2139,2140,45,Newsletter,3,2025-05-23,2,14,1214,88,Cycling Helmet,Sports
2140,2141,32,socialmedia,67,2024-11-10,16,8,3242,530,Football Helmet,Sports
2141,2142,27,Blog,34,2024-10-19,19,14,3755,484,Cycling Helmet,Sports
2142,2143,34,Socialmedia,4,2025-07-08,19,18,1377,68,Volleyball,Sports
2143,2144,49,Newsletter,9,2025-04-03,2,13,1037,110,Swim Goggles,Sports
2144,2145,47,socialmedia,8,2024-11-06,7,19,3493,187,Hockey Stick,Sports
2145,2146,48,Blog,20,2024-06-06,18,12,1892,189,Ice Skates,Sports
2146,2147,17,socialmedia,49,2024-09-01,14,16,3532,263,Kayak,Sports
2147,2148,41,Socialmedia,1,2025-12-18,16,12,929,36,Ice Skates,Sports
2148,2149,29,Blog,520,2023-09-26,15,12,6974,1894,Ice Skates,Sports
2149,2150,37,SOCIALMEDIA,215,2023-11-27,7,1,3221,1045,Running Shoes,Sports
2150,2151,6,blog,2,2025-04-08,5,9,887,105,Baseball Glove,Sports
2151,2152,28,VIDEO,143,2023-09-01,12,10,1262,454,Golf Clubs,Sports
2152,2153,7,Newsletter,157,2023-08-21,19,4,2650,527,Dumbbells,Sports
2153,2154,26,BLOG,2,2025-03-04,17,3,614,31,Yoga Mat,Sports
2154,2155,2,Video,1,2023-10-17,16,4,127,13,Dumbbells,Sports
2155,2156,17,BLOG,278,2023-02-05,19,15,9673,1081,Climbing Rope,Sports
2156,2157,5,socialmedia,34,2024-03-29,9,18,2290,198,Volleyball,Sports
2157,2158,12,Socialmedia,9,2025-02-05,17,20,1222,156,Boxing Gloves,Sports
2158,2159,5,video,186,2024-06-09,12,1,4803,967,Running Shoes,Sports
2159,2160,10,socialmedia,221,2024-01-21,10,4,3264,883,Dumbbells,Sports
2160,2161,1,socialmedia,0,2025-08-13,1,17,26,1,Surfboard,Sports
2161,2162,37,blog,29,2024-09-02,17,4,1837,142,Dumbbells,Sports
2162,2163,11,NEWSLETTER,57,2024-08-07,13,15,2806,344,Climbing Rope,Sports
2163,2164,16,socialmedia,9,2024-08-17,3,1,518,57,Running Shoes,Sports
2164,2165,41,socialmedia,53,2024-03-07,19,17,3552,248,Surfboard,Sports
2165,2166,21,Newsletter,0,2025-10-20,1,3,168,5,Yoga Mat,Sports
2166,2167,37,NEWSLETTER,38,2024-11-18,19,11,3208,570,Ski Boots,Sports
2167,2168,41,Socialmedia,47,2024-10-21,19,2,2010,376,Fitness Tracker,Sports
2168,2169,24,SOCIALMEDIA,30,2023-08-27,7,18,633,81,Volleyball,Sports
2169,2170,15,blog,16,2024-10-28,17,3,3115,139,Yoga Mat,Sports
2170,2171,32,newsletter,11,2023-12-03,6,19,1170,135,Hockey Stick,Sports
2171,2172,36,newsletter,45,2024-03-27,13,15,4529,577,Climbing Rope,Sports
2172,2173,14,blog,0,2025-06-05,15,13,441,12,Swim Goggles,Sports
2173,2174,1,Newsletter,1,2025-06-17,8,19,711,20,Hockey Stick,Sports
2174,2175,45,Blog,8,2025-01-06,4,8,1348,169,Football Helmet,Sports
2175,2176,21,SOCIALMEDIA,28,2024-09-17,7,9,761,135,Baseball Glove,Sports
2176,2177,45,Video,0,2025-07-27,4,5,907,17,Soccer Ball,Sports
2177,2178,47,BLOG,244,2023-03-16,14,19,1462,665,Hockey Stick,Sports
2178,2179,17,video,11,2024-09-25,19,13,594,54,Swim Goggles,Sports
2179,2180,19,Socialmedia,255,2023-08-27,18,8,4529,699,Football Helmet,Sports
2180,2181,41,NEWSLETTER,47,2024-08-11,14,6,2494,303,Tennis Racket,Sports
2181,2182,4,newsletter,57,2023-10-23,17,7,1627,573,Basketball,Sports
2182,2183,29,Video,161,2023-10-20,10,14,7176,528,Cycling Helmet,Sports
2183,2184,21,socialmedia,4,2025-03-30,15,1,2519,138,Running Shoes,Sports
2184,2185,14,Newsletter,74,2023-08-03,11,13,2477,311,Swim Goggles,Sports
2185,2186,16,Newsletter,0,2025-08-25,5,20,671,28,Boxing Gloves,Sports
2186,2187,42,Blog,25,2023-12-13,8,2,954,166,Fitness Tracker,Sports
2187,2188,5,socialmedia,1,2025-07-13,12,3,382,24,Yoga Mat,Sports
2188,2189,32,BLOG,13,2025-01-17,2,20,3154,113,Boxing Gloves,Sports
2189,2190,6,Newsletter,94,2023-10-11,6,6,5162,961,Tennis Racket,Sports
2190,2191,19,Blog,324,2023-06-03,7,3,5680,827,Yoga Mat,Sports
2191,2192,8,Blog,0,2025-04-16,1,15,89,3,Climbing Rope,Sports
2192,2193,19,socialmedia,75,2023-12-15,5,16,3057,1034,Kayak,Sports
2193,2194,32,Video,941,2023-03-10,4,2,6172,2823,Fitness Tracker,Sports
2194,2195,33,Newsletter,0,2025-11-08,15,2,30,1,Fitness Tracker,Sports
2195,2196,43,socialmedia,6,2023-05-01,8,13,261,30,Swim Goggles,Sports
2196,2197,14,Video,62,2023-12-09,18,7,972,328,Basketball,Sports
2197,2198,8,video,0,2025-07-13,9,5,218,12,Soccer Ball,Sports
2198,2199,27,video,169,2024-03-24,5,16,4058,832,Kayak,Sports
2199,2200,45,Socialmedia,6,2025-07-14,7,19,1364,105,Hockey Stick,Sports
2200,2201,35,SOCIALMEDIA,4,2025-05-22,7,16,1681,104,Kayak,Sports
2201,2202,35,Newsletter,8,2024-02-07,5,4,149,29,Dumbbells,Sports
2202,2203,7,Video,393,2023-05-06,13,14,4900,1170,Cycling Helmet,Sports
2203,2204,4,VIDEO,3,2025-02-23,12,7,696,28,Basketball,Sports
2204,2205,3,blog,13,2025-01-11,17,7,2077,117,Basketball,Sports
2205,2206,19,BLOG,16,2023-05-03,13,19,382,139,Hockey Stick,Sports
2206,2207,21,Socialmedia,62,2024-02-26,8,1,3475,698,Running Shoes,Sports
2207,2208,4,blog,5,2024-10-22,15,6,689,62,Tennis Racket,Sports
2208,2209,20,newsletter,0,2025-12-14,2,17,248,8,Surfboard,Sports
2209,2210,45,Socialmedia,32,2023-09-26,3,6,978,185,Tennis Racket,Sports
2210,2211,40,newsletter,24,2024-10-01,7,10,1123,160,Golf Clubs,Sports
2211,2212,16,Video,0,2025-11-06,1,3,362,5,Yoga Mat,Sports
2212,2213,6,BLOG,461,2023-06-07,15,7,6123,1627,Basketball,Sports
2213,2214,50,video,29,2024-11-05,5,11,3179,274,Ski Boots,Sports
2214,2215,24,video,243,2023-12-27,5,17,3964,927,Surfboard,Sports
2215,2216,11,Video,71,2024-05-25,15,6,4773,590,Tennis Racket,Sports
2216,2217,47,VIDEO,0,2025-10-16,13,12,453,11,Ice Skates,Sports
2217,2218,23,SOCIALMEDIA,300,2023-07-07,8,9,3493,1187,Baseball Glove,Sports
2218,2219,22,video,1,2025-04-30,10,5,296,14,Soccer Ball,Sports
2219,2220,27,newsletter,14,2024-10-22,2,8,3732,149,Football Helmet,Sports
2220,2221,36,VIDEO,25,2024-11-09,9,14,2939,296,Cycling Helmet,Sports
2221,2222,30,Video,95,2024-04-20,8,12,4786,612,Ice Skates,Sports
2222,2223,30,SOCIALMEDIA,658,2023-06-13,4,18,6638,2582,Volleyball,Sports
2223,2224,30,Blog,0,2025-11-12,20,16,671,12,Kayak,Sports
2224,2225,14,video,0,2025-10-21,11,11,348,4,Ski Boots,Sports
2225,2226,6,NEWSLETTER,7,2023-10-13,14,2,349,43,Fitness Tracker,Sports
2226,2227,3,BLOG,4,2024-11-08,6,19,653,93,Hockey Stick,Sports
2227,2228,12,video,15,2023-11-24,20,18,725,74,Volleyball,Sports
2228,2229,22,blog,12,2024-09-20,14,5,1073,74,Soccer Ball,Sports
2229,2230,32,socialmedia,31,2024-12-10,16,19,3279,203,Hockey Stick,Sports
2230,2231,21,VIDEO,2,2025-01-03,1,10,233,17,Golf Clubs,Sports
2231,2232,34,Socialmedia,19,2024-03-25,16,2,280,69,Fitness Tracker,Sports
2232,2233,47,Socialmedia,46,2024-08-27,17,1,2723,327,Running Shoes,Sports
2233,2234,49,Video,3,2025-07-13,8,6,1111,54,Tennis Racket,Sports
2234,2235,19,SOCIALMEDIA,5,2025-05-06,1,14,1989,214,Cycling Helmet,Sports
2235,2236,32,SOCIALMEDIA,32,2024-03-28,4,14,1049,175,Cycling Helmet,Sports
2236,2237,42,NEWSLETTER,0,2025-10-14,14,4,645,19,Dumbbells,Sports
2237,2238,45,socialmedia,5,2023-07-29,14,3,173,63,Yoga Mat,Sports
2238,2239,17,blog,0,2025-09-15,4,5,163,3,Soccer Ball,Sports
2239,2240,30,SOCIALMEDIA,16,2024-12-24,2,9,2889,250,Baseball Glove,Sports
2240,2241,48,Newsletter,95,2024-04-17,10,4,5027,819,Dumbbells,Sports
2241,2242,9,Blog,40,2024-07-29,4,12,4533,817,Ice Skates,Sports
2242,2243,37,video,66,2024-09-23,18,3,1930,396,Yoga Mat,Sports
2243,2244,47,newsletter,1,2025-07-16,3,5,366,21,Soccer Ball,Sports
2244,2245,40,Video,0,2025-09-02,9,8,653,18,Football Helmet,Sports
2245,2246,4,socialmedia,20,2024-07-28,17,3,1111,98,Yoga Mat,Sports
2246,2247,34,Blog,888,2023-03-26,15,4,5629,2032,Dumbbells,Sports
2247,2248,31,blog,48,2023-10-01,18,19,1939,162,Hockey Stick,Sports
2248,2249,15,Blog,242,2024-02-15,3,7,5573,979,Basketball,Sports
2249,2250,16,Newsletter,0,2025-10-30,11,17,162,6,Surfboard,Sports
2250,2251,27,Socialmedia,229,2023-08-06,13,8,2953,1032,Football Helmet,Sports
2251,2252,34,blog,0,2025-12-25,7,3,769,22,Yoga Mat,Sports
2252,2253,8,video,8,2024-02-15,18,10,785,70,Golf Clubs,Sports
2253,2254,37,socialmedia,1,2025-10-16,5,14,917,32,Cycling Helmet,Sports
2254,2255,14,Socialmedia,4,2024-12-02,12,6,493,51,Tennis Racket,Sports
2255,2256,23,Blog,68,2024-11-13,15,5,3236,600,Soccer Ball,Sports
2256,2257,27,Video,64,2024-10-23,10,4,2122,346,Dumbbells,Sports
2257,2258,13,Blog,125,2023-05-10,16,13,2734,489,Swim Goggles,Sports
2258,2259,13,Video,61,2023-08-15,7,13,3708,684,Swim Goggles,Sports
2259,2260,30,Video,12,2024-10-19,18,18,503,80,Volleyball,Sports
2260,2261,39,Video,156,2024-02-02,2,13,3812,619,Swim Goggles,Sports
2261,2262,1,socialmedia,0,2025-10-04,6,12,108,5,Ice Skates,Sports
2262,2263,34,Socialmedia,8,2024-10-19,5,19,341,52,Hockey Stick,Sports
2263,2264,13,BLOG,199,2024-05-24,8,1,3981,863,Running Shoes,Sports
2264,2265,6,Newsletter,0,2025-12-22,12,14,908,14,Cycling Helmet,Sports
2265,2266,42,Newsletter,39,2024-03-30,12,6,3519,259,Tennis Racket,Sports
2266,2267,18,NEWSLETTER,144,2023-04-09,17,3,2645,677,Yoga Mat,Sports
2267,2268,49,Newsletter,1,2025-11-02,14,4,847,36,Dumbbells,Sports
2268,2269,29,Video,3,2024-11-26,16,1,983,61,Running Shoes,Sports
2269,2270,4,socialmedia,22,2024-09-26,14,18,2028,350,Volleyball,Sports
2270,2271,43,socialmedia,11,2024-12-22,5,11,2288,231,Ski Boots,Sports
2271,2272,3,VIDEO,14,2024-03-12,3,2,373,97,Fitness Tracker,Sports
2272,2273,43,newsletter,17,2025-01-23,9,14,2186,230,Cycling Helmet,Sports
2273,2274,48,blog,433,2023-04-23,10,4,6033,2366,Dumbbells,Sports
2274,2275,25,blog,16,2024-10-02,6,10,2171,383,Golf Clubs,Sports
2275,2276,34,newsletter,806,2023-03-29,7,10,6440,1896,Golf Clubs,Sports
2276,2277,32,NEWSLETTER,1142,2023-03-07,20,4,8131,2613,Dumbbells,Sports
2277,2278,39,Socialmedia,10,2025-04-13,16,19,1461,120,Hockey Stick,Sports
2278,2279,7,Video,8,2025-05-22,14,14,1956,108,Cycling Helmet,Sports
2279,2280,38,video,0,2025-12-16,6,15,80,2,Climbing Rope,Sports
2280,2281,24,VIDEO,137,2024-01-07,17,9,4418,648,Baseball Glove,Sports
2281,2282,25,Newsletter,46,2024-06-27,13,8,1231,299,Football Helmet,Sports
2282,2283,38,newsletter,2,2025-05-12,3,18,1411,33,Volleyball,Sports
2283,2284,15,Socialmedia,448,2023-03-21,20,16,8876,1278,Kayak,Sports
2284,2285,26,Newsletter,21,2025-02-21,13,18,1155,156,Volleyball,Sports
2285,2286,20,Blog,6,2024-07-29,18,20,449,29,Boxing Gloves,Sports
2286,2287,3,Newsletter,13,2024-12-20,10,17,2918,186,Surfboard,Sports
2287,2288,19,Socialmedia,162,2023-07-02,1,15,3418,426,Climbing Rope,Sports
2288,2289,30,Blog,37,2024-02-21,14,14,2817,178,Cycling Helmet,Sports
2289,2290,46,SOCIALMEDIA,24,2024-11-14,4,17,1066,160,Surfboard,Sports
2290,2291,35,blog,1,2025-12-28,2,5,808,29,Soccer Ball,Sports
2291,2292,48,newsletter,130,2023-12-31,15,6,2542,691,Tennis Racket,Sports
2292,2293,40,SOCIALMEDIA,87,2024-06-07,5,13,3605,539,Swim Goggles,Sports
2293,2294,34,video,1,2025-10-20,10,12,640,28,Ice Skates,Sports
2294,2295,48,blog,41,2024-09-11,9,9,3187,280,Baseball Glove,Sports
2295,2296,43,socialmedia,21,2023-04-09,3,11,314,140,Ski Boots,Sports
2296,2297,25,Blog,24,2024-12-04,3,14,2041,293,Cycling Helmet,Sports
2297,2298,17,socialmedia,125,2024-10-09,9,20,3481,659,Boxing Gloves,Sports
2298,2299,39,video,299,2023-04-01,11,20,3131,687,Boxing Gloves,Sports
2299,2300,50,Video,75,2024-01-26,16,12,5160,981,Ice Skates,Sports
2300,2301,44,Blog,33,2024-01-09,8,13,1702,309,Swim Goggles,Sports
2301,2302,13,Blog,0,2025-11-30,11,10,785,11,Golf Clubs,Sports
2302,2303,38,Socialmedia,19,2024-05-02,3,3,895,105,Yoga Mat,Sports
2303,2304,6,blog,147,2023-01-15,7,6,3446,1161,Tennis Racket,Sports
2304,2305,26,newsletter,195,2023-08-15,9,2,3077,500,Fitness Tracker,Sports
2305,2306,18,BLOG,286,2023-05-09,14,12,5444,817,Ice Skates,Sports
2306,2307,40,newsletter,0,2025-09-11,15,5,582,13,Soccer Ball,Sports
2307,2308,37,NEWSLETTER,1,2025-05-04,17,4,1480,33,Dumbbells,Sports
2308,2309,5,BLOG,0,2025-08-08,9,18,555,26,Volleyball,Sports
2309,2310,24,video,13,2025-02-27,12,9,1934,167,Baseball Glove,Sports
2310,2311,14,Socialmedia,1,2025-06-23,9,18,808,26,Volleyball,Sports
2311,2312,24,Video,0,2025-11-05,7,7,395,10,Basketball,Sports
2312,2313,4,Blog,77,2024-10-13,11,9,3592,435,Baseball Glove,Sports
2313,2314,33,Socialmedia,35,2024-01-31,8,3,4584,428,Yoga Mat,Sports
2314,2315,13,Socialmedia,41,2024-02-17,19,18,1150,298,Volleyball,Sports
2315,2316,18,SOCIALMEDIA,233,2024-04-02,4,18,5770,844,Volleyball,Sports
2316,2317,28,video,25,2024-09-26,20,7,1816,282,Basketball,Sports
2317,2318,30,blog,57,2024-03-25,13,1,2783,299,Running Shoes,Sports
2318,2319,42,Newsletter,22,2024-08-10,20,5,947,168,Soccer Ball,Sports
2319,2320,21,Newsletter,142,2023-08-25,1,12,6025,1319,Ice Skates,Sports
2320,2321,32,video,111,2023-08-26,16,5,4382,1337,Soccer Ball,Sports
2321,2322,21,Video,2,2025-06-23,13,6,1144,41,Tennis Racket,Sports
2322,2323,10,blog,0,2025-07-30,4,16,791,13,Kayak,Sports
2323,2324,5,socialmedia,42,2024-03-11,10,8,776,148,Football Helmet,Sports
2324,2325,17,video,38,2024-10-13,10,2,3480,409,Fitness Tracker,Sports
2325,2326,16,blog,1,2025-07-22,1,15,467,28,Climbing Rope,Sports
2326,2327,44,BLOG,55,2023-11-18,14,19,2845,263,Hockey Stick,Sports
2327,2328,42,SOCIALMEDIA,248,2023-07-12,18,14,4599,741,Cycling Helmet,Sports
2328,2329,42,blog,2,2025-03-18,13,20,795,25,Boxing Gloves,Sports
2329,2330,44,Socialmedia,47,2024-11-28,11,11,1747,264,Ski Boots,Sports
2330,2331,7,Socialmedia,9,2025-05-01,12,9,932,87,Baseball Glove,Sports
2331,2332,42,newsletter,186,2024-04-16,8,3,4279,856,Yoga Mat,Sports
2332,2333,44,socialmedia,243,2023-11-10,12,4,4773,1646,Dumbbells,Sports
2333,2334,39,Newsletter,158,2023-09-02,4,1,2919,623,Running Shoes,Sports
2334,2335,49,video,5,2025-04-27,8,5,1043,55,Soccer Ball,Sports
2335,2336,40,socialmedia,16,2025-03-15,16,2,1558,169,Fitness Tracker,Sports
2336,2337,40,Newsletter,732,2023-10-19,6,4,6849,2132,Dumbbells,Sports
2337,2338,25,Video,27,2024-10-14,4,2,1668,156,Fitness Tracker,Sports
2338,2339,15,Video,1,2025-08-13,3,19,1151,52,Hockey Stick,Sports
2339,2340,34,socialmedia,137,2023-06-19,12,12,1648,476,Ice Skates,Sports
2340,2341,44,Socialmedia,296,2023-09-25,1,13,2915,1016,Swim Goggles,Sports
2341,2342,35,VIDEO,148,2023-12-16,10,4,3069,615,Dumbbells,Sports
2342,2343,19,socialmedia,13,2024-11-16,11,1,1936,76,Running Shoes,Sports
2343,2344,21,Blog,64,2023-01-07,12,4,4209,475,Dumbbells,Sports
2344,2345,38,Newsletter,1,2025-07-05,17,15,579,26,Climbing Rope,Sports
2345,2346,17,socialmedia,2,2025-06-22,18,4,534,27,Dumbbells,Sports
2346,2347,1,Video,0,2025-08-19,7,15,1137,32,Climbing Rope,Sports
2347,2348,49,BLOG,9,2024-10-28,16,19,319,52,Hockey Stick,Sports
2348,2349,23,Blog,231,2023-04-14,15,14,7708,1242,Cycling Helmet,Sports
2349,2350,24,Blog,0,2025-04-16,3,1,1225,30,Running Shoes,Sports
2350,2351,38,newsletter,1,2025-08-07,14,7,574,30,Basketball,Sports
2351,2352,22,Video,0,2025-11-09,3,10,225,6,Golf Clubs,Sports
2352,2353,5,Video,0,2025-10-24,5,10,127,5,Golf Clubs,Sports
2353,2354,14,Socialmedia,312,2023-11-15,8,17,3896,927,Surfboard,Sports
2354,2355,47,newsletter,3,2025-06-28,2,15,814,55,Climbing Rope,Sports
2355,2356,32,BLOG,100,2023-09-11,20,12,3393,734,Ice Skates,Sports
2356,2357,26,socialmedia,9,2025-04-25,18,5,795,87,Soccer Ball,Sports
2357,2358,41,Newsletter,24,2024-05-05,10,3,1853,207,Yoga Mat,Sports
2358,2359,38,Socialmedia,98,2024-03-10,13,7,2957,711,Basketball,Sports
2359,2360,40,Newsletter,10,2025-05-13,10,10,1441,120,Golf Clubs,Sports
2360,2361,18,socialmedia,0,2025-10-31,3,10,229,11,Golf Clubs,Sports
2361,2362,14,socialmedia,11,2025-01-27,12,10,1886,80,Golf Clubs,Sports
2362,2363,35,Newsletter,0,2025-09-14,11,17,906,20,Surfboard,Sports
2363,2364,24,blog,173,2023-04-10,17,19,4984,605,Hockey Stick,Sports
2364,2365,29,BLOG,1,2025-11-06,19,9,654,30,Baseball Glove,Sports
2365,2366,36,Socialmedia,12,2025-03-12,11,19,1548,101,Hockey Stick,Sports
2366,2367,34,blog,12,2024-09-09,8,15,1838,171,Climbing Rope,Sports
2367,2368,38,Socialmedia,227,2024-02-10,13,10,5012,1462,Golf Clubs,Sports
2368,2369,27,Blog,96,2023-07-24,2,2,4655,857,Fitness Tracker,Sports
2369,2370,22,blog,35,2023-06-23,9,1,3466,420,Running Shoes,Sports
2370,2371,25,Blog,2,2025-07-16,19,14,1028,77,Cycling Helmet,Sports
2371,2372,31,Blog,13,2024-11-19,2,10,1630,114,Golf Clubs,Sports
2372,2373,5,VIDEO,415,2023-09-25,15,4,6321,1308,Dumbbells,Sports
2373,2374,14,socialmedia,45,2024-06-08,19,7,2299,294,Basketball,Sports
2374,2375,7,blog,17,2024-08-03,12,6,1394,85,Tennis Racket,Sports
2375,2376,23,BLOG,0,2025-12-28,4,18,223,7,Volleyball,Sports
2376,2377,50,socialmedia,0,2025-09-08,3,13,527,9,Swim Goggles,Sports
2377,2378,11,Newsletter,491,2023-08-08,7,10,4364,1360,Golf Clubs,Sports
2378,2379,8,Newsletter,188,2023-05-13,13,17,1707,557,Surfboard,Sports
2379,2380,34,BLOG,336,2023-09-16,19,9,7069,1989,Baseball Glove,Sports
2380,2381,18,Socialmedia,13,2024-11-14,20,5,1670,185,Soccer Ball,Sports
2381,2382,1,NEWSLETTER,2,2025-06-14,1,6,818,64,Tennis Racket,Sports
2382,2383,2,Video,3,2025-07-15,14,8,1329,54,Football Helmet,Sports
2383,2384,25,Socialmedia,0,2025-11-11,5,19,281,8,Hockey Stick,Sports
2384,2385,26,newsletter,0,2025-12-02,15,9,283,8,Baseball Glove,Sports
2385,2386,28,Video,2,2025-08-12,4,16,825,51,Kayak,Sports
2386,2387,23,BLOG,23,2024-06-23,10,16,1648,137,Kayak,Sports
2387,2388,18,Socialmedia,127,2023-07-20,10,2,4070,1154,Fitness Tracker,Sports
2388,2389,26,Socialmedia,24,2024-02-22,3,10,2083,172,Golf Clubs,Sports
2389,2390,35,Socialmedia,584,2023-02-26,6,11,8365,1763,Ski Boots,Sports
2390,2391,28,newsletter,16,2024-11-17,6,13,1281,125,Swim Goggles,Sports
2391,2392,10,SOCIALMEDIA,1,2025-07-02,10,13,845,19,Swim Goggles,Sports
2392,2393,19,Socialmedia,0,2025-12-10,6,5,885,16,Soccer Ball,Sports
2393,2394,5,SOCIALMEDIA,0,2025-12-27,16,11,196,4,Ski Boots,Sports
2394,2395,5,video,534,2023-03-15,2,5,8891,2377,Soccer Ball,Sports
2395,2396,22,video,209,2023-12-31,15,3,4510,705,Yoga Mat,Sports
2396,2397,14,NEWSLETTER,152,2023-04-02,8,6,4483,706,Tennis Racket,Sports
2397,2398,6,NEWSLETTER,186,2023-11-23,13,3,2348,535,Yoga Mat,Sports
2398,2399,30,NEWSLETTER,4,2025-04-25,20,18,1022,112,Volleyball,Sports
2399,2400,27,Socialmedia,420,2023-03-30,16,9,7247,1796,Baseball Glove,Sports
2400,2401,46,newsletter,139,2023-06-11,2,14,1425,549,Cycling Helmet,Sports
2401,2402,32,socialmedia,50,2024-06-05,17,10,3265,618,Golf Clubs,Sports
2402,2403,43,Socialmedia,609,2023-06-14,3,17,7193,2365,Surfboard,Sports
2403,2404,39,newsletter,5,2025-04-20,20,11,1961,86,Ski Boots,Sports
2404,2405,5,Socialmedia,155,2023-02-23,13,12,1055,398,Ice Skates,Sports
2405,2406,47,Video,36,2023-12-31,4,18,582,138,Volleyball,Sports
2406,2407,37,SOCIALMEDIA,0,2025-07-03,7,3,260,13,Yoga Mat,Sports
2407,2408,48,Video,4,2025-06-10,6,14,955,74,Cycling Helmet,Sports
2408,2409,2,Blog,131,2023-12-26,6,2,4867,454,Fitness Tracker,Sports
2409,2410,35,Socialmedia,434,2024-01-22,16,15,5372,1685,Climbing Rope,Sports
2410,2411,30,newsletter,6,2025-03-30,14,20,1383,157,Boxing Gloves,Sports
2411,2412,22,SOCIALMEDIA,56,2024-07-25,10,13,4091,740,Swim Goggles,Sports
2412,2413,6,VIDEO,51,2025-01-11,19,3,3001,394,Yoga Mat,Sports
2413,2414,29,blog,0,2025-12-19,11,13,344,16,Swim Goggles,Sports
2414,2415,38,VIDEO,14,2023-11-13,12,1,796,74,Running Shoes,Sports
2415,2416,33,VIDEO,81,2023-09-19,16,6,2451,729,Tennis Racket,Sports
2416,2417,29,Socialmedia,219,2023-07-08,7,4,2044,667,Dumbbells,Sports
2417,2418,34,Video,120,2023-10-29,3,19,4653,764,Hockey Stick,Sports
2418,2419,18,Video,639,2023-03-24,11,7,8800,1514,Basketball,Sports
2419,2420,3,Newsletter,18,2024-11-27,13,12,1012,119,Ice Skates,Sports
2420,2421,13,NEWSLETTER,146,2023-12-31,8,6,4797,503,Tennis Racket,Sports
2421,2422,35,VIDEO,67,2023-08-29,14,6,2887,587,Tennis Racket,Sports
2422,2423,20,SOCIALMEDIA,312,2023-01-31,18,16,2663,1288,Kayak,Sports
2423,2424,33,Video,830,2023-05-28,15,12,8532,2442,Ice Skates,Sports
2424,2425,47,Socialmedia,163,2023-04-09,10,1,1546,658,Running Shoes,Sports
2425,2426,48,SOCIALMEDIA,25,2024-12-23,16,2,1822,232,Fitness Tracker,Sports
2426,2427,36,video,311,2024-01-08,19,17,5382,1091,Surfboard,Sports
2427,2428,21,blog,356,2023-04-12,18,20,4577,1951,Boxing Gloves,Sports
2428,2429,29,newsletter,2,2025-07-03,20,11,697,27,Ski Boots,Sports
2429,2430,11,SOCIALMEDIA,14,2024-08-17,8,10,499,94,Golf Clubs,Sports
2430,2431,48,Video,114,2024-02-11,16,9,4531,534,Baseball Glove,Sports
2431,2432,13,Socialmedia,63,2024-05-21,4,10,1456,273,Golf Clubs,Sports
2432,2433,20,Newsletter,27,2024-03-30,1,6,1644,122,Tennis Racket,Sports
2433,2434,9,socialmedia,471,2023-04-18,19,5,7066,2442,Soccer Ball,Sports
2434,2435,38,video,112,2024-07-22,6,20,4791,745,Boxing Gloves,Sports
2435,2436,5,newsletter,45,2024-09-04,15,18,2429,240,Volleyball,Sports
2436,2437,24,socialmedia,0,2025-05-04,18,17,69,5,Surfboard,Sports
2437,2438,19,socialmedia,11,2025-03-09,19,8,1220,95,Football Helmet,Sports
2438,2439,50,Video,69,2024-08-25,8,4,2406,357,Dumbbells,Sports
2439,2440,12,Socialmedia,4,2025-05-25,17,4,1730,55,Dumbbells,Sports
2440,2441,42,BLOG,4,2024-08-13,15,16,1497,80,Kayak,Sports
2441,2442,46,Video,40,2024-12-20,1,17,2720,257,Surfboard,Sports
2442,2443,37,newsletter,105,2024-05-06,13,3,1547,395,Yoga Mat,Sports
2443,2444,42,newsletter,326,2023-09-19,10,2,3397,1044,Fitness Tracker,Sports
2444,2445,13,Video,748,2023-02-26,15,16,4084,1741,Kayak,Sports
2445,2446,14,blog,386,2023-04-01,9,10,7236,938,Golf Clubs,Sports
2446,2447,3,Blog,620,2023-08-01,2,2,6715,2506,Fitness Tracker,Sports
2447,2448,28,blog,7,2024-05-26,9,12,560,82,Ice Skates,Sports
2448,2449,1,Newsletter,27,2024-11-21,17,17,2676,459,Surfboard,Sports
2449,2450,14,socialmedia,68,2024-03-20,18,11,5056,462,Ski Boots,Sports
2450,2451,46,newsletter,362,2023-01-31,14,6,6807,762,Tennis Racket,Sports
2451,2452,17,socialmedia,5,2025-06-10,3,18,1023,87,Volleyball,Sports
2452,2453,37,Socialmedia,0,2025-11-11,20,8,483,7,Football Helmet,Sports
2453,2454,5,blog,4,2025-06-02,3,8,580,51,Football Helmet,Sports
2454,2455,16,Newsletter,44,2024-04-08,6,15,2405,339,Climbing Rope,Sports
2455,2456,6,Blog,5,2025-04-27,3,12,1326,58,Ice Skates,Sports
2456,2457,7,BLOG,9,2023-12-24,20,15,605,74,Climbing Rope,Sports
2457,2458,40,Blog,4,2025-07-13,15,9,1095,62,Baseball Glove,Sports
2458,2459,10,Socialmedia,179,2023-07-08,12,10,2052,646,Golf Clubs,Sports
2459,2460,44,socialmedia,1,2025-08-09,12,17,500,28,Surfboard,Sports
2460,2461,6,Newsletter,100,2024-04-07,6,20,1970,551,Boxing Gloves,Sports
2461,2462,40,newsletter,31,2023-01-30,12,20,1957,304,Boxing Gloves,Sports
2462,2463,8,Socialmedia,287,2023-01-22,19,4,4036,810,Dumbbells,Sports
2463,2464,41,video,339,2024-01-03,1,13,6185,1208,Swim Goggles,Sports
2464,2465,19,VIDEO,0,2025-11-20,5,17,680,12,Surfboard,Sports
2465,2466,29,Blog,47,2024-12-28,13,12,2758,284,Ice Skates,Sports
2466,2467,15,Socialmedia,6,2024-08-16,6,2,1168,130,Fitness Tracker,Sports
2467,2468,39,VIDEO,118,2024-07-20,12,2,4517,961,Fitness Tracker,Sports
2468,2469,25,Blog,0,2025-10-29,4,2,559,23,Fitness Tracker,Sports
2469,2470,34,newsletter,1,2025-04-19,16,4,177,10,Dumbbells,Sports
2470,2471,20,Video,360,2023-01-27,13,5,2380,1009,Soccer Ball,Sports
2471,2472,23,socialmedia,205,2023-03-12,17,10,6509,971,Golf Clubs,Sports
2472,2473,5,Video,5,2024-07-22,19,17,1006,48,Surfboard,Sports
2473,2474,42,SOCIALMEDIA,0,2025-10-27,14,4,583,15,Dumbbells,Sports
2474,2475,31,video,181,2024-05-01,8,5,4244,1056,Soccer Ball,Sports
2475,2476,23,Socialmedia,308,2023-04-06,2,19,3915,1201,Hockey Stick,Sports
2476,2477,34,SOCIALMEDIA,6,2025-05-04,2,16,1799,179,Kayak,Sports
2477,2478,10,blog,32,2024-12-20,20,3,2640,295,Yoga Mat,Sports
2478,2479,15,video,511,2023-08-06,12,7,4627,1593,Basketball,Sports
2479,2480,46,Video,4,2024-03-16,12,7,394,28,Basketball,Sports
2480,2481,9,BLOG,30,2024-05-09,17,1,2523,262,Running Shoes,Sports
2481,2482,43,Video,115,2024-01-09,15,14,5677,1446,Cycling Helmet,Sports
2482,2483,13,NEWSLETTER,27,2024-02-13,5,13,2100,295,Swim Goggles,Sports
2483,2484,23,VIDEO,0,2025-03-10,4,15,89,8,Climbing Rope,Sports
2484,2485,12,VIDEO,158,2023-01-14,18,1,3087,748,Running Shoes,Sports
2485,2486,22,NEWSLETTER,230,2023-08-08,19,9,4229,598,Baseball Glove,Sports
2486,2487,18,Newsletter,0,2025-12-11,14,18,146,3,Volleyball,Sports
2487,2488,19,NEWSLETTER,1,2025-07-14,13,19,1344,89,Hockey Stick,Sports
2488,2489,7,video,85,2024-06-08,13,1,4029,791,Running Shoes,Sports
2489,2490,43,socialmedia,90,2024-06-04,7,15,2327,478,Climbing Rope,Sports
2490,2491,35,VIDEO,58,2023-12-20,4,14,1364,306,Cycling Helmet,Sports
2491,2492,24,Blog,678,2023-01-30,11,10,6240,2147,Golf Clubs,Sports
2492,2493,8,video,104,2023-09-06,12,10,3120,323,Golf Clubs,Sports
2493,2494,49,socialmedia,766,2023-08-25,2,7,5368,2010,Basketball,Sports
2494,2495,27,blog,0,2025-09-16,8,7,141,4,Basketball,Sports
2495,2496,14,blog,17,2025-02-23,19,3,1791,130,Yoga Mat,Sports
2496,2497,8,Newsletter,9,2024-10-29,7,20,1096,159,Boxing Gloves,Sports
2497,2498,32,Video,1,2025-09-23,18,2,805,33,Fitness Tracker,Sports
2498,2499,39,Newsletter,149,2023-08-08,15,12,1772,508,Ice Skates,Sports
2499,2500,18,Socialmedia,76,2024-04-10,13,17,1602,429,Surfboard,Sports
2500,2501,48,NEWSLETTER,12,2025-02-10,5,1,1417,111,Running Shoes,Sports
2501,2502,41,NEWSLETTER,60,2023-06-22,7,18,1553,167,Volleyball,Sports
2502,2503,5,BLOG,126,2024-03-04,4,1,1505,439,Running Shoes,Sports
2503,2504,11,Blog,0,2025-09-20,13,17,456,12,Surfboard,Sports
2504,2505,30,newsletter,86,2024-01-24,20,9,1481,282,Baseball Glove,Sports
2505,2506,36,Newsletter,29,2025-01-15,15,8,3164,317,Football Helmet,Sports
2506,2507,49,Newsletter,116,2024-02-17,6,15,4104,612,Climbing Rope,Sports
2507,2508,2,NEWSLETTER,16,2023-06-20,19,17,172,40,Surfboard,Sports
2508,2509,18,Newsletter,17,2024-08-10,1,20,756,137,Boxing Gloves,Sports
2509,2510,21,BLOG,123,2023-07-10,8,1,6521,577,Running Shoes,Sports
2510,2511,6,Video,1,2025-05-29,14,5,1515,75,Soccer Ball,Sports
2511,2512,14,video,1,2025-07-22,5,3,979,46,Yoga Mat,Sports
2512,2513,6,BLOG,950,2023-02-20,20,14,6599,2651,Cycling Helmet,Sports
2513,2514,47,SOCIALMEDIA,215,2024-01-06,3,20,2410,703,Boxing Gloves,Sports
2514,2515,10,Newsletter,0,2025-09-19,20,16,430,8,Kayak,Sports
2515,2516,31,Socialmedia,0,2025-12-19,12,12,602,12,Ice Skates,Sports
2516,2517,35,newsletter,4,2025-05-26,9,18,1127,47,Volleyball,Sports
2517,2518,5,socialmedia,0,2025-11-26,2,3,815,31,Yoga Mat,Sports
2518,2519,25,BLOG,0,2025-11-24,15,16,232,2,Kayak,Sports
2519,2520,48,Blog,9,2025-04-06,7,7,1041,92,Basketball,Sports
2520,2521,7,Blog,76,2024-03-15,6,16,3859,738,Kayak,Sports
2521,2522,20,SOCIALMEDIA,863,2023-02-17,1,16,6279,2064,Kayak,Sports
2522,2523,44,newsletter,312,2023-08-12,5,4,5646,1910,Dumbbells,Sports
2523,2524,8,NEWSLETTER,19,2025-04-01,5,20,1704,209,Boxing Gloves,Sports
2524,2525,38,video,1,2025-11-18,2,16,886,36,Kayak,Sports
2525,2526,40,Video,79,2024-01-05,10,14,2438,779,Cycling Helmet,Sports
2526,2527,14,Newsletter,30,2023-07-14,19,10,474,96,Golf Clubs,Sports
2527,2528,50,Video,0,2025-07-16,8,11,765,18,Ski Boots,Sports
2528,2529,8,Newsletter,20,2025-04-17,7,2,2019,221,Fitness Tracker,Sports
2529,2530,3,Blog,0,2025-08-10,11,1,33,1,Running Shoes,Sports
2530,2531,43,video,93,2023-11-13,7,1,3222,1016,Running Shoes,Sports
2531,2532,9,blog,137,2024-09-24,12,16,3669,707,Kayak,Sports
2532,2533,6,blog,9,2025-05-16,17,19,1555,94,Hockey Stick,Sports
2533,2534,43,Video,0,2025-12-11,6,17,490,6,Surfboard,Sports
2534,2535,14,Newsletter,96,2024-01-22,1,19,6284,1254,Hockey Stick,Sports
2535,2536,40,BLOG,0,2025-11-21,12,15,184,7,Climbing Rope,Sports
2536,2537,38,Socialmedia,5,2025-04-30,5,13,1012,107,Swim Goggles,Sports
2537,2538,7,blog,307,2024-01-06,20,20,5128,1485,Boxing Gloves,Sports
2538,2539,1,video,6,2025-04-20,17,10,1540,104,Golf Clubs,Sports
2539,2540,33,Video,2,2023-10-14,19,20,215,22,Boxing Gloves,Sports
2540,2541,44,socialmedia,0,2025-12-06,9,1,279,8,Running Shoes,Sports
2541,2542,26,socialmedia,162,2023-04-16,2,9,4522,467,Baseball Glove,Sports
2542,2543,8,Blog,531,2023-01-09,10,2,9032,1108,Fitness Tracker,Sports
2543,2544,46,SOCIALMEDIA,246,2023-07-06,20,14,2505,786,Cycling Helmet,Sports
2544,2545,27,Blog,313,2023-10-16,13,18,7226,1794,Volleyball,Sports
2545,2546,30,VIDEO,289,2023-10-09,7,1,6158,1035,Running Shoes,Sports
2546,2547,8,Socialmedia,133,2024-03-18,6,20,2612,554,Boxing Gloves,Sports
2547,2548,37,Video,117,2023-02-20,6,7,2700,663,Basketball,Sports
2548,2549,27,socialmedia,72,2023-10-24,1,18,5278,472,Volleyball,Sports
2549,2550,3,newsletter,0,2025-12-06,4,14,622,9,Cycling Helmet,Sports
2550,2551,3,Socialmedia,7,2024-12-12,15,2,2601,149,Fitness Tracker,Sports
2551,2552,40,Socialmedia,24,2024-11-02,20,18,3259,182,Volleyball,Sports
2552,2553,10,blog,5,2025-05-22,12,1,1813,52,Running Shoes,Sports
2553,2554,33,NEWSLETTER,0,2025-12-22,4,11,581,14,Ski Boots,Sports
2554,2555,30,Socialmedia,2,2024-09-23,11,5,183,14,Soccer Ball,Sports
2555,2556,20,Blog,28,2024-12-14,19,3,3284,337,Yoga Mat,Sports
2556,2557,35,video,56,2023-12-02,3,4,2177,361,Dumbbells,Sports
2557,2558,46,Video,6,2025-03-07,3,6,1892,208,Tennis Racket,Sports
2558,2559,40,BLOG,0,2025-12-02,19,7,317,14,Basketball,Sports
2559,2560,21,NEWSLETTER,252,2023-06-16,5,20,4057,1220,Boxing Gloves,Sports
2560,2561,35,Blog,67,2024-03-13,9,12,5719,580,Ice Skates,Sports
2561,2562,2,NEWSLETTER,0,2025-09-04,8,19,368,16,Hockey Stick,Sports
2562,2563,21,Blog,546,2023-03-20,13,19,4889,2067,Hockey Stick,Sports
2563,2564,6,Newsletter,23,2023-03-29,12,11,939,209,Ski Boots,Sports
2564,2565,44,newsletter,0,2025-10-13,10,4,473,20,Dumbbells,Sports
2565,2566,37,newsletter,13,2024-03-18,6,8,747,95,Football Helmet,Sports
2566,2567,12,socialmedia,4,2024-07-17,5,6,105,24,Tennis Racket,Sports
2567,2568,40,SOCIALMEDIA,3,2025-05-08,3,1,513,42,Running Shoes,Sports
2568,2569,46,BLOG,25,2024-04-25,13,13,3935,252,Swim Goggles,Sports
2569,2570,17,SOCIALMEDIA,231,2023-12-29,19,3,6526,1814,Yoga Mat,Sports
2570,2571,4,Newsletter,91,2024-11-07,16,19,3795,512,Hockey Stick,Sports
2571,2572,43,video,425,2023-12-07,19,8,4606,1538,Football Helmet,Sports
2572,2573,49,BLOG,145,2023-12-01,5,1,5130,1234,Running Shoes,Sports
2573,2574,19,Socialmedia,15,2024-02-07,18,10,949,191,Golf Clubs,Sports
2574,2575,11,socialmedia,111,2024-05-03,2,20,4079,550,Boxing Gloves,Sports
2575,2576,14,video,22,2024-12-28,2,5,3181,166,Soccer Ball,Sports
2576,2577,34,Newsletter,18,2023-12-24,5,8,721,103,Football Helmet,Sports
2577,2578,9,socialmedia,0,2025-10-10,2,7,902,18,Basketball,Sports
2578,2579,35,SOCIALMEDIA,0,2024-12-22,12,15,114,10,Climbing Rope,Sports
2579,2580,19,blog,159,2024-05-24,14,9,4277,907,Baseball Glove,Sports
2580,2581,22,blog,116,2024-03-02,17,13,4882,817,Swim Goggles,Sports
2581,2582,11,video,0,2025-11-21,4,9,933,29,Baseball Glove,Sports
2582,2583,18,Blog,0,2025-11-11,4,8,104,2,Football Helmet,Sports
2583,2584,33,socialmedia,52,2024-05-04,8,7,905,239,Basketball,Sports
2584,2585,19,blog,197,2024-04-15,13,15,3312,787,Climbing Rope,Sports
2585,2586,14,VIDEO,0,2025-09-18,7,9,625,27,Baseball Glove,Sports
2586,2587,3,Blog,42,2024-06-03,2,11,829,166,Ski Boots,Sports
2587,2588,40,Blog,0,2025-11-02,17,11,570,25,Ski Boots,Sports
2588,2589,44,BLOG,3,2025-03-19,16,16,433,28,Kayak,Sports
2589,2590,11,NEWSLETTER,88,2024-06-03,14,3,4801,846,Yoga Mat,Sports
2590,2591,15,newsletter,303,2023-11-14,19,7,6948,1406,Basketball,Sports
2591,2592,1,blog,4,2025-05-04,6,14,881,72,Cycling Helmet,Sports
2592,2593,9,video,273,2024-01-20,6,5,5753,1060,Soccer Ball,Sports
2593,2594,50,Video,3,2025-08-04,9,6,1000,65,Tennis Racket,Sports
2594,2595,4,Blog,60,2024-02-08,19,1,2991,808,Running Shoes,Sports
2595,2596,38,BLOG,0,2025-12-04,17,15,927,32,Climbing Rope,Sports
2596,2597,37,Blog,0,2024-12-13,4,10,49,4,Golf Clubs,Sports
2597,2598,35,NEWSLETTER,485,2023-05-26,6,16,7499,1724,Kayak,Sports
2598,2599,25,Blog,347,2023-10-18,8,18,5168,969,Volleyball,Sports
2599,2600,49,BLOG,450,2023-01-11,17,9,7360,1951,Baseball Glove,Sports
2600,2601,40,video,235,2024-03-08,10,9,4919,1253,Baseball Glove,Sports
2601,2602,5,socialmedia,73,2024-08-12,14,19,3703,393,Hockey Stick,Sports
2602,2603,16,Video,46,2023-05-14,7,6,872,115,Tennis Racket,Sports
2603,2604,13,SOCIALMEDIA,4,2024-12-21,8,20,1972,127,Boxing Gloves,Sports
2604,2605,47,Socialmedia,0,2025-10-28,13,5,252,2,Soccer Ball,Sports
2605,2606,32,blog,88,2024-04-11,2,8,1725,435,Football Helmet,Sports
2606,2607,36,Socialmedia,129,2023-11-12,16,13,3548,1019,Swim Goggles,Sports
2607,2608,2,Newsletter,43,2023-10-27,4,8,734,124,Football Helmet,Sports
2608,2609,42,Socialmedia,142,2023-11-25,17,7,4129,440,Basketball,Sports
2609,2610,7,Blog,5,2025-05-13,7,7,1569,53,Basketball,Sports
2610,2611,1,Video,0,2025-11-04,10,9,831,34,Baseball Glove,Sports
2611,2612,20,video,62,2024-03-31,4,11,3003,694,Ski Boots,Sports
2612,2613,24,Blog,49,2024-06-25,15,16,1547,348,Kayak,Sports
2613,2614,15,Blog,3,2025-02-20,14,20,1879,72,Boxing Gloves,Sports
2614,2615,46,Video,121,2023-03-15,3,11,2437,315,Ski Boots,Sports
2615,2616,26,Socialmedia,2,2024-11-17,13,1,546,34,Running Shoes,Sports
2616,2617,7,Newsletter,35,2024-06-29,11,4,1189,254,Dumbbells,Sports
2617,2618,26,video,7,2025-04-08,19,19,1608,184,Hockey Stick,Sports
2618,2619,7,NEWSLETTER,19,2024-08-23,14,12,1295,123,Ice Skates,Sports
2619,2620,37,socialmedia,980,2023-03-24,17,9,8748,3546,Baseball Glove,Sports
2620,2621,48,newsletter,252,2023-04-14,20,16,3467,841,Kayak,Sports
2621,2622,35,Blog,8,2025-03-09,12,3,1851,202,Yoga Mat,Sports
2622,2623,6,video,93,2024-06-08,18,10,1809,378,Golf Clubs,Sports
2623,2624,13,video,7,2025-07-19,19,7,1469,108,Basketball,Sports
2624,2625,46,Video,19,2025-01-18,12,11,2797,154,Ski Boots,Sports
2625,2626,37,Blog,494,2023-05-18,8,11,7567,1222,Ski Boots,Sports
2626,2627,25,Video,0,2025-08-29,17,11,315,13,Ski Boots,Sports
2627,2628,30,newsletter,0,2025-03-30,4,2,354,10,Fitness Tracker,Sports
2628,2629,7,blog,28,2023-11-25,12,17,1513,300,Surfboard,Sports
2629,2630,40,Newsletter,1,2024-11-12,9,16,128,20,Kayak,Sports
2630,2631,38,newsletter,36,2024-10-20,16,3,3268,281,Yoga Mat,Sports
2631,2632,29,blog,10,2025-05-01,5,14,2161,117,Cycling Helmet,Sports
2632,2633,20,socialmedia,123,2023-07-24,13,6,4297,1051,Tennis Racket,Sports
2633,2634,12,NEWSLETTER,1,2025-06-24,3,6,1026,23,Tennis Racket,Sports
2634,2635,36,blog,73,2024-07-24,11,1,4411,967,Running Shoes,Sports
2635,2636,10,Video,196,2023-05-06,18,5,7810,2034,Soccer Ball,Sports
2636,2637,13,Newsletter,21,2025-04-11,19,17,1902,212,Surfboard,Sports
2637,2638,5,Blog,22,2025-01-28,1,14,1871,169,Cycling Helmet,Sports
2638,2639,3,video,1,2024-06-07,3,18,102,5,Volleyball,Sports
2639,2640,23,Socialmedia,101,2024-07-10,19,6,3823,494,Tennis Racket,Sports
2640,2641,6,video,8,2025-02-02,6,9,2607,161,Baseball Glove,Sports
2641,2642,18,Newsletter,19,2024-08-26,5,14,1666,244,Cycling Helmet,Sports
2642,2643,45,newsletter,66,2024-05-06,13,19,4635,505,Hockey Stick,Sports
2643,2644,4,Blog,152,2024-03-20,3,20,4136,1100,Boxing Gloves,Sports
2644,2645,3,newsletter,23,2025-03-15,16,6,2408,290,Tennis Racket,Sports
2645,2646,21,Socialmedia,672,2023-03-23,9,15,9249,3643,Climbing Rope,Sports
2646,2647,23,newsletter,1,2024-11-11,16,9,225,13,Baseball Glove,Sports
2647,2648,10,video,0,2025-10-07,7,5,353,7,Soccer Ball,Sports
2648,2649,17,blog,0,2025-11-25,15,2,369,15,Fitness Tracker,Sports
2649,2650,40,newsletter,66,2024-03-18,2,6,2424,491,Tennis Racket,Sports
2650,2651,47,SOCIALMEDIA,168,2023-08-30,10,2,6379,858,Fitness Tracker,Sports
2651,2652,13,SOCIALMEDIA,983,2023-04-28,18,17,5935,2411,Surfboard,Sports
2652,2653,29,Socialmedia,2,2025-04-02,16,12,1620,55,Ice Skates,Sports
2653,2654,39,VIDEO,50,2024-09-02,9,18,2667,461,Volleyball,Sports
2654,2655,18,NEWSLETTER,10,2025-04-17,19,7,1201,108,Basketball,Sports
2655,2656,9,blog,0,2025-11-28,13,13,882,13,Swim Goggles,Sports
2656,2657,38,Newsletter,99,2023-02-12,7,12,2914,559,Ice Skates,Sports
2657,2658,19,Blog,69,2023-10-11,3,14,1087,348,Cycling Helmet,Sports
2658,2659,40,blog,14,2024-10-21,5,11,1244,104,Ski Boots,Sports
2659,2660,31,Video,255,2023-10-18,9,6,4776,832,Tennis Racket,Sports
2660,2661,14,Newsletter,25,2023-11-18,2,10,1689,238,Golf Clubs,Sports
2661,2662,7,newsletter,692,2023-10-08,3,1,5719,1934,Running Shoes,Sports
2662,2663,11,Socialmedia,414,2023-04-03,13,20,5396,910,Boxing Gloves,Sports
2663,2664,46,blog,165,2023-05-16,4,3,3541,1296,Yoga Mat,Sports
2664,2665,13,Newsletter,2,2025-05-20,12,4,469,45,Dumbbells,Sports
2665,2666,14,Newsletter,11,2025-03-24,4,12,1466,163,Ice Skates,Sports
2666,2667,29,VIDEO,0,2024-10-19,12,17,82,5,Surfboard,Sports
2667,2668,28,Blog,0,2025-12-19,20,12,595,26,Ice Skates,Sports
2668,2669,37,NEWSLETTER,1,2025-06-15,16,2,1194,94,Fitness Tracker,Sports
2669,2670,18,socialmedia,38,2024-01-02,6,11,1407,188,Ski Boots,Sports
2670,2671,32,Newsletter,0,2025-04-29,11,17,504,23,Surfboard,Sports
2671,2672,3,video,1,2024-09-25,15,20,159,15,Boxing Gloves,Sports
2672,2673,39,Newsletter,57,2024-11-05,20,15,3091,382,Climbing Rope,Sports
2673,2674,29,newsletter,0,2025-11-29,13,16,669,6,Kayak,Sports
2674,2675,26,Video,4,2024-11-25,13,13,589,43,Swim Goggles,Sports
2675,2676,39,blog,0,2025-11-30,16,12,293,5,Ice Skates,Sports
2676,2677,31,Socialmedia,16,2024-05-29,17,5,1648,253,Soccer Ball,Sports
2677,2678,46,Newsletter,137,2024-05-22,9,18,4657,1189,Volleyball,Sports
2678,2679,25,SOCIALMEDIA,6,2024-09-25,2,13,667,70,Swim Goggles,Sports
2679,2680,12,Blog,30,2024-11-18,16,2,2076,278,Fitness Tracker,Sports
2680,2681,48,BLOG,0,2025-09-03,7,19,512,17,Hockey Stick,Sports
2681,2682,27,NEWSLETTER,25,2024-10-07,7,17,3315,544,Surfboard,Sports
2682,2683,21,socialmedia,16,2024-11-02,10,5,1997,317,Soccer Ball,Sports
2683,2684,37,Video,116,2023-07-10,6,5,1402,382,Soccer Ball,Sports
2684,2685,19,Socialmedia,404,2023-02-10,19,8,7895,1046,Football Helmet,Sports
2685,2686,6,VIDEO,31,2024-06-25,4,6,1885,238,Tennis Racket,Sports
2686,2687,49,BLOG,59,2023-08-02,1,13,3451,368,Swim Goggles,Sports
2687,2688,1,Video,0,2025-12-02,2,15,760,21,Climbing Rope,Sports
2688,2689,10,Blog,60,2023-09-07,10,11,2742,641,Ski Boots,Sports
2689,2690,34,Socialmedia,258,2023-06-14,16,1,3805,913,Running Shoes,Sports
2690,2691,16,newsletter,1,2025-11-24,5,5,822,29,Soccer Ball,Sports
2691,2692,2,socialmedia,8,2025-01-28,18,15,621,74,Climbing Rope,Sports
2692,2693,7,Blog,0,2025-08-12,18,6,329,6,Tennis Racket,Sports
2693,2694,46,video,0,2025-10-22,2,12,248,5,Ice Skates,Sports
2694,2695,35,Video,62,2024-01-20,1,3,4184,373,Yoga Mat,Sports
2695,2696,27,video,37,2024-09-07,11,12,3366,254,Ice Skates,Sports
2696,2697,15,NEWSLETTER,0,2025-11-09,3,1,872,15,Running Shoes,Sports
2697,2698,27,Blog,66,2024-04-17,18,10,1698,309,Golf Clubs,Sports
2698,2699,9,Blog,0,2025-12-26,7,18,602,11,Volleyball,Sports
2699,2700,36,Blog,79,2023-09-24,17,13,3516,872,Swim Goggles,Sports
2700,2701,18,Blog,11,2024-04-25,6,4,886,104,Dumbbells,Sports
2701,2702,7,Newsletter,0,2025-07-29,20,6,235,12,Tennis Racket,Sports
2702,2703,38,Video,1,2025-05-11,7,2,266,18,Fitness Tracker,Sports
2703,2704,31,Blog,24,2024-03-07,6,14,823,120,Cycling Helmet,Sports
2704,2705,43,newsletter,0,2025-11-24,19,7,202,8,Basketball,Sports
2705,2706,20,Video,180,2024-05-06,2,13,4256,672,Swim Goggles,Sports
2706,2707,15,Socialmedia,30,2024-06-22,8,20,1299,152,Boxing Gloves,Sports
2707,2708,6,NEWSLETTER,58,2024-04-02,10,2,2845,220,Fitness Tracker,Sports
2708,2709,31,SOCIALMEDIA,42,2024-08-23,18,1,2506,483,Running Shoes,Sports
2709,2710,8,Video,26,2025-01-22,15,16,1436,206,Kayak,Sports
2710,2711,18,blog,106,2023-09-21,20,19,4511,652,Hockey Stick,Sports
2711,2712,15,Socialmedia,200,2023-11-01,7,14,6442,1781,Cycling Helmet,Sports
2712,2713,9,Video,60,2023-08-22,15,7,1423,267,Basketball,Sports
2713,2714,28,blog,6,2025-03-25,3,20,1452,135,Boxing Gloves,Sports
2714,2715,6,blog,24,2023-09-16,20,17,1028,106,Surfboard,Sports
2715,2716,48,socialmedia,189,2024-01-17,6,8,6335,733,Football Helmet,Sports
2716,2717,25,video,51,2024-05-29,12,18,2172,291,Volleyball,Sports
2717,2718,40,Blog,305,2023-03-03,18,13,2000,813,Swim Goggles,Sports
2718,2719,30,blog,894,2023-03-21,7,14,7878,1959,Cycling Helmet,Sports
2719,2720,25,Video,0,2025-07-29,20,17,152,5,Surfboard,Sports
2720,2721,45,Socialmedia,530,2023-07-31,14,5,5413,1394,Soccer Ball,Sports
2721,2722,16,Newsletter,3,2024-12-15,17,5,754,59,Soccer Ball,Sports
2722,2723,14,blog,68,2023-02-23,1,15,1517,174,Climbing Rope,Sports
2723,2724,2,Blog,16,2025-01-03,12,10,1784,163,Golf Clubs,Sports
2724,2725,9,VIDEO,1,2025-08-23,6,11,1020,27,Ski Boots,Sports
2725,2726,32,NEWSLETTER,36,2024-10-25,4,13,2559,242,Swim Goggles,Sports
2726,2727,15,Blog,90,2023-01-08,14,13,659,269,Swim Goggles,Sports
2727,2728,24,blog,662,2023-04-05,15,16,5664,1710,Kayak,Sports
2728,2729,15,video,95,2023-01-06,10,15,4004,756,Climbing Rope,Sports
2729,2730,45,blog,17,2024-02-01,18,10,945,223,Golf Clubs,Sports
2730,2731,45,video,0,2025-01-08,9,11,152,15,Ski Boots,Sports
2731,2732,44,SOCIALMEDIA,91,2023-06-01,15,11,3302,403,Ski Boots,Sports
2732,2733,31,video,57,2024-06-30,5,13,4995,939,Swim Goggles,Sports
2733,2734,48,socialmedia,40,2024-08-12,20,13,3169,233,Swim Goggles,Sports
2734,2735,28,newsletter,29,2024-07-11,5,11,3341,214,Ski Boots,Sports
2735,2736,26,newsletter,4,2024-07-19,20,19,342,59,Hockey Stick,Sports
2736,2737,37,Newsletter,0,2025-12-25,8,2,126,5,Fitness Tracker,Sports
2737,2738,21,Video,58,2024-09-03,9,6,3029,372,Tennis Racket,Sports
2738,2739,8,Newsletter,8,2024-12-12,9,3,1710,62,Yoga Mat,Sports
2739,2740,25,BLOG,6,2025-04-17,17,8,1513,53,Football Helmet,Sports
2740,2741,35,Socialmedia,96,2024-05-03,12,5,2591,430,Soccer Ball,Sports
2741,2742,37,Blog,42,2023-03-16,6,3,396,137,Yoga Mat,Sports
2742,2743,7,Newsletter,0,2025-10-20,6,10,53,2,Golf Clubs,Sports
2743,2744,32,Newsletter,20,2023-01-03,15,16,333,150,Kayak,Sports
2744,2745,32,VIDEO,309,2023-08-14,12,18,3612,1001,Volleyball,Sports
2745,2746,32,Newsletter,3,2025-06-26,18,20,805,52,Boxing Gloves,Sports
2746,2747,34,Blog,3,2023-12-02,10,13,112,38,Swim Goggles,Sports
2747,2748,16,Socialmedia,26,2024-11-29,5,12,1209,156,Ice Skates,Sports
2748,2749,20,Socialmedia,10,2025-03-02,15,18,967,128,Volleyball,Sports
2749,2750,33,socialmedia,0,2025-09-04,10,7,163,2,Basketball,Sports
2750,2751,31,newsletter,507,2023-04-18,16,7,8993,2353,Basketball,Sports
2751,2752,12,Video,20,2024-07-04,9,16,1801,159,Kayak,Sports
2752,2753,49,blog,0,2025-03-14,6,3,115,7,Yoga Mat,Sports
2753,2754,15,VIDEO,29,2023-12-19,5,15,1309,101,Climbing Rope,Sports
2754,2755,49,Video,729,2023-04-24,1,13,8392,2061,Swim Goggles,Sports
2755,2756,7,socialmedia,75,2024-01-22,10,2,2076,298,Fitness Tracker,Sports
2756,2757,32,Newsletter,9,2025-03-26,15,1,1626,186,Running Shoes,Sports
2757,2758,17,blog,19,2024-06-14,17,2,825,78,Fitness Tracker,Sports
2758,2759,38,BLOG,1,2025-07-08,16,17,490,33,Surfboard,Sports
2759,2760,18,Newsletter,0,2025-10-06,5,8,63,1,Football Helmet,Sports
2760,2761,41,socialmedia,147,2024-04-25,8,2,4542,1110,Fitness Tracker,Sports
2761,2762,44,Blog,0,2025-08-31,3,19,1069,20,Hockey Stick,Sports
2762,2763,3,Blog,9,2025-03-08,15,1,1404,69,Running Shoes,Sports
2763,2764,22,newsletter,0,2025-09-02,19,18,94,2,Volleyball,Sports
2764,2765,15,Socialmedia,858,2023-03-22,4,6,5396,2422,Tennis Racket,Sports
2765,2766,2,Newsletter,0,2025-08-20,13,10,361,15,Golf Clubs,Sports
2766,2767,49,Socialmedia,63,2024-01-02,8,17,2252,252,Surfboard,Sports
2767,2768,7,Video,129,2023-05-16,11,20,896,372,Boxing Gloves,Sports
2768,2769,47,blog,75,2023-05-10,1,16,1266,504,Kayak,Sports
2769,2770,1,newsletter,198,2023-01-13,15,6,4998,640,Tennis Racket,Sports
2770,2771,30,NEWSLETTER,0,2025-09-18,2,17,996,36,Surfboard,Sports
2771,2772,47,Socialmedia,533,2023-04-30,14,15,4671,1275,Climbing Rope,Sports
2772,2773,6,Blog,659,2023-02-05,14,10,7100,1370,Golf Clubs,Sports
2773,2774,27,video,41,2024-05-16,8,8,2592,222,Football Helmet,Sports
2774,2775,17,blog,276,2024-04-22,1,11,5086,1337,Ski Boots,Sports
2775,2776,45,blog,111,2023-04-04,12,20,4565,601,Boxing Gloves,Sports
2776,2777,23,SOCIALMEDIA,22,2025-01-04,11,10,1426,150,Golf Clubs,Sports
2777,2778,22,Newsletter,322,2023-12-04,6,8,4698,1278,Football Helmet,Sports
2778,2779,16,Video,3,2025-01-29,6,8,250,30,Football Helmet,Sports
2779,2780,41,Newsletter,110,2024-07-26,7,4,2883,506,Dumbbells,Sports
2780,2781,32,video,110,2024-02-07,11,19,3995,552,Hockey Stick,Sports
2781,2782,21,blog,0,2025-08-27,15,14,346,12,Cycling Helmet,Sports
2782,2783,46,Blog,0,2025-05-06,10,10,299,13,Golf Clubs,Sports
2783,2784,8,SOCIALMEDIA,0,2025-10-05,6,7,319,4,Basketball,Sports
2784,2785,36,NEWSLETTER,4,2025-04-08,7,5,1727,89,Soccer Ball,Sports
2785,2786,44,Socialmedia,19,2025-03-25,5,5,1808,169,Soccer Ball,Sports
2786,2787,47,blog,7,2025-03-28,8,12,2291,73,Ice Skates,Sports
2787,2788,23,blog,31,2024-09-16,13,20,953,189,Boxing Gloves,Sports
2788,2789,4,BLOG,114,2024-07-07,2,2,3399,758,Fitness Tracker,Sports
2789,2790,35,socialmedia,1,2024-10-10,10,7,113,10,Basketball,Sports
2790,2791,12,Newsletter,81,2024-05-28,1,2,3697,695,Fitness Tracker,Sports
2791,2792,29,blog,17,2025-04-07,9,6,1841,200,Tennis Racket,Sports
2792,2793,6,NEWSLETTER,0,2025-07-24,2,10,83,4,Golf Clubs,Sports
2793,2794,18,Video,195,2024-05-27,1,6,4639,812,Tennis Racket,Sports
2794,2795,18,Socialmedia,224,2023-03-05,16,10,1666,716,Golf Clubs,Sports
2795,2796,35,VIDEO,547,2023-02-02,17,2,6356,1160,Fitness Tracker,Sports
2796,2797,34,Blog,485,2023-03-18,7,16,6567,1130,Kayak,Sports
2797,2798,18,blog,13,2025-01-24,2,18,875,95,Volleyball,Sports
2798,2799,29,Newsletter,23,2024-12-17,16,17,3060,247,Surfboard,Sports
2799,2800,33,newsletter,166,2023-01-12,13,20,2993,635,Boxing Gloves,Sports
2800,2801,32,newsletter,65,2023-04-28,17,15,1030,243,Climbing Rope,Sports
2801,2802,24,blog,156,2023-08-06,13,10,7571,639,Golf Clubs,Sports
2802,2803,38,Socialmedia,2,2025-07-11,14,16,1150,43,Kayak,Sports
2803,2804,13,socialmedia,347,2024-01-04,6,13,4265,1244,Swim Goggles,Sports
2804,2805,37,blog,35,2024-08-08,13,5,1188,212,Soccer Ball,Sports
2805,2806,15,Newsletter,3,2025-04-18,15,5,1449,82,Soccer Ball,Sports
2806,2807,43,NEWSLETTER,861,2023-02-15,15,10,5855,2486,Golf Clubs,Sports
2807,2808,34,Newsletter,44,2024-02-04,12,7,5505,670,Basketball,Sports
2808,2809,25,newsletter,10,2025-03-10,17,12,1403,187,Ice Skates,Sports
2809,2810,17,Socialmedia,30,2023-01-19,4,18,184,75,Volleyball,Sports
2810,2811,21,socialmedia,193,2023-11-11,3,3,4459,546,Yoga Mat,Sports
2811,2812,21,VIDEO,302,2023-07-14,18,1,4141,1516,Running Shoes,Sports
2812,2813,48,SOCIALMEDIA,326,2023-06-01,2,7,8387,846,Basketball,Sports
2813,2814,30,socialmedia,1,2025-10-23,1,19,740,23,Hockey Stick,Sports
2814,2815,25,Socialmedia,0,2025-08-05,5,17,1076,14,Surfboard,Sports
2815,2816,45,Blog,59,2023-09-30,13,13,1173,212,Swim Goggles,Sports
2816,2817,6,blog,324,2023-05-27,7,9,2181,902,Baseball Glove,Sports
2817,2818,38,Newsletter,3,2024-10-13,19,3,188,21,Yoga Mat,Sports
2818,2819,27,newsletter,22,2025-02-20,4,7,1707,173,Basketball,Sports
2819,2820,49,blog,28,2024-11-02,4,6,3214,585,Tennis Racket,Sports
2820,2821,45,Blog,223,2024-05-31,13,15,4035,934,Climbing Rope,Sports
2821,2822,16,SOCIALMEDIA,0,2025-10-22,15,19,82,1,Hockey Stick,Sports
2822,2823,42,VIDEO,0,2025-10-07,6,14,522,24,Cycling Helmet,Sports
2823,2824,10,Socialmedia,81,2024-07-12,17,12,4836,529,Ice Skates,Sports
2824,2825,47,NEWSLETTER,105,2024-03-01,11,12,4287,850,Ice Skates,Sports
2825,2826,36,NEWSLETTER,7,2025-01-27,1,1,735,70,Running Shoes,Sports
2826,2827,3,video,67,2024-02-10,11,17,4528,538,Surfboard,Sports
2827,2828,34,video,0,2025-12-04,20,1,561,18,Running Shoes,Sports
2828,2829,33,socialmedia,0,2025-08-25,11,20,196,11,Boxing Gloves,Sports
2829,2830,45,Video,941,2023-02-02,2,18,9196,3663,Volleyball,Sports
2830,2831,15,BLOG,61,2024-04-24,14,8,3493,603,Football Helmet,Sports
2831,2832,17,newsletter,13,2024-06-11,11,7,555,87,Basketball,Sports
2832,2833,26,Video,0,2025-05-27,12,19,133,5,Hockey Stick,Sports
2833,2834,35,Newsletter,116,2024-06-05,16,2,4705,734,Fitness Tracker,Sports
2834,2835,34,Socialmedia,60,2024-06-14,6,15,4491,417,Climbing Rope,Sports
2835,2836,28,Socialmedia,5,2024-12-14,8,2,1920,154,Fitness Tracker,Sports
2836,2837,29,Blog,232,2023-03-05,15,2,2417,752,Fitness Tracker,Sports
2837,2838,29,Blog,0,2025-12-16,20,6,674,20,Tennis Racket,Sports
2838,2839,4,BLOG,0,2025-04-15,12,16,1107,30,Kayak,Sports
2839,2840,37,socialmedia,14,2024-11-01,2,2,997,187,Fitness Tracker,Sports
2840,2841,27,Blog,122,2024-03-17,11,13,3075,645,Swim Goggles,Sports
2841,2842,8,SOCIALMEDIA,223,2023-09-14,10,19,2193,615,Hockey Stick,Sports
2842,2843,43,Video,22,2025-01-05,17,9,2444,145,Baseball Glove,Sports
2843,2844,23,Newsletter,237,2023-07-07,15,15,8153,2307,Climbing Rope,Sports
2844,2845,31,socialmedia,680,2023-02-18,7,5,8015,3408,Soccer Ball,Sports
2845,2846,11,Newsletter,10,2025-02-08,2,9,1114,143,Baseball Glove,Sports
2846,2847,27,socialmedia,46,2024-01-22,13,5,910,216,Soccer Ball,Sports
2847,2848,44,Socialmedia,146,2024-03-02,1,15,5920,1216,Climbing Rope,Sports
2848,2849,1,BLOG,279,2023-11-19,18,8,4045,920,Football Helmet,Sports
2849,2850,45,video,0,2025-08-03,10,6,345,7,Tennis Racket,Sports
2850,2851,9,Socialmedia,0,2025-11-26,5,11,259,3,Ski Boots,Sports
2851,2852,38,Video,1,2025-06-23,4,11,1699,35,Ski Boots,Sports
2852,2853,43,socialmedia,18,2024-09-25,18,16,3041,360,Kayak,Sports
2853,2854,13,Newsletter,0,2025-11-01,11,1,569,27,Running Shoes,Sports
2854,2855,24,Socialmedia,299,2023-05-30,17,3,6273,1825,Yoga Mat,Sports
2855,2856,23,BLOG,61,2024-08-04,2,12,1851,319,Ice Skates,Sports
2856,2857,38,VIDEO,6,2025-04-30,15,19,1391,127,Hockey Stick,Sports
2857,2858,33,Video,152,2024-07-09,2,9,3565,677,Baseball Glove,Sports
2858,2859,30,SOCIALMEDIA,3,2025-04-14,2,16,2370,128,Kayak,Sports
2859,2860,10,Newsletter,272,2024-01-17,1,9,3260,1030,Baseball Glove,Sports
2860,2861,13,SOCIALMEDIA,158,2024-09-26,8,15,3896,798,Climbing Rope,Sports
2861,2862,1,BLOG,519,2023-11-27,2,5,6244,1844,Soccer Ball,Sports
2862,2863,44,Video,106,2023-11-17,14,19,1274,346,Hockey Stick,Sports
2863,2864,7,video,30,2023-08-31,12,14,863,161,Cycling Helmet,Sports
2864,2865,33,Blog,0,2025-09-25,13,10,593,18,Golf Clubs,Sports
2865,2866,20,blog,190,2024-02-08,9,13,5510,1357,Swim Goggles,Sports
2866,2867,23,blog,26,2024-09-07,17,16,1686,219,Kayak,Sports
2867,2868,29,Video,372,2023-04-16,14,11,2156,867,Ski Boots,Sports
2868,2869,12,Socialmedia,2,2025-04-29,16,7,1009,54,Basketball,Sports
2869,2870,8,Blog,1,2025-08-25,13,10,775,39,Golf Clubs,Sports
2870,2871,4,Video,129,2023-05-23,17,13,2431,485,Swim Goggles,Sports
2871,2872,14,newsletter,15,2024-08-02,10,3,1009,77,Yoga Mat,Sports
2872,2873,45,Newsletter,44,2025-01-26,12,18,2538,390,Volleyball,Sports
2873,2874,29,Video,101,2023-10-09,20,5,5823,858,Soccer Ball,Sports
2874,2875,26,video,8,2025-05-30,18,20,1717,92,Boxing Gloves,Sports
2875,2876,36,socialmedia,0,2025-06-25,20,7,815,19,Basketball,Sports
2876,2877,43,Video,419,2023-09-22,9,3,6960,1667,Yoga Mat,Sports
2877,2878,19,Blog,32,2023-08-25,6,16,1457,232,Kayak,Sports
2878,2879,42,Newsletter,376,2023-08-08,3,5,5921,1586,Soccer Ball,Sports
2879,2880,17,newsletter,2,2025-07-02,18,15,1189,34,Climbing Rope,Sports
2880,2881,5,Video,8,2024-07-10,6,7,625,118,Basketball,Sports
2881,2882,8,socialmedia,126,2024-04-22,1,12,5305,495,Ice Skates,Sports
2882,2883,31,VIDEO,393,2023-06-10,20,8,5326,2157,Football Helmet,Sports
2883,2884,33,socialmedia,2,2025-06-26,9,10,1426,38,Golf Clubs,Sports
2884,2885,27,VIDEO,0,2025-08-13,8,19,412,5,Hockey Stick,Sports
2885,2886,33,newsletter,78,2023-06-29,5,16,4881,553,Kayak,Sports
2886,2887,47,Newsletter,160,2024-02-09,9,1,2807,694,Running Shoes,Sports
2887,2888,17,Video,333,2023-02-26,1,17,5458,2431,Surfboard,Sports
2888,2889,33,SOCIALMEDIA,0,2025-09-24,9,2,548,9,Fitness Tracker,Sports
2889,2890,13,BLOG,13,2024-08-12,2,16,1381,83,Kayak,Sports
2890,2891,19,Newsletter,68,2023-12-17,2,2,5133,857,Fitness Tracker,Sports
2891,2892,27,Newsletter,12,2025-01-17,17,8,2584,134,Football Helmet,Sports
2892,2893,19,Blog,1293,2023-01-07,8,3,7643,3344,Yoga Mat,Sports
2893,2894,30,Socialmedia,1178,2023-01-30,13,5,9692,2499,Soccer Ball,Sports
2894,2895,31,Video,130,2023-10-12,9,3,5667,1217,Yoga Mat,Sports
2895,2896,30,Newsletter,41,2024-09-05,5,19,2248,329,Hockey Stick,Sports
2896,2897,23,VIDEO,10,2023-12-03,8,19,580,46,Hockey Stick,Sports
2897,2898,33,BLOG,0,2025-10-11,17,9,791,9,Baseball Glove,Sports
2898,2899,8,Socialmedia,167,2023-11-22,2,5,5316,1296,Soccer Ball,Sports
2899,2900,9,Socialmedia,2,2025-05-12,18,17,1622,91,Surfboard,Sports
2900,2901,26,socialmedia,110,2023-02-11,12,13,4704,1076,Swim Goggles,Sports
2901,2902,21,blog,94,2024-07-03,15,7,2988,688,Basketball,Sports
2902,2903,46,Socialmedia,22,2023-07-31,3,10,2124,268,Golf Clubs,Sports
2903,2904,32,socialmedia,348,2023-08-14,12,8,3532,1204,Football Helmet,Sports
2904,2905,5,socialmedia,14,2025-04-07,10,3,2123,204,Yoga Mat,Sports
2905,2906,45,video,47,2023-11-03,3,4,1422,268,Dumbbells,Sports
2906,2907,27,VIDEO,0,2025-06-27,8,13,973,28,Swim Goggles,Sports
2907,2908,6,socialmedia,2,2025-06-19,8,19,1243,75,Hockey Stick,Sports
2908,2909,36,newsletter,1,2025-05-05,8,16,949,35,Kayak,Sports
2909,2910,37,Newsletter,14,2025-01-04,9,1,1257,172,Running Shoes,Sports
2910,2911,36,Video,2,2025-06-25,18,6,1169,97,Tennis Racket,Sports
2911,2912,14,VIDEO,182,2023-11-12,8,15,3181,549,Climbing Rope,Sports
2912,2913,32,newsletter,6,2024-08-15,2,19,260,55,Hockey Stick,Sports
2913,2914,48,Blog,1,2025-07-03,1,14,963,54,Cycling Helmet,Sports
2914,2915,4,VIDEO,2,2025-03-27,10,11,1121,70,Ski Boots,Sports
2915,2916,33,video,42,2023-11-19,14,3,2798,220,Yoga Mat,Sports
2916,2917,32,video,0,2025-11-18,20,11,198,2,Ski Boots,Sports
2917,2918,12,SOCIALMEDIA,0,2025-05-03,8,20,163,3,Boxing Gloves,Sports
2918,2919,45,Blog,796,2023-01-28,9,10,5305,1982,Golf Clubs,Sports
2919,2920,44,SOCIALMEDIA,903,2023-02-25,2,14,6110,2113,Cycling Helmet,Sports
2920,2921,3,Socialmedia,0,2025-11-24,10,2,488,15,Fitness Tracker,Sports
2921,2922,46,NEWSLETTER,216,2024-02-25,18,16,5735,749,Kayak,Sports
2922,2923,49,NEWSLETTER,89,2024-01-23,10,15,4169,1162,Climbing Rope,Sports
2923,2924,26,Video,2,2024-12-30,13,14,153,21,Cycling Helmet,Sports
2924,2925,37,newsletter,76,2024-03-30,20,8,2527,277,Football Helmet,Sports
2925,2926,4,NEWSLETTER,210,2023-03-06,3,20,3072,689,Boxing Gloves,Sports
2926,2927,33,socialmedia,37,2024-12-11,13,5,1772,292,Soccer Ball,Sports
2927,2928,33,BLOG,5,2025-03-16,3,20,1863,95,Boxing Gloves,Sports
2928,2929,23,socialmedia,0,2024-09-05,6,18,151,10,Volleyball,Sports
2929,2930,17,NEWSLETTER,50,2024-02-02,19,6,5213,486,Tennis Racket,Sports
2930,2931,40,VIDEO,90,2024-02-28,9,9,3188,583,Baseball Glove,Sports
2931,2932,28,blog,64,2023-03-30,8,3,948,243,Yoga Mat,Sports
2932,2933,41,SOCIALMEDIA,2,2025-07-25,4,10,698,45,Golf Clubs,Sports
2933,2934,45,NEWSLETTER,1,2025-09-21,3,19,817,36,Hockey Stick,Sports
2934,2935,15,NEWSLETTER,43,2023-12-18,20,11,2227,240,Ski Boots,Sports
2935,2936,35,Video,0,2025-11-10,4,8,694,15,Football Helmet,Sports
2936,2937,35,newsletter,0,2025-02-01,19,10,202,8,Golf Clubs,Sports
2937,2938,38,blog,4,2025-03-11,16,16,2024,79,Kayak,Sports
2938,2939,18,VIDEO,35,2024-02-12,10,16,3117,512,Kayak,Sports
2939,2940,7,Video,0,2025-07-05,14,12,120,6,Ice Skates,Sports
2940,2941,20,SOCIALMEDIA,14,2024-09-05,16,4,3643,200,Dumbbells,Sports
2941,2942,1,newsletter,162,2024-04-02,8,7,3936,801,Basketball,Sports
2942,2943,17,newsletter,2,2024-06-09,17,12,428,29,Ice Skates,Sports
2943,2944,30,Video,1054,2023-01-09,8,10,5853,2672,Golf Clubs,Sports
2944,2945,33,socialmedia,113,2024-07-28,11,6,2208,500,Tennis Racket,Sports
2945,2946,17,Blog,5,2025-07-13,20,16,1522,101,Kayak,Sports
2946,2947,20,newsletter,498,2023-10-01,6,16,4327,1550,Kayak,Sports
2947,2948,17,video,110,2024-03-24,14,2,1495,390,Fitness Tracker,Sports
2948,2949,1,Socialmedia,7,2024-03-18,14,3,381,36,Yoga Mat,Sports
2949,2950,21,video,0,2025-11-19,20,6,75,2,Tennis Racket,Sports
2950,2951,2,Socialmedia,33,2024-08-27,15,11,3267,179,Ski Boots,Sports
2951,2952,49,video,30,2023-07-05,16,8,548,99,Football Helmet,Sports
2952,2953,23,Newsletter,0,2025-09-02,13,19,383,13,Hockey Stick,Sports
2953,2954,47,BLOG,55,2024-09-10,13,12,1996,284,Ice Skates,Sports
2954,2955,27,Newsletter,128,2023-08-18,18,1,2781,434,Running Shoes,Sports
2955,2956,17,video,446,2023-07-16,11,20,4958,1593,Boxing Gloves,Sports
2956,2957,10,Newsletter,0,2025-11-30,11,11,266,7,Ski Boots,Sports
2957,2958,22,socialmedia,14,2024-05-18,15,18,1890,258,Volleyball,Sports
2958,2959,15,Newsletter,50,2024-05-08,11,2,4736,447,Fitness Tracker,Sports
2959,2960,34,SOCIALMEDIA,94,2023-08-07,7,19,2501,249,Hockey Stick,Sports
2960,2961,20,Socialmedia,3,2025-03-25,14,5,477,38,Soccer Ball,Sports
2961,2962,13,Blog,0,2025-12-19,5,6,957,14,Tennis Racket,Sports
2962,2963,37,socialmedia,134,2024-06-07,18,12,3614,662,Ice Skates,Sports
2963,2964,43,Blog,28,2024-08-23,7,13,1951,189,Swim Goggles,Sports
2964,2965,37,Blog,27,2025-02-25,10,6,2735,261,Tennis Racket,Sports
2965,2966,19,Blog,566,2023-05-22,14,11,4537,1711,Ski Boots,Sports
2966,2967,43,newsletter,0,2025-11-18,2,11,323,12,Ski Boots,Sports
2967,2968,19,SOCIALMEDIA,32,2024-11-21,19,9,1833,257,Baseball Glove,Sports
2968,2969,13,socialmedia,10,2025-03-11,20,9,1234,152,Baseball Glove,Sports
2969,2970,43,BLOG,95,2024-05-13,20,4,5129,390,Dumbbells,Sports
2970,2971,46,VIDEO,256,2023-06-21,5,4,7418,810,Dumbbells,Sports
2971,2972,4,VIDEO,137,2023-10-28,16,15,1250,450,Climbing Rope,Sports
2972,2973,30,newsletter,43,2024-12-03,3,15,3085,548,Climbing Rope,Sports
2973,2974,1,Video,52,2024-08-11,1,11,2604,440,Ski Boots,Sports
2974,2975,28,SOCIALMEDIA,866,2023-03-13,3,20,8887,3993,Boxing Gloves,Sports
2975,2976,30,Video,27,2024-08-30,9,8,1657,173,Football Helmet,Sports
2976,2977,33,VIDEO,45,2024-11-20,4,1,3494,294,Running Shoes,Sports
2977,2978,4,BLOG,0,2024-03-24,16,10,147,13,Golf Clubs,Sports
2978,2979,49,BLOG,204,2023-01-08,17,10,3874,1018,Golf Clubs,Sports
2979,2980,21,NEWSLETTER,128,2023-12-08,15,1,4952,1324,Running Shoes,Sports
2980,2981,8,VIDEO,105,2024-01-08,8,16,5240,751,Kayak,Sports
2981,2982,33,video,51,2024-01-05,13,13,1667,352,Swim Goggles,Sports
2982,2983,28,VIDEO,1,2025-12-10,2,12,846,28,Ice Skates,Sports
2983,2984,8,Blog,3,2025-07-02,10,9,983,50,Baseball Glove,Sports
2984,2985,25,newsletter,141,2024-09-05,19,20,3774,776,Boxing Gloves,Sports
2985,2986,23,Video,285,2023-11-30,15,15,4019,1014,Climbing Rope,Sports
2986,2987,7,Blog,464,2023-06-04,15,1,7729,1353,Running Shoes,Sports
2987,2988,13,Newsletter,14,2024-07-17,12,9,584,100,Baseball Glove,Sports
2988,2989,26,Blog,76,2024-06-24,7,15,4255,313,Climbing Rope,Sports
2989,2990,17,socialmedia,5,2023-07-02,4,14,138,28,Cycling Helmet,Sports
2990,2991,28,NEWSLETTER,66,2023-05-05,14,6,696,241,Tennis Racket,Sports
2991,2992,30,blog,154,2024-03-31,12,4,5020,1050,Dumbbells,Sports
2992,2993,12,Newsletter,50,2024-09-17,4,12,2044,338,Ice Skates,Sports
2993,2994,19,blog,4,2025-01-15,1,9,1065,41,Baseball Glove,Sports
2994,2995,24,Newsletter,494,2023-04-01,8,3,4880,1114,Yoga Mat,Sports
2995,2996,16,blog,1,2025-10-06,17,15,824,38,Climbing Rope,Sports
2996,2997,27,video,6,2024-06-04,14,9,203,36,Baseball Glove,Sports
2997,2998,17,video,0,2025-08-20,11,6,1003,18,Tennis Racket,Sports
2998,2999,19,video,26,2024-06-06,19,7,3478,325,Basketball,Sports
2999,3000,11,Blog,1098,2023-02-03,4,3,7755,2890,Yoga Mat,Sports
3000,3001,4,NEWSLETTER,18,2025-01-15,1,16,1685,142,Kayak,Sports
3001,3002,4,Video,150,2023-06-25,19,14,4279,1718,Cycling Helmet,Sports
3002,3003,49,SOCIALMEDIA,4,2025-07-04,7,9,1593,61,Baseball Glove,Sports
3003,3004,11,Newsletter,2,2025-01-17,17,5,632,24,Soccer Ball,Sports
3004,3005,9,Blog,89,2024-02-22,3,6,1840,331,Tennis Racket,Sports
3005,3006,48,Socialmedia,112,2023-07-30,20,10,6367,644,Golf Clubs,Sports
3006,3007,17,Video,1,2025-07-05,14,10,744,30,Golf Clubs,Sports
3007,3008,28,Video,0,2025-09-22,17,14,266,6,Cycling Helmet,Sports
3008,3009,44,Video,155,2023-01-18,15,20,2352,806,Boxing Gloves,Sports
3009,3010,29,VIDEO,0,2025-10-03,13,20,116,2,Boxing Gloves,Sports
3010,3011,8,video,22,2024-11-13,12,10,1528,209,Golf Clubs,Sports
3011,3012,33,Blog,437,2023-10-26,9,6,4937,1729,Tennis Racket,Sports
3012,3013,2,Newsletter,3,2024-11-10,14,17,1879,73,Surfboard,Sports
3013,3014,32,socialmedia,0,2025-11-20,7,1,542,19,Running Shoes,Sports
3014,3015,29,Video,10,2024-12-29,16,13,1730,94,Swim Goggles,Sports
3015,3016,9,Newsletter,60,2024-05-20,19,16,2155,261,Kayak,Sports
3016,3017,15,BLOG,266,2023-08-17,12,9,7617,911,Baseball Glove,Sports
3017,3018,20,Newsletter,0,2025-08-23,11,10,792,14,Golf Clubs,Sports
3018,3019,44,Socialmedia,586,2023-03-12,20,3,4665,2159,Yoga Mat,Sports
3019,3020,6,Socialmedia,48,2024-08-07,17,17,2585,238,Surfboard,Sports
3020,3021,3,Newsletter,84,2024-10-26,4,3,2608,488,Yoga Mat,Sports
3021,3022,21,Socialmedia,335,2023-05-16,14,3,6773,1287,Yoga Mat,Sports
3022,3023,12,VIDEO,21,2024-12-10,8,5,1404,165,Soccer Ball,Sports
3023,3024,25,Socialmedia,173,2023-11-02,20,18,2948,625,Volleyball,Sports
3024,3025,26,video,121,2024-06-30,10,7,4074,860,Basketball,Sports
3025,3026,47,Socialmedia,50,2023-02-16,11,10,3152,307,Golf Clubs,Sports
3026,3027,4,newsletter,0,2025-09-21,1,20,545,7,Boxing Gloves,Sports
3027,3028,45,Socialmedia,0,2025-06-12,16,19,748,40,Hockey Stick,Sports
3028,3029,43,video,39,2024-06-16,3,18,2731,215,Volleyball,Sports
3029,3030,16,socialmedia,36,2024-07-06,16,3,927,169,Yoga Mat,Sports
3030,3031,33,blog,0,2025-10-13,18,19,855,13,Hockey Stick,Sports
3031,3032,34,Socialmedia,2,2025-04-28,2,1,664,23,Running Shoes,Sports
3032,3033,49,Newsletter,3,2025-05-23,10,20,433,39,Boxing Gloves,Sports
3033,3034,28,VIDEO,28,2024-10-01,12,17,1927,216,Surfboard,Sports
3034,3035,47,Socialmedia,38,2024-11-20,1,10,3224,325,Golf Clubs,Sports
3035,3036,7,Newsletter,211,2023-01-05,18,7,2917,1349,Basketball,Sports
3036,3037,38,Socialmedia,5,2025-05-30,19,4,1645,93,Dumbbells,Sports
3037,3038,15,blog,149,2023-11-11,9,1,2459,504,Running Shoes,Sports
3038,3039,29,Video,0,2025-04-26,3,19,199,9,Hockey Stick,Sports
3039,3040,9,video,12,2025-02-19,17,5,2718,100,Soccer Ball,Sports
3040,3041,10,Newsletter,0,2025-10-21,17,15,377,5,Climbing Rope,Sports
3041,3042,33,Newsletter,176,2024-01-04,8,18,4761,652,Volleyball,Sports
3042,3043,26,NEWSLETTER,93,2023-08-10,7,5,4425,642,Soccer Ball,Sports
3043,3044,8,Socialmedia,16,2025-02-06,17,18,2648,284,Volleyball,Sports
3044,3045,32,Socialmedia,42,2024-09-30,11,1,1742,266,Running Shoes,Sports
3045,3046,15,video,753,2023-07-18,6,11,7442,2679,Ski Boots,Sports
3046,3047,20,Video,11,2025-01-20,12,16,2433,119,Kayak,Sports
3047,3048,32,SOCIALMEDIA,2,2025-08-20,12,16,894,50,Kayak,Sports
3048,3049,11,Blog,125,2023-01-25,8,4,2639,1129,Dumbbells,Sports
3049,3050,37,VIDEO,1,2025-10-27,16,15,970,39,Climbing Rope,Sports
3050,3051,7,Video,10,2024-05-18,9,20,790,193,Boxing Gloves,Sports
3051,3052,8,Newsletter,70,2024-10-04,11,12,3736,708,Ice Skates,Sports
3052,3053,13,Socialmedia,257,2023-09-12,14,13,5403,937,Swim Goggles,Sports
3053,3054,49,blog,216,2024-03-05,11,18,5345,962,Volleyball,Sports
3054,3055,23,Socialmedia,305,2023-10-07,13,13,4430,1610,Swim Goggles,Sports
3055,3056,37,Blog,0,2025-12-28,4,17,191,2,Surfboard,Sports
3056,3057,19,Socialmedia,106,2023-04-30,16,1,645,241,Running Shoes,Sports
3057,3058,32,Blog,91,2024-05-11,19,12,4037,436,Ice Skates,Sports
3058,3059,2,Socialmedia,8,2025-01-19,15,20,2877,251,Boxing Gloves,Sports
3059,3060,40,Blog,15,2024-06-11,6,4,996,169,Dumbbells,Sports
3060,3061,4,VIDEO,145,2023-11-19,10,4,5557,1827,Dumbbells,Sports
3061,3062,9,blog,7,2024-06-21,20,16,1893,113,Kayak,Sports
3062,3063,32,Video,7,2024-11-06,5,17,2522,188,Surfboard,Sports
3063,3064,45,SOCIALMEDIA,15,2023-12-04,17,2,1169,182,Fitness Tracker,Sports
3064,3065,36,Blog,0,2025-06-16,12,9,1218,22,Baseball Glove,Sports
3065,3066,35,Socialmedia,23,2023-11-13,1,15,723,69,Climbing Rope,Sports
3066,3067,29,Blog,126,2023-01-09,7,14,7475,1172,Cycling Helmet,Sports
3067,3068,14,video,114,2023-03-26,19,7,3239,466,Basketball,Sports
3068,3069,30,video,2,2025-04-20,20,20,222,21,Boxing Gloves,Sports
3069,3070,9,newsletter,192,2024-03-10,13,16,5140,991,Kayak,Sports
3070,3071,48,socialmedia,41,2024-08-27,17,3,4155,824,Yoga Mat,Sports
3071,3072,39,Socialmedia,24,2024-02-23,16,18,610,134,Volleyball,Sports
3072,3073,15,SOCIALMEDIA,225,2023-10-07,13,12,7194,659,Ice Skates,Sports
3073,3074,6,SOCIALMEDIA,0,2025-09-08,9,7,131,2,Basketball,Sports
3074,3075,43,video,8,2025-06-14,3,7,1267,110,Basketball,Sports
3075,3076,10,Socialmedia,107,2024-01-18,20,9,2043,484,Baseball Glove,Sports
3076,3077,20,video,2,2025-05-03,17,9,430,27,Baseball Glove,Sports
3077,3078,6,NEWSLETTER,10,2025-03-10,14,17,2467,149,Surfboard,Sports
3078,3079,33,Socialmedia,0,2025-08-09,4,7,13,0,Basketball,Sports
3079,3080,1,BLOG,57,2023-06-25,18,2,1131,272,Fitness Tracker,Sports
3080,3081,45,Video,105,2024-05-17,8,7,2152,528,Basketball,Sports
3081,3082,43,socialmedia,169,2023-10-25,13,10,5996,1978,Golf Clubs,Sports
3082,3083,28,Blog,1,2025-11-21,9,5,932,46,Soccer Ball,Sports
3083,3084,24,Newsletter,0,2025-09-10,9,4,455,5,Dumbbells,Sports
3084,3085,21,Socialmedia,4,2025-06-12,12,15,1705,77,Climbing Rope,Sports
3085,3086,27,video,7,2025-01-30,7,18,1180,57,Volleyball,Sports
3086,3087,35,Socialmedia,161,2023-12-03,20,13,3283,1086,Swim Goggles,Sports
3087,3088,34,BLOG,528,2023-03-22,11,18,4290,1924,Volleyball,Sports
3088,3089,7,Video,11,2024-11-05,14,6,676,73,Tennis Racket,Sports
3089,3090,28,newsletter,3,2025-04-24,20,5,781,49,Soccer Ball,Sports
3090,3091,30,newsletter,92,2024-04-29,1,17,4410,525,Surfboard,Sports
3091,3092,20,Blog,36,2024-04-30,5,2,1187,320,Fitness Tracker,Sports
3092,3093,26,newsletter,191,2023-12-29,13,6,3994,1246,Tennis Racket,Sports
3093,3094,11,Video,106,2024-06-22,9,7,2350,585,Basketball,Sports
3094,3095,45,newsletter,58,2024-11-18,1,4,2207,364,Dumbbells,Sports
3095,3096,12,Video,613,2023-10-18,3,3,6654,2055,Yoga Mat,Sports
3096,3097,29,newsletter,0,2025-12-16,19,10,576,12,Golf Clubs,Sports
3097,3098,1,newsletter,442,2023-05-01,16,17,8245,3104,Surfboard,Sports
3098,3099,4,socialmedia,472,2023-10-29,4,12,6810,1931,Ice Skates,Sports
3099,3100,31,newsletter,184,2023-10-07,11,18,6584,516,Volleyball,Sports
3100,3101,33,VIDEO,374,2023-04-16,16,16,7209,1053,Kayak,Sports
3101,3102,1,socialmedia,293,2024-02-04,13,18,4442,1178,Volleyball,Sports
3102,3103,3,Newsletter,2,2025-03-16,20,4,832,60,Dumbbells,Sports
3103,3104,15,Socialmedia,440,2023-05-21,16,5,6701,2524,Soccer Ball,Sports
3104,3105,21,Newsletter,489,2023-04-13,18,19,8414,1574,Hockey Stick,Sports
3105,3106,47,Blog,24,2024-08-29,18,14,3928,321,Cycling Helmet,Sports
3106,3107,49,Newsletter,0,2025-11-30,13,11,243,10,Ski Boots,Sports
3107,3108,41,socialmedia,0,2025-06-27,16,17,269,16,Surfboard,Sports
3108,3109,49,blog,5,2025-05-23,3,1,1937,117,Running Shoes,Sports
3109,3110,42,BLOG,61,2024-01-12,2,11,1678,220,Ski Boots,Sports
3110,3111,21,Newsletter,0,2025-07-29,1,8,330,18,Football Helmet,Sports
3111,3112,22,BLOG,159,2023-01-30,7,15,3432,831,Climbing Rope,Sports
3112,3113,44,NEWSLETTER,14,2025-02-17,8,12,2546,264,Ice Skates,Sports
3113,3114,2,Video,4,2025-04-03,18,6,604,45,Tennis Racket,Sports
3114,3115,8,Socialmedia,0,2025-06-07,14,13,225,6,Swim Goggles,Sports
3115,3116,48,Blog,2,2025-08-12,7,6,833,45,Tennis Racket,Sports
3116,3117,11,SOCIALMEDIA,813,2023-02-04,12,17,6993,2606,Surfboard,Sports
3117,3118,34,Newsletter,286,2023-09-24,15,10,4007,788,Golf Clubs,Sports
3118,3119,48,newsletter,984,2023-08-07,7,16,7563,2998,Kayak,Sports
3119,3120,7,Video,0,2025-09-05,3,6,868,17,Tennis Racket,Sports
3120,3121,10,VIDEO,449,2023-02-25,9,13,3592,1027,Swim Goggles,Sports
3121,3122,10,SOCIALMEDIA,8,2024-09-11,12,14,561,63,Cycling Helmet,Sports
3122,3123,24,VIDEO,110,2023-05-11,8,18,1673,409,Volleyball,Sports
3123,3124,32,VIDEO,68,2024-06-19,16,18,1484,331,Volleyball,Sports
3124,3125,26,Newsletter,77,2024-11-03,13,13,3351,456,Swim Goggles,Sports
3125,3126,23,Blog,112,2023-09-25,12,13,5555,1055,Swim Goggles,Sports
3126,3127,6,Socialmedia,0,2025-11-18,12,12,448,6,Ice Skates,Sports
3127,3128,4,NEWSLETTER,195,2023-03-27,17,4,2639,551,Dumbbells,Sports
3128,3129,37,BLOG,33,2023-03-31,5,17,1090,166,Surfboard,Sports
3129,3130,38,NEWSLETTER,465,2023-01-15,18,6,2133,992,Tennis Racket,Sports
3130,3131,14,blog,0,2025-12-22,9,16,315,11,Kayak,Sports
3131,3132,39,Blog,1,2024-11-06,4,9,400,25,Baseball Glove,Sports
3132,3133,21,newsletter,23,2024-10-29,2,16,1151,214,Kayak,Sports
3133,3134,2,newsletter,9,2025-04-11,9,9,1543,161,Baseball Glove,Sports
3134,3135,47,Blog,347,2023-08-03,20,1,3374,1056,Running Shoes,Sports
3135,3136,40,Newsletter,143,2023-05-13,3,3,1870,761,Yoga Mat,Sports
3136,3137,44,video,17,2024-09-13,18,12,2279,412,Ice Skates,Sports
3137,3138,29,Newsletter,3,2025-04-11,19,17,1404,89,Surfboard,Sports
3138,3139,50,socialmedia,0,2025-05-13,16,13,368,18,Swim Goggles,Sports
3139,3140,27,Video,78,2023-12-02,4,4,1160,249,Dumbbells,Sports
3140,3141,39,NEWSLETTER,157,2024-04-22,17,20,2655,676,Boxing Gloves,Sports
3141,3142,8,blog,12,2025-01-02,20,20,1554,90,Boxing Gloves,Sports
3142,3143,14,VIDEO,5,2023-07-07,14,14,174,64,Cycling Helmet,Sports
3143,3144,14,Blog,302,2023-10-19,17,6,4774,1083,Tennis Racket,Sports
3144,3145,15,blog,20,2024-11-25,16,1,1070,128,Running Shoes,Sports
3145,3146,19,Blog,122,2024-01-19,14,4,2558,823,Dumbbells,Sports
3146,3147,49,VIDEO,300,2023-06-23,6,6,6837,2251,Tennis Racket,Sports
3147,3148,33,Socialmedia,116,2023-11-16,3,18,4462,410,Volleyball,Sports
3148,3149,18,NEWSLETTER,67,2023-01-07,15,20,1110,164,Boxing Gloves,Sports
3149,3150,30,BLOG,33,2023-12-09,4,2,1160,136,Fitness Tracker,Sports
3150,3151,24,SOCIALMEDIA,134,2023-09-09,2,1,5139,450,Running Shoes,Sports
3151,3152,48,Socialmedia,13,2024-10-02,20,20,449,67,Boxing Gloves,Sports
3152,3153,21,Video,204,2023-01-10,14,19,3224,924,Hockey Stick,Sports
3153,3154,26,video,17,2025-02-12,1,9,1556,134,Baseball Glove,Sports
3154,3155,2,Socialmedia,689,2023-07-10,18,1,6466,2501,Running Shoes,Sports
3155,3156,50,newsletter,476,2023-12-25,1,16,6588,1755,Kayak,Sports
3156,3157,27,Blog,139,2024-02-01,12,7,4762,478,Basketball,Sports
3157,3158,25,Socialmedia,0,2025-12-19,8,5,164,1,Soccer Ball,Sports
3158,3159,20,Newsletter,1,2025-07-22,7,16,844,16,Kayak,Sports
3159,3160,13,BLOG,143,2023-08-21,18,2,3971,949,Fitness Tracker,Sports
3160,3161,10,Socialmedia,37,2024-10-21,3,7,3923,339,Basketball,Sports
3161,3162,18,BLOG,4,2023-02-08,8,9,168,24,Baseball Glove,Sports
3162,3163,3,BLOG,6,2025-02-15,10,5,1474,65,Soccer Ball,Sports
3163,3164,40,Blog,4,2025-05-06,6,15,1770,79,Climbing Rope,Sports
3164,3165,34,Socialmedia,144,2023-12-25,8,11,5959,478,Ski Boots,Sports
3165,3166,47,BLOG,19,2023-10-31,11,15,1380,258,Climbing Rope,Sports
3166,3167,47,BLOG,88,2024-04-28,17,7,2711,674,Basketball,Sports
3167,3168,23,video,1,2025-08-19,20,20,941,42,Boxing Gloves,Sports
3168,3169,50,SOCIALMEDIA,0,2025-10-12,2,5,375,8,Soccer Ball,Sports
3169,3170,43,blog,0,2025-05-20,15,10,302,17,Golf Clubs,Sports
3170,3171,16,blog,0,2025-09-05,3,18,226,10,Volleyball,Sports
3171,3172,33,blog,290,2023-08-20,16,20,6407,1448,Boxing Gloves,Sports
3172,3173,11,NEWSLETTER,0,2025-09-20,11,11,111,1,Ski Boots,Sports
3173,3174,41,newsletter,37,2025-01-29,14,18,2939,369,Volleyball,Sports
3174,3175,42,Video,66,2024-06-03,9,12,4311,807,Ice Skates,Sports
3175,3176,48,video,21,2024-07-02,9,10,2271,190,Golf Clubs,Sports
3176,3177,37,blog,0,2025-12-10,13,1,898,37,Running Shoes,Sports
3177,3178,49,video,2,2025-07-06,3,12,1294,63,Ice Skates,Sports
3178,3179,31,Blog,28,2024-07-01,8,15,4501,346,Climbing Rope,Sports
3179,3180,9,video,0,2025-08-26,9,9,624,26,Baseball Glove,Sports
3180,3181,36,Socialmedia,22,2024-08-30,9,7,2332,106,Basketball,Sports
3181,3182,12,SOCIALMEDIA,30,2024-06-15,15,14,2595,307,Cycling Helmet,Sports
3182,3183,22,newsletter,1,2025-07-13,6,16,779,26,Kayak,Sports
3183,3184,10,Video,84,2024-06-09,5,9,3278,796,Baseball Glove,Sports
3184,3185,5,VIDEO,5,2025-02-16,15,11,449,43,Ski Boots,Sports
3185,3186,9,VIDEO,23,2024-04-13,10,15,2652,334,Climbing Rope,Sports
3186,3187,46,VIDEO,28,2024-03-19,14,1,2212,234,Running Shoes,Sports
3187,3188,8,blog,1,2025-06-03,1,8,234,18,Football Helmet,Sports
3188,3189,28,Newsletter,2,2025-05-01,4,17,1694,76,Surfboard,Sports
3189,3190,3,NEWSLETTER,5,2023-06-22,9,19,471,54,Hockey Stick,Sports
3190,3191,27,blog,517,2023-06-18,19,19,4667,1554,Hockey Stick,Sports
3191,3192,20,Socialmedia,24,2024-11-09,14,12,2137,365,Ice Skates,Sports
3192,3193,49,Video,13,2025-03-23,4,3,1965,119,Yoga Mat,Sports
3193,3194,13,Newsletter,73,2023-09-24,15,20,2105,507,Boxing Gloves,Sports
3194,3195,28,Socialmedia,5,2025-01-05,10,15,1126,111,Climbing Rope,Sports
3195,3196,5,Newsletter,1,2025-12-30,15,18,979,22,Volleyball,Sports
3196,3197,2,Newsletter,17,2025-01-16,8,5,1082,156,Soccer Ball,Sports
3197,3198,14,blog,0,2025-11-18,14,2,56,0,Fitness Tracker,Sports
3198,3199,26,BLOG,244,2023-05-10,19,18,2815,917,Volleyball,Sports
3199,3200,19,VIDEO,16,2024-11-10,10,18,1318,169,Volleyball,Sports
3200,3201,11,Video,241,2023-09-05,9,13,6135,1971,Swim Goggles,Sports
3201,3202,33,video,114,2023-04-06,6,12,2930,395,Ice Skates,Sports
3202,3203,47,Video,0,2025-11-02,19,11,453,4,Ski Boots,Sports
3203,3204,29,Video,0,2025-11-19,11,13,137,3,Swim Goggles,Sports
3204,3205,34,SOCIALMEDIA,119,2023-03-04,7,7,1165,453,Basketball,Sports
3205,3206,43,VIDEO,5,2025-05-09,5,17,651,69,Surfboard,Sports
3206,3207,47,video,648,2023-01-01,19,15,8791,3105,Climbing Rope,Sports
3207,3208,8,VIDEO,207,2023-08-27,10,11,3967,1411,Ski Boots,Sports
3208,3209,12,Video,0,2025-12-16,13,19,782,17,Hockey Stick,Sports
3209,3210,32,Video,348,2023-05-11,18,4,4504,1505,Dumbbells,Sports
3210,3211,2,socialmedia,0,2025-09-16,7,10,410,4,Golf Clubs,Sports
3211,3212,27,BLOG,20,2024-03-10,3,6,831,239,Tennis Racket,Sports
3212,3213,27,socialmedia,12,2024-01-22,20,3,1179,182,Yoga Mat,Sports
3213,3214,49,Socialmedia,105,2023-04-19,17,4,1169,323,Dumbbells,Sports
3214,3215,19,Video,3,2025-07-28,3,7,1198,80,Basketball,Sports
3215,3216,21,VIDEO,56,2024-02-18,15,2,2754,220,Fitness Tracker,Sports
3216,3217,1,VIDEO,659,2023-10-26,12,14,5887,2106,Cycling Helmet,Sports
3217,3218,46,Blog,4,2025-02-19,3,19,403,52,Hockey Stick,Sports
3218,3219,12,video,252,2024-04-13,11,20,4476,1178,Boxing Gloves,Sports
3219,3220,40,Video,89,2023-04-02,14,17,1139,248,Surfboard,Sports
3220,3221,17,socialmedia,2,2025-08-10,15,6,1275,74,Tennis Racket,Sports
3221,3222,45,blog,16,2024-08-18,14,8,1179,107,Football Helmet,Sports
3222,3223,48,VIDEO,1,2025-08-12,19,19,1172,25,Hockey Stick,Sports
3223,3224,41,Newsletter,1420,2023-04-17,8,13,8257,3628,Swim Goggles,Sports
3224,3225,30,Blog,0,2025-12-27,1,10,900,41,Golf Clubs,Sports
3225,3226,22,Video,49,2024-05-28,6,9,1468,221,Baseball Glove,Sports
3226,3227,36,Socialmedia,65,2024-03-27,20,8,1810,312,Football Helmet,Sports
3227,3228,31,Video,163,2023-09-12,20,3,2797,577,Yoga Mat,Sports
3228,3229,42,socialmedia,83,2024-10-04,12,16,3920,576,Kayak,Sports
3229,3230,37,blog,4,2025-04-18,4,4,513,48,Dumbbells,Sports
3230,3231,2,socialmedia,49,2024-07-11,11,6,3240,218,Tennis Racket,Sports
3231,3232,45,video,1,2025-03-16,18,16,478,39,Kayak,Sports
3232,3233,12,Blog,0,2025-01-05,14,19,59,3,Hockey Stick,Sports
3233,3234,5,SOCIALMEDIA,1,2025-09-06,12,20,714,36,Boxing Gloves,Sports
3234,3235,48,Newsletter,253,2023-04-18,12,20,4357,1555,Boxing Gloves,Sports
3235,3236,13,socialmedia,27,2023-07-04,14,13,1205,107,Swim Goggles,Sports
3236,3237,10,Video,6,2025-01-11,15,15,724,107,Climbing Rope,Sports
3237,3238,5,blog,259,2023-05-03,2,6,8144,778,Tennis Racket,Sports
3238,3239,35,blog,783,2023-08-09,15,5,5633,1995,Soccer Ball,Sports
3239,3240,44,video,82,2024-07-26,10,19,4079,624,Hockey Stick,Sports
3240,3241,18,BLOG,9,2024-07-15,4,13,527,97,Swim Goggles,Sports
3241,3242,6,VIDEO,4,2025-07-24,2,12,1281,62,Ice Skates,Sports
3242,3243,22,VIDEO,445,2023-04-06,14,13,7097,1633,Swim Goggles,Sports
3243,3244,27,NEWSLETTER,25,2024-10-01,4,6,2171,201,Tennis Racket,Sports
3244,3245,4,Newsletter,26,2024-03-18,14,19,1821,425,Hockey Stick,Sports
3245,3246,32,Socialmedia,0,2025-08-23,18,11,257,8,Ski Boots,Sports
3246,3247,17,NEWSLETTER,28,2024-10-28,8,13,2467,336,Swim Goggles,Sports
3247,3248,37,BLOG,0,2025-05-08,16,10,403,9,Golf Clubs,Sports
3248,3249,22,NEWSLETTER,0,2025-05-16,2,12,34,2,Ice Skates,Sports
3249,3250,35,Blog,18,2023-11-29,1,7,258,76,Basketball,Sports
3250,3251,11,blog,1,2025-05-09,17,19,583,29,Hockey Stick,Sports
3251,3252,34,blog,9,2025-05-24,1,18,1624,150,Volleyball,Sports
3252,3253,46,Blog,0,2025-10-23,13,18,822,33,Volleyball,Sports
3253,3254,1,Video,3,2025-03-20,8,4,1646,55,Dumbbells,Sports
3254,3255,10,SOCIALMEDIA,0,2025-12-24,6,1,385,18,Running Shoes,Sports
3255,3256,48,BLOG,13,2025-03-22,7,1,1924,247,Running Shoes,Sports
3256,3257,17,BLOG,31,2024-12-16,11,16,1224,196,Kayak,Sports
3257,3258,45,Video,0,2025-07-27,20,15,921,22,Climbing Rope,Sports
3258,3259,11,Blog,994,2023-02-02,4,15,5965,2662,Climbing Rope,Sports
3259,3260,38,newsletter,1,2025-11-24,14,4,759,28,Dumbbells,Sports
3260,3261,14,Socialmedia,6,2024-06-28,2,16,849,55,Kayak,Sports
3261,3262,35,Video,484,2023-11-15,5,4,5382,1694,Dumbbells,Sports
3262,3263,11,newsletter,0,2025-08-13,10,7,757,32,Basketball,Sports
3263,3264,48,Video,1,2025-07-05,15,8,1182,79,Football Helmet,Sports
3264,3265,42,Newsletter,861,2023-01-13,2,3,6593,1883,Yoga Mat,Sports
3265,3266,19,Newsletter,258,2023-11-23,15,4,5264,1398,Dumbbells,Sports
3266,3267,2,NEWSLETTER,284,2023-11-24,15,14,2484,862,Cycling Helmet,Sports
3267,3268,31,VIDEO,0,2025-10-29,13,4,71,2,Dumbbells,Sports
3268,3269,15,blog,23,2024-12-12,14,5,1435,230,Soccer Ball,Sports
3269,3270,32,newsletter,1,2024-12-07,6,4,828,29,Dumbbells,Sports
3270,3271,3,Newsletter,118,2023-08-30,8,6,4580,599,Tennis Racket,Sports
3271,3272,19,video,73,2024-05-25,13,15,2772,668,Climbing Rope,Sports
3272,3273,49,socialmedia,674,2023-05-16,14,17,6595,2275,Surfboard,Sports
3273,3274,32,NEWSLETTER,78,2023-10-07,14,4,3002,223,Dumbbells,Sports
3274,3275,14,socialmedia,17,2024-10-03,19,4,2499,248,Dumbbells,Sports
3275,3276,47,Video,57,2023-11-13,2,18,4039,339,Volleyball,Sports
3276,3277,18,VIDEO,0,2025-10-30,10,1,680,23,Running Shoes,Sports
3277,3278,26,newsletter,12,2024-02-12,1,19,889,148,Hockey Stick,Sports
3278,3279,28,blog,14,2025-01-02,10,7,1034,93,Basketball,Sports
3279,3280,24,newsletter,0,2025-05-17,20,16,181,5,Kayak,Sports
3280,3281,8,newsletter,4,2025-03-06,6,11,2269,82,Ski Boots,Sports
3281,3282,1,video,0,2025-12-27,1,19,588,17,Hockey Stick,Sports
3282,3283,10,blog,3,2025-02-18,13,15,578,69,Climbing Rope,Sports
3283,3284,15,BLOG,251,2023-04-21,1,13,5253,1979,Swim Goggles,Sports
3284,3285,45,BLOG,0,2025-11-04,6,14,297,8,Cycling Helmet,Sports
3285,3286,30,blog,471,2023-03-14,12,15,5387,1664,Climbing Rope,Sports
3286,3287,28,video,517,2023-04-28,18,20,7368,1817,Boxing Gloves,Sports
3287,3288,7,socialmedia,19,2025-03-02,11,9,1622,189,Baseball Glove,Sports
3288,3289,44,Video,69,2024-08-25,8,20,4203,337,Boxing Gloves,Sports
3289,3290,49,socialmedia,320,2023-11-18,16,20,5302,974,Boxing Gloves,Sports
3290,3291,17,VIDEO,509,2023-08-03,7,6,6209,1280,Tennis Racket,Sports
3291,3292,49,NEWSLETTER,5,2025-04-11,4,10,1815,75,Golf Clubs,Sports
3292,3293,33,video,0,2025-03-17,3,9,160,15,Baseball Glove,Sports
3293,3294,21,Video,349,2023-01-25,11,7,3712,719,Basketball,Sports
3294,3295,42,Video,368,2024-02-05,20,4,6068,1309,Dumbbells,Sports
3295,3296,48,Socialmedia,1,2024-09-12,13,15,167,8,Climbing Rope,Sports
3296,3297,12,Video,20,2024-06-09,16,3,1098,200,Yoga Mat,Sports
3297,3298,50,Newsletter,5,2025-02-10,8,5,1491,191,Soccer Ball,Sports
3298,3299,25,VIDEO,75,2024-03-18,6,5,2792,481,Soccer Ball,Sports
3299,3300,21,video,2,2024-04-29,6,2,283,15,Fitness Tracker,Sports
3300,3301,45,Blog,123,2024-06-25,15,6,4472,815,Tennis Racket,Sports
3301,3302,25,BLOG,0,2025-11-06,7,1,987,26,Running Shoes,Sports
3302,3303,22,Video,9,2023-02-14,11,20,102,30,Boxing Gloves,Sports
3303,3304,44,Video,7,2025-05-12,13,9,756,70,Baseball Glove,Sports
3304,3305,39,socialmedia,355,2024-04-23,11,10,5579,1323,Golf Clubs,Sports
3305,3306,8,Socialmedia,567,2023-01-04,8,4,7688,2076,Dumbbells,Sports
3306,3307,25,VIDEO,12,2024-12-26,17,20,1143,120,Boxing Gloves,Sports
3307,3308,36,newsletter,13,2023-07-01,11,8,709,65,Football Helmet,Sports
3308,3309,42,blog,472,2023-08-25,4,18,4011,1494,Volleyball,Sports
3309,3310,41,socialmedia,636,2023-06-22,15,17,8330,1556,Surfboard,Sports
3310,3311,44,video,1,2025-08-04,12,17,818,45,Surfboard,Sports
3311,3312,46,VIDEO,161,2024-04-28,13,7,4724,863,Basketball,Sports
3312,3313,4,socialmedia,0,2025-07-14,19,19,52,0,Hockey Stick,Sports
3313,3314,28,newsletter,465,2023-10-24,9,18,7217,2404,Volleyball,Sports
3314,3315,31,Video,12,2024-11-14,2,10,2148,169,Golf Clubs,Sports
3315,3316,10,blog,17,2024-04-23,17,5,916,237,Soccer Ball,Sports
3316,3317,21,blog,191,2023-01-05,14,20,5060,576,Boxing Gloves,Sports
3317,3318,4,video,136,2023-07-02,9,3,4596,792,Yoga Mat,Sports
3318,3319,14,Newsletter,48,2023-01-05,18,9,1503,221,Baseball Glove,Sports
3319,3320,5,VIDEO,0,2025-12-15,8,13,619,21,Swim Goggles,Sports
3320,3321,17,Newsletter,103,2023-05-07,17,18,3769,471,Volleyball,Sports
3321,3322,40,socialmedia,58,2024-10-16,8,9,3624,658,Baseball Glove,Sports
3322,3323,32,Blog,38,2024-11-15,9,4,2965,454,Dumbbells,Sports
3323,3324,16,Blog,340,2023-03-13,7,19,2466,1079,Hockey Stick,Sports
3324,3325,7,Socialmedia,12,2024-12-08,4,18,963,162,Volleyball,Sports
3325,3326,44,blog,128,2023-07-26,4,5,1355,518,Soccer Ball,Sports
3326,3327,6,socialmedia,6,2024-08-19,20,13,1668,118,Swim Goggles,Sports
3327,3328,25,video,0,2025-12-18,11,19,27,0,Hockey Stick,Sports
3328,3329,12,NEWSLETTER,64,2024-06-25,8,13,3933,364,Swim Goggles,Sports
3329,3330,30,VIDEO,191,2023-05-08,7,1,1295,480,Running Shoes,Sports
3330,3331,12,Newsletter,6,2025-02-08,5,16,944,119,Kayak,Sports
3331,3332,32,Socialmedia,39,2023-12-23,15,13,1928,144,Swim Goggles,Sports
3332,3333,24,Blog,27,2024-07-28,12,8,3189,390,Football Helmet,Sports
3333,3334,48,Video,0,2025-11-06,6,18,358,7,Volleyball,Sports
3334,3335,40,VIDEO,59,2024-10-27,6,6,3447,353,Tennis Racket,Sports
3335,3336,31,socialmedia,144,2023-12-31,17,8,1608,505,Football Helmet,Sports
3336,3337,47,SOCIALMEDIA,85,2023-12-17,3,14,4350,350,Cycling Helmet,Sports
3337,3338,43,Blog,131,2024-04-10,9,16,2194,580,Kayak,Sports
3338,3339,8,Socialmedia,49,2024-12-14,14,14,3255,555,Cycling Helmet,Sports
3339,3340,13,blog,512,2023-08-11,15,19,5802,2029,Hockey Stick,Sports
3340,3341,45,BLOG,0,2025-11-22,7,18,611,15,Volleyball,Sports
3341,3342,13,video,16,2024-04-02,19,1,578,60,Running Shoes,Sports
3342,3343,28,Blog,27,2024-08-18,10,11,1410,159,Ski Boots,Sports
3343,3344,32,blog,77,2024-08-31,3,1,3208,408,Running Shoes,Sports
3344,3345,40,Newsletter,1,2025-05-25,12,4,1372,54,Dumbbells,Sports
3345,3346,6,BLOG,0,2025-11-28,3,7,766,27,Basketball,Sports
3346,3347,19,newsletter,0,2025-10-30,6,6,252,9,Tennis Racket,Sports
3347,3348,13,Video,39,2025-02-26,20,9,2571,316,Baseball Glove,Sports
3348,3349,43,BLOG,165,2024-05-02,17,2,4117,870,Fitness Tracker,Sports
3349,3350,21,SOCIALMEDIA,1,2025-07-15,19,17,611,34,Surfboard,Sports
3350,3351,24,SOCIALMEDIA,12,2024-10-31,11,6,891,156,Tennis Racket,Sports
3351,3352,5,Blog,35,2024-07-01,15,10,2403,599,Golf Clubs,Sports
3352,3353,20,Blog,1,2025-06-12,3,5,941,72,Soccer Ball,Sports
3353,3354,2,Newsletter,26,2025-03-10,1,11,2334,229,Ski Boots,Sports
3354,3355,48,Newsletter,25,2024-09-23,8,7,1760,242,Basketball,Sports
3355,3356,28,blog,57,2024-05-10,12,5,1974,280,Soccer Ball,Sports
3356,3357,33,Blog,10,2025-01-24,20,7,627,95,Basketball,Sports
3357,3358,9,Newsletter,673,2023-01-14,15,2,7486,2161,Fitness Tracker,Sports
3358,3359,17,Socialmedia,1,2025-06-17,15,12,805,30,Ice Skates,Sports
3359,3360,12,VIDEO,51,2023-11-08,16,1,1452,370,Running Shoes,Sports
3360,3361,15,blog,0,2025-07-29,16,14,161,10,Cycling Helmet,Sports
3361,3362,41,Video,718,2023-01-21,7,1,5323,2137,Running Shoes,Sports
3362,3363,41,video,0,2025-12-24,18,11,292,4,Ski Boots,Sports
3363,3364,21,Newsletter,36,2024-04-05,13,16,3053,290,Kayak,Sports
3364,3365,34,Newsletter,15,2024-09-07,13,7,566,92,Basketball,Sports
3365,3366,6,newsletter,1,2025-05-12,3,14,508,28,Cycling Helmet,Sports
3366,3367,41,Socialmedia,84,2023-10-03,15,20,1303,265,Boxing Gloves,Sports
3367,3368,33,Newsletter,102,2024-08-10,3,12,4428,729,Ice Skates,Sports
3368,3369,39,blog,89,2024-03-30,17,19,4464,874,Hockey Stick,Sports
3369,3370,17,Socialmedia,0,2025-04-14,8,9,273,18,Baseball Glove,Sports
3370,3371,38,Socialmedia,8,2024-12-05,4,5,1406,140,Soccer Ball,Sports
3371,3372,16,newsletter,110,2023-04-09,17,9,7836,1019,Baseball Glove,Sports
3372,3373,18,socialmedia,58,2024-05-14,16,2,2231,547,Fitness Tracker,Sports
3373,3374,36,Video,122,2023-01-27,1,16,829,251,Kayak,Sports
3374,3375,37,VIDEO,391,2023-08-01,3,11,7397,2612,Ski Boots,Sports
3375,3376,4,VIDEO,280,2023-12-06,4,5,2709,859,Soccer Ball,Sports
3376,3377,28,newsletter,264,2024-05-15,7,1,3815,989,Running Shoes,Sports
3377,3378,8,NEWSLETTER,49,2024-05-07,3,13,1599,219,Swim Goggles,Sports
3378,3379,24,SOCIALMEDIA,7,2024-04-03,5,20,407,115,Boxing Gloves,Sports
3379,3380,33,video,0,2025-12-09,1,6,723,29,Tennis Racket,Sports
3380,3381,33,Newsletter,22,2024-11-29,8,10,2055,183,Golf Clubs,Sports
3381,3382,14,socialmedia,0,2025-12-18,3,20,915,26,Boxing Gloves,Sports
3382,3383,13,blog,1,2025-09-28,3,17,643,26,Surfboard,Sports
3383,3384,39,SOCIALMEDIA,19,2024-10-19,13,19,1208,148,Hockey Stick,Sports
3384,3385,5,Video,0,2025-12-06,20,11,235,4,Ski Boots,Sports
3385,3386,12,newsletter,380,2023-06-22,17,9,3423,1328,Baseball Glove,Sports
3386,3387,4,Socialmedia,33,2024-07-31,19,3,2320,397,Yoga Mat,Sports
3387,3388,30,socialmedia,299,2023-05-10,3,20,5884,896,Boxing Gloves,Sports
3388,3389,12,Blog,20,2024-11-20,17,6,2411,355,Tennis Racket,Sports
3389,3390,33,Video,2,2025-06-11,4,16,502,36,Kayak,Sports
3390,3391,13,blog,15,2024-12-17,11,11,918,101,Ski Boots,Sports
3391,3392,6,Blog,140,2024-03-19,6,20,4948,1071,Boxing Gloves,Sports
3392,3393,49,Video,136,2024-05-03,11,13,2063,557,Swim Goggles,Sports
3393,3394,7,newsletter,12,2023-10-26,1,8,276,87,Football Helmet,Sports
3394,3395,24,SOCIALMEDIA,13,2024-07-09,12,10,1590,92,Golf Clubs,Sports
3395,3396,45,Socialmedia,0,2025-11-28,5,14,898,38,Cycling Helmet,Sports
3396,3397,13,socialmedia,3,2025-06-26,5,10,1595,126,Golf Clubs,Sports
3397,3398,39,Socialmedia,1,2024-01-22,8,9,163,22,Baseball Glove,Sports
3398,3399,41,newsletter,0,2025-07-30,5,3,393,8,Yoga Mat,Sports
3399,3400,36,Socialmedia,43,2024-09-23,18,3,2072,304,Yoga Mat,Sports
3400,3401,49,Video,263,2024-06-05,17,8,4924,1057,Football Helmet,Sports
3401,3402,42,Socialmedia,24,2025-02-07,6,12,2028,170,Ice Skates,Sports
3402,3403,22,blog,311,2023-05-06,17,7,5830,1782,Basketball,Sports
3403,3404,22,Socialmedia,137,2023-10-04,19,16,2433,635,Kayak,Sports
3404,3405,23,video,2,2024-06-17,17,3,115,20,Yoga Mat,Sports
3405,3406,34,socialmedia,46,2024-03-01,17,15,1538,377,Climbing Rope,Sports
3406,3407,13,Socialmedia,0,2025-09-21,19,16,767,21,Kayak,Sports
3407,3408,20,blog,262,2023-09-03,2,14,3684,705,Cycling Helmet,Sports
3408,3409,8,Socialmedia,232,2023-07-05,7,18,7218,858,Volleyball,Sports
3409,3410,6,Socialmedia,24,2024-08-25,10,12,695,131,Ice Skates,Sports
3410,3411,48,video,155,2024-01-09,18,14,5930,1428,Cycling Helmet,Sports
3411,3412,2,socialmedia,6,2024-03-31,19,4,386,33,Dumbbells,Sports
3412,3413,35,blog,149,2023-05-20,1,19,4602,405,Hockey Stick,Sports
3413,3414,46,Socialmedia,29,2024-08-16,1,11,1298,264,Ski Boots,Sports
3414,3415,40,Newsletter,22,2023-03-26,7,3,387,69,Yoga Mat,Sports
3415,3416,18,VIDEO,43,2024-04-15,19,15,2144,404,Climbing Rope,Sports
3416,3417,6,socialmedia,70,2024-02-22,3,8,2364,563,Football Helmet,Sports
3417,3418,4,NEWSLETTER,14,2024-12-30,18,4,1893,146,Dumbbells,Sports
3418,3419,45,SOCIALMEDIA,338,2023-12-20,16,14,5299,1281,Cycling Helmet,Sports
3419,3420,31,newsletter,222,2023-01-28,5,12,5343,1124,Ice Skates,Sports
3420,3421,40,BLOG,33,2024-10-12,3,1,3849,167,Running Shoes,Sports
3421,3422,1,Newsletter,34,2023-03-02,6,4,1104,220,Dumbbells,Sports
3422,3423,19,Socialmedia,33,2024-04-06,3,20,2106,206,Boxing Gloves,Sports
3423,3424,12,Blog,22,2024-03-25,3,19,1748,366,Hockey Stick,Sports
3424,3425,49,socialmedia,26,2025-02-13,16,4,2612,224,Dumbbells,Sports
3425,3426,49,Blog,5,2025-04-25,16,12,1667,163,Ice Skates,Sports
3426,3427,1,Video,73,2024-09-14,14,9,3202,581,Baseball Glove,Sports
3427,3428,35,VIDEO,9,2024-11-01,15,5,3308,151,Soccer Ball,Sports
3428,3429,17,Video,134,2024-03-15,14,17,2869,576,Surfboard,Sports
3429,3430,34,Newsletter,0,2025-05-30,7,12,46,1,Ice Skates,Sports
3430,3431,13,blog,33,2023-03-26,16,10,518,184,Golf Clubs,Sports
3431,3432,48,video,0,2025-11-08,17,11,828,24,Ski Boots,Sports
3432,3433,45,blog,1,2025-08-19,19,11,467,23,Ski Boots,Sports
3433,3434,42,Socialmedia,269,2023-07-24,7,13,4000,1007,Swim Goggles,Sports
3434,3435,27,Socialmedia,87,2023-05-12,17,7,1361,374,Basketball,Sports
3435,3436,16,socialmedia,0,2025-11-17,16,18,323,4,Volleyball,Sports
3436,3437,2,Socialmedia,78,2023-02-13,4,4,574,217,Dumbbells,Sports
3437,3438,21,NEWSLETTER,0,2025-10-17,6,20,484,14,Boxing Gloves,Sports
3438,3439,17,video,70,2024-07-19,15,10,4324,336,Golf Clubs,Sports
3439,3440,7,video,80,2024-07-17,6,14,4178,444,Cycling Helmet,Sports
3440,3441,27,Socialmedia,399,2023-04-15,5,15,6659,2237,Climbing Rope,Sports
3441,3442,11,Socialmedia,15,2024-06-25,1,18,435,78,Volleyball,Sports
3442,3443,35,NEWSLETTER,1115,2023-02-18,18,19,6509,2726,Hockey Stick,Sports
3443,3444,40,Video,69,2024-07-03,18,7,2268,488,Basketball,Sports
3444,3445,40,NEWSLETTER,15,2025-03-06,15,20,2445,281,Boxing Gloves,Sports
3445,3446,18,video,3,2025-07-21,11,16,1265,84,Kayak,Sports
3446,3447,29,socialmedia,521,2023-03-13,9,17,8328,3666,Surfboard,Sports
3447,3448,14,Blog,7,2024-09-09,6,17,530,39,Surfboard,Sports
3448,3449,50,Video,44,2024-09-09,2,7,2647,310,Basketball,Sports
3449,3450,30,SOCIALMEDIA,920,2023-01-25,14,5,6758,2709,Soccer Ball,Sports
3450,3451,34,blog,153,2024-03-07,19,10,1835,546,Golf Clubs,Sports
3451,3452,35,SOCIALMEDIA,14,2024-10-12,9,5,1513,118,Soccer Ball,Sports
3452,3453,10,newsletter,27,2025-01-31,1,11,1585,188,Ski Boots,Sports
3453,3454,48,newsletter,37,2024-02-01,11,6,1254,203,Tennis Racket,Sports
3454,3455,11,Socialmedia,4,2024-02-24,12,3,461,35,Yoga Mat,Sports
3455,3456,6,SOCIALMEDIA,52,2024-06-24,4,18,2149,272,Volleyball,Sports
3456,3457,44,Socialmedia,0,2025-11-24,11,2,102,1,Fitness Tracker,Sports
3457,3458,4,Socialmedia,21,2025-02-02,9,2,1605,187,Fitness Tracker,Sports
3458,3459,36,video,82,2024-01-15,16,7,2444,651,Basketball,Sports
3459,3460,25,NEWSLETTER,1,2025-02-13,9,3,475,37,Yoga Mat,Sports
3460,3461,20,Newsletter,1434,2023-01-28,4,12,8986,4168,Ice Skates,Sports
3461,3462,3,Newsletter,10,2024-12-23,19,4,786,71,Dumbbells,Sports
3462,3463,4,blog,41,2024-07-18,4,4,2094,405,Dumbbells,Sports
3463,3464,26,newsletter,49,2023-09-11,1,1,2580,233,Running Shoes,Sports
3464,3465,3,Newsletter,4,2024-08-14,4,16,170,36,Kayak,Sports
3465,3466,33,blog,7,2024-11-14,14,11,855,97,Ski Boots,Sports
3466,3467,5,newsletter,38,2024-12-01,11,6,1595,256,Tennis Racket,Sports
3467,3468,31,SOCIALMEDIA,509,2023-03-06,20,3,4769,1811,Yoga Mat,Sports
3468,3469,17,video,19,2024-02-25,20,3,491,99,Yoga Mat,Sports
3469,3470,14,Blog,65,2024-04-08,8,18,5099,652,Volleyball,Sports
3470,3471,44,newsletter,400,2023-02-18,15,11,7172,1811,Ski Boots,Sports
3471,3472,37,Socialmedia,136,2024-06-04,13,4,2879,630,Dumbbells,Sports
3472,3473,41,socialmedia,108,2023-05-21,3,9,4076,822,Baseball Glove,Sports
3473,3474,22,BLOG,3,2023-12-19,5,16,80,13,Kayak,Sports
3474,3475,8,NEWSLETTER,365,2023-04-02,6,18,8918,1148,Volleyball,Sports
3475,3476,38,Socialmedia,32,2024-09-10,4,14,3419,311,Cycling Helmet,Sports
3476,3477,27,Video,0,2025-10-17,6,3,677,15,Yoga Mat,Sports
3477,3478,19,SOCIALMEDIA,0,2025-09-13,3,18,173,6,Volleyball,Sports
3478,3479,30,Video,294,2023-01-31,9,9,4777,2084,Baseball Glove,Sports
3479,3480,18,Newsletter,820,2023-01-13,14,14,8653,3936,Cycling Helmet,Sports
3480,3481,13,socialmedia,22,2024-07-20,6,2,1278,189,Fitness Tracker,Sports
3481,3482,29,Video,4,2025-05-11,11,17,1804,64,Surfboard,Sports
3482,3483,45,socialmedia,80,2023-12-28,4,16,2308,299,Kayak,Sports
3483,3484,39,Newsletter,91,2024-02-13,1,16,1067,322,Kayak,Sports
3484,3485,4,Socialmedia,39,2024-08-05,6,1,3842,190,Running Shoes,Sports
3485,3486,43,Blog,40,2024-11-01,12,20,3772,442,Boxing Gloves,Sports
3486,3487,31,Blog,421,2023-09-18,16,18,5451,2029,Volleyball,Sports
3487,3488,43,newsletter,13,2024-09-14,17,10,1431,172,Golf Clubs,Sports
3488,3489,14,Video,24,2025-02-09,2,15,1268,174,Climbing Rope,Sports
3489,3490,48,Blog,46,2023-08-28,14,19,624,206,Hockey Stick,Sports
3490,3491,38,SOCIALMEDIA,1,2025-04-28,10,9,569,38,Baseball Glove,Sports
3491,3492,46,Blog,18,2024-07-15,5,2,2868,286,Fitness Tracker,Sports
3492,3493,11,Socialmedia,2,2025-05-20,13,5,1713,51,Soccer Ball,Sports
3493,3494,8,Newsletter,367,2023-07-16,18,15,6674,2141,Climbing Rope,Sports
3494,3495,16,SOCIALMEDIA,0,2025-08-17,12,17,198,9,Surfboard,Sports
3495,3496,39,Video,346,2023-12-15,4,14,4572,1088,Cycling Helmet,Sports
3496,3497,3,Socialmedia,597,2023-03-17,14,16,7672,3341,Kayak,Sports
3497,3498,6,NEWSLETTER,0,2025-07-03,16,12,332,11,Ice Skates,Sports
3498,3499,47,Socialmedia,29,2024-04-24,18,19,1644,348,Hockey Stick,Sports
3499,3500,43,newsletter,834,2023-01-03,2,9,7380,2016,Baseball Glove,Sports
3500,3501,31,video,18,2024-07-14,11,14,3001,229,Cycling Helmet,Sports
3501,3502,45,NEWSLETTER,345,2023-05-11,13,7,7958,2248,Basketball,Sports
3502,3503,29,newsletter,48,2024-11-24,17,6,2173,382,Tennis Racket,Sports
3503,3504,3,blog,208,2023-04-02,2,13,8110,1902,Swim Goggles,Sports
3504,3505,18,blog,1,2025-08-22,3,14,719,38,Cycling Helmet,Sports
3505,3506,3,Blog,90,2023-08-29,14,13,4371,554,Swim Goggles,Sports
3506,3507,6,Video,16,2024-12-29,20,2,2975,413,Fitness Tracker,Sports
3507,3508,47,VIDEO,238,2023-02-24,8,19,2020,812,Hockey Stick,Sports
3508,3509,49,NEWSLETTER,3,2025-06-20,13,5,1450,65,Soccer Ball,Sports
3509,3510,20,Newsletter,1,2025-03-20,14,9,482,19,Baseball Glove,Sports
3510,3511,48,BLOG,150,2023-05-06,3,15,4279,397,Climbing Rope,Sports
3511,3512,43,Newsletter,0,2025-12-15,11,16,1886.0,229.0,Kayak,Sports
3512,3513,25,SOCIALMEDIA,25,2023-05-07,10,20,489,209,Boxing Gloves,Sports
3513,3514,7,BLOG,0,2025-08-21,3,13,826,24,Swim Goggles,Sports
3514,3515,14,Blog,98,2024-03-29,6,15,4183,1209,Climbing Rope,Sports
3515,3516,18,socialmedia,82,2024-03-17,3,13,4299,485,Swim Goggles,Sports
3516,3517,24,SOCIALMEDIA,14,2024-11-24,14,11,2303,259,Ski Boots,Sports
3517,3518,26,socialmedia,0,2025-10-23,3,5,751,9,Soccer Ball,Sports
3518,3519,39,VIDEO,48,2024-11-07,11,5,3059,562,Soccer Ball,Sports
3519,3520,27,newsletter,0,2025-10-10,13,20,102,4,Boxing Gloves,Sports
3520,3521,50,Newsletter,0,2025-08-16,3,14,211,11,Cycling Helmet,Sports
3521,3522,10,blog,259,2023-06-30,17,1,7023,2063,Running Shoes,Sports
3522,3523,20,BLOG,111,2024-03-09,16,4,2560,576,Dumbbells,Sports
3523,3524,45,newsletter,1181,2023-06-25,8,16,7899,2935,Kayak,Sports
3524,3525,36,Newsletter,26,2023-12-25,4,7,1628,382,Basketball,Sports
3525,3526,36,Socialmedia,0,2025-10-30,10,13,486,23,Swim Goggles,Sports
3526,3527,1,newsletter,100,2024-08-23,7,6,3427,483,Tennis Racket,Sports
3527,3528,43,Socialmedia,97,2023-11-07,20,20,4524,877,Boxing Gloves,Sports
3528,3529,40,video,439,2023-02-21,10,20,4743,1140,Boxing Gloves,Sports
3529,3530,28,Blog,91,2023-12-11,15,14,1721,400,Cycling Helmet,Sports
3530,3531,11,socialmedia,0,2025-12-20,18,14,182,7,Cycling Helmet,Sports
3531,3532,10,VIDEO,1,2025-08-25,5,9,1007,52,Baseball Glove,Sports
3532,3533,13,Blog,54,2023-01-16,7,4,876,233,Dumbbells,Sports
3533,3534,21,Video,11,2024-12-11,12,11,2030,157,Ski Boots,Sports
3534,3535,6,blog,0,2025-08-08,12,5,1139,44,Soccer Ball,Sports
3535,3536,47,Video,2,2025-06-02,7,11,1010,39,Ski Boots,Sports
3536,3537,41,video,200,2024-01-24,5,2,3595,716,Fitness Tracker,Sports
3537,3538,17,Socialmedia,164,2024-04-17,9,14,3361,854,Cycling Helmet,Sports
3538,3539,48,blog,493,2023-10-16,2,17,7161,2535,Surfboard,Sports
3539,3540,45,Blog,50,2023-09-21,20,4,2787,244,Dumbbells,Sports
3540,3541,11,Newsletter,13,2025-03-20,10,18,2208,224,Volleyball,Sports
3541,3542,34,Socialmedia,2,2025-05-11,16,1,1979,65,Running Shoes,Sports
3542,3543,4,Socialmedia,87,2023-10-25,8,2,1453,486,Fitness Tracker,Sports
3543,3544,33,NEWSLETTER,0,2025-01-17,18,14,108,16,Cycling Helmet,Sports
3544,3545,36,Video,123,2024-04-07,12,7,4189,472,Basketball,Sports
3545,3546,29,blog,257,2023-09-25,18,3,4456,1484,Yoga Mat,Sports
3546,3547,19,newsletter,160,2024-03-01,10,15,3426,577,Climbing Rope,Sports
3547,3548,35,Newsletter,12,2024-08-17,14,2,1756,139,Fitness Tracker,Sports
3548,3549,11,Blog,97,2024-07-21,7,8,2964,459,Football Helmet,Sports
3549,3550,46,SOCIALMEDIA,3,2025-04-30,20,20,403,28,Boxing Gloves,Sports
3550,3551,29,Blog,32,2024-04-25,8,5,4653,292,Soccer Ball,Sports
3551,3552,3,blog,151,2024-03-23,8,4,4600,515,Dumbbells,Sports
3552,3553,47,blog,0,2025-10-21,19,14,555,20,Cycling Helmet,Sports
3553,3554,28,Newsletter,11,2023-08-17,1,12,112,32,Ice Skates,Sports
3554,3555,49,blog,144,2023-11-27,13,19,3019,447,Hockey Stick,Sports
3555,3556,13,newsletter,25,2024-12-15,19,4,3343,209,Dumbbells,Sports
3556,3557,4,blog,23,2025-01-23,15,10,1600,156,Golf Clubs,Sports
3557,3558,26,Newsletter,0,2025-12-21,16,13,600,23,Swim Goggles,Sports
3558,3559,7,BLOG,3,2025-03-15,16,5,872,84,Soccer Ball,Sports
3559,3560,23,Blog,17,2025-03-04,12,15,1390,143,Climbing Rope,Sports
3560,3561,1,Video,78,2023-10-02,7,9,3351,315,Baseball Glove,Sports
3561,3562,28,Socialmedia,76,2024-05-23,1,8,4846,304,Football Helmet,Sports
3562,3563,3,BLOG,1526,2023-02-20,17,9,8611,3582,Baseball Glove,Sports
3563,3564,18,Newsletter,2,2025-01-02,3,3,578,66,Yoga Mat,Sports
3564,3565,3,video,3,2025-02-07,7,7,452,35,Basketball,Sports
3565,3566,18,video,15,2024-05-30,5,8,907,96,Football Helmet,Sports
3566,3567,29,video,14,2024-07-09,16,14,848,95,Cycling Helmet,Sports
3567,3568,39,socialmedia,44,2023-07-07,14,17,1268,434,Surfboard,Sports
3568,3569,17,VIDEO,1493,2023-03-23,3,13,8858,3373,Swim Goggles,Sports
3569,3570,31,Video,272,2023-07-06,13,8,3980,1304,Football Helmet,Sports
3570,3571,18,socialmedia,0,2025-12-15,15,17,191,7,Surfboard,Sports
3571,3572,50,newsletter,3,2025-05-19,19,18,1469,81,Volleyball,Sports
3572,3573,42,newsletter,19,2025-01-22,1,1,2142,144,Running Shoes,Sports
3573,3574,26,BLOG,0,2025-11-08,10,7,85,3,Basketball,Sports
3574,3575,26,Video,34,2024-03-27,14,5,580,123,Soccer Ball,Sports
3575,3576,8,Blog,96,2023-08-02,2,16,3351,321,Kayak,Sports
3576,3577,7,NEWSLETTER,282,2023-11-21,14,3,4803,1133,Yoga Mat,Sports
3577,3578,32,blog,502,2023-01-30,12,19,5403,1419,Hockey Stick,Sports
3578,3579,40,Video,47,2024-04-05,9,13,1703,226,Swim Goggles,Sports
3579,3580,38,Newsletter,209,2023-01-10,10,19,3540,887,Hockey Stick,Sports
3580,3581,27,SOCIALMEDIA,286,2024-01-18,18,2,4434,1319,Fitness Tracker,Sports
3581,3582,6,Blog,45,2024-01-30,4,5,3426,405,Soccer Ball,Sports
3582,3583,1,socialmedia,107,2023-10-09,18,13,2848,431,Swim Goggles,Sports
3583,3584,24,blog,4,2024-12-07,6,14,1214,88,Cycling Helmet,Sports
3584,3585,41,BLOG,0,2025-08-29,19,12,1091,14,Ice Skates,Sports
3585,3586,16,video,122,2024-02-20,11,14,4681,455,Cycling Helmet,Sports
3586,3587,21,SOCIALMEDIA,7,2023-07-26,6,16,91,32,Kayak,Sports
3587,3588,31,BLOG,0,2025-12-14,17,17,382,15,Surfboard,Sports
3588,3589,4,newsletter,1,2025-08-02,13,14,807,45,Cycling Helmet,Sports
3589,3590,39,video,16,2024-10-13,12,1,1316,201,Running Shoes,Sports
3590,3591,43,video,154,2023-10-30,7,3,4139,495,Yoga Mat,Sports
3591,3592,9,NEWSLETTER,395,2024-01-11,11,15,5950,1643,Climbing Rope,Sports
3592,3593,41,video,79,2023-11-26,9,19,1264,305,Hockey Stick,Sports
3593,3594,12,NEWSLETTER,180,2024-02-18,4,5,4175,734,Soccer Ball,Sports
3594,3595,23,video,2,2025-05-18,7,3,1626,88,Yoga Mat,Sports
3595,3596,15,Blog,16,2023-07-16,1,17,721,105,Surfboard,Sports
3596,3597,5,blog,28,2024-08-25,17,3,4304,204,Yoga Mat,Sports
3597,3598,39,socialmedia,11,2024-01-12,18,17,376,42,Surfboard,Sports
3598,3599,8,Video,2,2025-06-13,15,17,1356,26,Surfboard,Sports
3599,3600,40,Video,19,2024-08-16,16,15,459,104,Climbing Rope,Sports
3600,3601,24,socialmedia,2,2025-03-15,9,6,950,31,Tennis Racket,Sports
3601,3602,23,Socialmedia,85,2023-05-11,5,2,4909,525,Fitness Tracker,Sports
3602,3603,7,Newsletter,14,2025-01-26,7,14,2216,182,Cycling Helmet,Sports
3603,3604,37,Video,127,2024-03-25,6,9,5841,576,Baseball Glove,Sports
3604,3605,5,blog,58,2024-02-13,12,5,2436,522,Soccer Ball,Sports
3605,3606,40,NEWSLETTER,38,2024-10-17,11,7,1674,259,Basketball,Sports
3606,3607,18,newsletter,1,2025-11-03,5,11,735,31,Ski Boots,Sports
3607,3608,26,VIDEO,116,2023-08-09,9,1,2764,769,Running Shoes,Sports
3608,3609,37,VIDEO,47,2024-02-28,13,3,2945,195,Yoga Mat,Sports
3609,3610,1,blog,293,2023-03-08,5,15,4316,954,Climbing Rope,Sports
3610,3611,4,Blog,1,2025-10-12,18,6,987,38,Tennis Racket,Sports
3611,3612,41,SOCIALMEDIA,0,2025-11-12,8,3,719,18,Yoga Mat,Sports
3612,3613,4,Blog,84,2024-03-14,17,4,4552,493,Dumbbells,Sports
3613,3614,45,Video,0,2025-08-31,6,5,259,13,Soccer Ball,Sports
3614,3615,25,blog,135,2023-03-15,13,8,4746,604,Football Helmet,Sports
3615,3616,47,SOCIALMEDIA,10,2025-04-15,8,19,2128,175,Hockey Stick,Sports
3616,3617,17,Newsletter,293,2023-08-15,4,6,5555,1313,Tennis Racket,Sports
3617,3618,45,Socialmedia,2,2025-03-10,16,4,452,27,Dumbbells,Sports
3618,3619,41,socialmedia,140,2024-08-24,15,10,3128,702,Golf Clubs,Sports
3619,3620,16,video,4,2024-10-23,12,7,261,48,Basketball,Sports
3620,3621,12,Blog,29,2024-09-15,2,9,2166,439,Baseball Glove,Sports
3621,3622,18,newsletter,1,2025-05-11,6,13,1186,49,Swim Goggles,Sports
3622,3623,40,blog,85,2023-12-01,5,18,5885,1075,Volleyball,Sports
3623,3624,32,socialmedia,92,2024-05-25,7,16,3809,690,Kayak,Sports
3624,3625,20,Blog,63,2023-08-01,10,19,2132,430,Hockey Stick,Sports
3625,3626,33,socialmedia,14,2024-11-23,2,13,1394,169,Swim Goggles,Sports
3626,3627,17,Blog,0,2025-06-18,11,7,433,14,Basketball,Sports
3627,3628,33,Newsletter,312,2023-01-23,12,12,5453,1589,Ice Skates,Sports
3628,3629,37,blog,1,2025-06-01,1,1,802,29,Running Shoes,Sports
3629,3630,43,Socialmedia,0,2025-12-12,11,1,794,13,Running Shoes,Sports
3630,3631,24,Blog,25,2024-02-22,17,11,3710,365,Ski Boots,Sports
3631,3632,45,newsletter,671,2023-11-06,7,19,6537,2252,Hockey Stick,Sports
3632,3633,10,Video,0,2025-10-13,3,15,317,11,Climbing Rope,Sports
3633,3634,33,newsletter,536,2023-06-22,3,4,8392,2465,Dumbbells,Sports
3634,3635,19,Socialmedia,286,2023-03-05,19,14,2162,925,Cycling Helmet,Sports
3635,3636,18,socialmedia,275,2023-05-31,9,1,5058,921,Running Shoes,Sports
3636,3637,50,socialmedia,59,2024-07-26,10,15,4597,495,Climbing Rope,Sports
3637,3638,7,socialmedia,5,2024-12-25,17,6,595,52,Tennis Racket,Sports
3638,3639,20,Blog,48,2024-05-07,19,10,2322,404,Golf Clubs,Sports
3639,3640,38,video,13,2023-01-31,14,9,372,87,Baseball Glove,Sports
3640,3641,38,Video,404,2023-02-26,10,19,5987,1858,Hockey Stick,Sports
3641,3642,1,newsletter,0,2025-09-23,9,9,243,9,Baseball Glove,Sports
3642,3643,36,Newsletter,1,2025-07-04,5,5,799,16,Soccer Ball,Sports
3643,3644,41,Blog,483,2023-05-29,1,4,3884,1675,Dumbbells,Sports
3644,3645,45,Socialmedia,14,2024-02-19,18,11,572,99,Ski Boots,Sports
3645,3646,33,newsletter,75,2024-06-16,5,4,3901,923,Dumbbells,Sports
3646,3647,23,Blog,38,2024-03-10,3,17,3088,340,Surfboard,Sports
3647,3648,19,Blog,1760,2023-01-25,20,13,9478,4247,Swim Goggles,Sports
3648,3649,4,blog,18,2023-12-19,13,16,536,156,Kayak,Sports
3649,3650,37,socialmedia,0,2025-10-13,4,5,127,3,Soccer Ball,Sports
3650,3651,13,Newsletter,165,2024-03-15,8,17,4795,859,Surfboard,Sports
3651,3652,37,Newsletter,0,2025-10-08,15,12,405,16,Ice Skates,Sports
3652,3653,29,newsletter,299,2023-05-25,13,16,2714,967,Kayak,Sports
3653,3654,31,Blog,0,2025-09-16,14,9,795,17,Baseball Glove,Sports
3654,3655,20,Socialmedia,86,2024-03-28,11,18,2217,496,Volleyball,Sports
3655,3656,29,BLOG,3,2025-01-27,20,4,1073,52,Dumbbells,Sports
3656,3657,25,VIDEO,0,2025-10-08,6,20,735,17,Boxing Gloves,Sports
3657,3658,15,Video,279,2023-02-15,8,20,3732,1453,Boxing Gloves,Sports
3658,3659,17,socialmedia,9,2025-01-10,6,8,2027,191,Football Helmet,Sports
3659,3660,39,video,135,2024-02-11,6,11,4378,738,Ski Boots,Sports
3660,3661,39,SOCIALMEDIA,0,2025-06-07,18,4,74,4,Dumbbells,Sports
3661,3662,13,socialmedia,160,2024-02-23,15,14,4581,748,Cycling Helmet,Sports
3662,3663,14,Blog,0,2025-09-07,14,10,652,25,Golf Clubs,Sports
3663,3664,46,socialmedia,280,2024-05-18,15,11,5249,1106,Ski Boots,Sports
3664,3665,1,video,213,2023-08-17,7,1,1620,599,Running Shoes,Sports
3665,3666,47,Newsletter,1,2025-04-10,11,19,662,24,Hockey Stick,Sports
3666,3667,17,Newsletter,0,2025-12-14,1,20,366,4,Boxing Gloves,Sports
3667,3668,23,BLOG,31,2024-05-03,16,18,1227,157,Volleyball,Sports
3668,3669,10,BLOG,30,2024-08-04,7,13,3879,617,Swim Goggles,Sports
3669,3670,32,Video,257,2024-02-09,12,1,4934,852,Running Shoes,Sports
3670,3671,21,video,16,2023-06-11,15,19,168,49,Hockey Stick,Sports
3671,3672,35,socialmedia,270,2023-07-01,7,4,4511,866,Dumbbells,Sports
3672,3673,34,Video,54,2023-07-09,15,8,6797,579,Football Helmet,Sports
3673,3674,4,video,0,2025-09-29,13,15,484,20,Climbing Rope,Sports
3674,3675,22,Newsletter,602,2023-05-16,17,4,7568,1847,Dumbbells,Sports
3675,3676,25,newsletter,128,2024-01-23,11,1,3700,819,Running Shoes,Sports
3676,3677,10,Newsletter,188,2024-03-08,5,14,4969,903,Cycling Helmet,Sports
3677,3678,4,SOCIALMEDIA,0,2025-12-19,7,19,394,6,Hockey Stick,Sports
3678,3679,44,Video,2,2025-06-16,3,7,1033,71,Basketball,Sports
3679,3680,42,Blog,0,2025-08-27,8,4,807,15,Dumbbells,Sports
3680,3681,11,SOCIALMEDIA,22,2023-12-23,18,5,1678,193,Soccer Ball,Sports
3681,3682,3,blog,17,2025-02-12,5,17,1964,239,Surfboard,Sports
3682,3683,23,BLOG,422,2023-07-14,3,11,8021,1974,Ski Boots,Sports
3683,3684,33,Blog,10,2025-02-26,12,11,1673,157,Ski Boots,Sports
3684,3685,3,Video,0,2025-09-09,14,5,359,17,Soccer Ball,Sports
3685,3686,19,video,45,2023-08-14,1,17,958,344,Surfboard,Sports
3686,3687,46,Blog,98,2024-04-18,15,20,5490,380,Boxing Gloves,Sports
3687,3688,36,Blog,50,2024-02-28,18,4,2655,290,Dumbbells,Sports
3688,3689,7,Blog,423,2023-02-18,5,17,5867,1654,Surfboard,Sports
3689,3690,4,video,231,2023-06-28,19,3,6853,1183,Yoga Mat,Sports
3690,3691,3,Socialmedia,148,2023-11-21,19,13,2291,573,Swim Goggles,Sports
3691,3692,49,blog,0,2025-07-10,16,16,86,4,Kayak,Sports
3692,3693,23,Newsletter,1,2025-07-05,16,17,380,17,Surfboard,Sports
3693,3694,47,Newsletter,44,2024-04-14,18,9,934,187,Baseball Glove,Sports
3694,3695,37,Newsletter,4,2025-05-08,3,12,838,41,Ice Skates,Sports
3695,3696,18,Newsletter,394,2023-09-22,7,8,3436,1056,Football Helmet,Sports
3696,3697,9,Video,3,2025-03-11,16,20,664,31,Boxing Gloves,Sports
3697,3698,17,Video,7,2024-08-25,8,2,419,92,Fitness Tracker,Sports
3698,3699,8,video,68,2024-08-23,15,14,4113,415,Cycling Helmet,Sports
3699,3700,3,Video,0,2025-12-18,20,4,607,8,Dumbbells,Sports
3700,3701,47,Video,143,2023-10-03,10,8,1365,446,Football Helmet,Sports
3701,3702,43,blog,67,2024-05-15,3,2,2638,510,Fitness Tracker,Sports
3702,3703,4,Socialmedia,1,2025-06-06,20,6,863,36,Tennis Racket,Sports
3703,3704,11,Newsletter,40,2023-09-04,16,20,4172,363,Boxing Gloves,Sports
3704,3705,28,Newsletter,11,2025-03-21,20,10,1206,106,Golf Clubs,Sports
3705,3706,21,Newsletter,0,2025-12-25,4,14,226,10,Cycling Helmet,Sports
3706,3707,24,socialmedia,20,2024-11-01,19,15,1848,339,Climbing Rope,Sports
3707,3708,41,newsletter,0,2025-11-19,16,2,409,13,Fitness Tracker,Sports
3708,3709,6,video,4,2025-06-04,2,2,1769,91,Fitness Tracker,Sports
3709,3710,37,video,60,2024-01-01,14,17,3656,364,Surfboard,Sports
3710,3711,3,Video,58,2024-09-26,20,10,2978,497,Golf Clubs,Sports
3711,3712,49,BLOG,108,2024-07-01,5,2,4866,950,Fitness Tracker,Sports
3712,3713,41,video,1,2025-03-14,17,13,445,26,Swim Goggles,Sports
3713,3714,20,Newsletter,128,2024-09-05,18,20,3335,607,Boxing Gloves,Sports
3714,3715,8,video,2,2025-06-22,5,18,551,35,Volleyball,Sports
3715,3716,15,blog,62,2024-05-10,7,12,2843,518,Ice Skates,Sports
3716,3717,25,blog,197,2024-03-10,1,2,3088,714,Fitness Tracker,Sports
3717,3718,30,Newsletter,574,2023-07-15,17,6,7259,2943,Tennis Racket,Sports
3718,3719,39,Video,145,2023-07-29,13,15,3069,809,Climbing Rope,Sports
3719,3720,16,Socialmedia,5,2023-06-20,11,18,222,21,Volleyball,Sports
3720,3721,1,SOCIALMEDIA,7,2024-01-28,3,18,269,39,Volleyball,Sports
3721,3722,8,Socialmedia,247,2023-02-03,9,18,3770,880,Volleyball,Sports
3722,3723,45,socialmedia,105,2023-10-20,19,12,1699,525,Ice Skates,Sports
3723,3724,23,Video,61,2024-04-08,19,9,1597,322,Baseball Glove,Sports
3724,3725,46,Newsletter,1,2025-05-23,17,18,674,53,Volleyball,Sports
3725,3726,35,Blog,18,2024-01-27,19,3,747,142,Yoga Mat,Sports
3726,3727,42,Socialmedia,13,2025-02-09,7,16,2166,167,Kayak,Sports
3727,3728,12,video,134,2023-07-07,4,9,3798,578,Baseball Glove,Sports
3728,3729,17,Newsletter,12,2025-01-09,20,20,2357,270,Boxing Gloves,Sports
3729,3730,44,socialmedia,8,2025-06-05,3,5,1840,125,Soccer Ball,Sports
3730,3731,4,Video,1,2025-03-21,7,8,186,9,Football Helmet,Sports
3731,3732,4,Blog,0,2025-12-02,14,15,644,13,Climbing Rope,Sports
3732,3733,48,SOCIALMEDIA,4,2025-04-15,5,5,1971,155,Soccer Ball,Sports
3733,3734,39,Socialmedia,886,2023-03-19,15,1,7510,3421,Running Shoes,Sports
3734,3735,39,video,1,2024-10-03,9,19,474,28,Hockey Stick,Sports
3735,3736,23,Video,1530,2023-02-24,20,12,9393,3843,Ice Skates,Sports
3736,3737,37,Socialmedia,471,2023-06-19,19,2,8272,2750,Fitness Tracker,Sports
3737,3738,46,Socialmedia,185,2024-03-23,3,7,5682,997,Basketball,Sports
3738,3739,49,video,35,2023-03-04,17,1,550,183,Running Shoes,Sports
3739,3740,35,video,482,2023-02-18,17,6,8379,1159,Tennis Racket,Sports
3740,3741,46,Socialmedia,20,2024-05-28,15,18,1956,291,Volleyball,Sports
3741,3742,33,socialmedia,5,2025-04-13,3,4,2263,59,Dumbbells,Sports
3742,3743,23,Blog,223,2023-10-06,7,13,5626,703,Swim Goggles,Sports
3743,3744,31,Newsletter,26,2024-11-09,15,19,1628,178,Hockey Stick,Sports
3744,3745,29,video,21,2024-04-10,18,16,1307,232,Kayak,Sports
3745,3746,35,Socialmedia,16,2025-03-28,12,12,2478,259,Ice Skates,Sports
3746,3747,6,Newsletter,0,2025-08-17,6,19,481,14,Hockey Stick,Sports
3747,3748,4,BLOG,1221,2023-01-28,5,8,7840,2727,Football Helmet,Sports
3748,3749,2,Blog,65,2024-01-30,20,15,1974,398,Climbing Rope,Sports
3749,3750,41,Socialmedia,251,2024-02-10,11,10,4298,967,Golf Clubs,Sports
3750,3751,29,Socialmedia,105,2024-03-29,7,15,5045,792,Climbing Rope,Sports
3751,3752,23,video,0,2025-06-22,4,3,47,2,Yoga Mat,Sports
3752,3753,42,Blog,8,2025-02-01,14,16,826,104,Kayak,Sports
3753,3754,50,Socialmedia,112,2023-01-31,13,5,2746,577,Soccer Ball,Sports
3754,3755,17,Socialmedia,8,2024-07-07,7,11,154,36,Ski Boots,Sports
3755,3756,14,blog,129,2023-05-11,2,18,3900,368,Volleyball,Sports
3756,3757,9,Video,20,2025-01-14,7,9,1643,147,Baseball Glove,Sports
3757,3758,12,Blog,5,2025-04-07,17,13,1495,97,Swim Goggles,Sports
3758,3759,19,Video,0,2025-12-08,16,6,984,15,Tennis Racket,Sports
3759,3760,38,video,0,2025-06-30,3,19,79,6,Hockey Stick,Sports
3760,3761,14,video,23,2023-07-02,6,7,1109,99,Basketball,Sports
3761,3762,18,Socialmedia,2,2025-04-14,15,2,1261,74,Fitness Tracker,Sports
3762,3763,12,video,323,2023-02-08,13,9,9582,1101,Baseball Glove,Sports
3763,3764,21,SOCIALMEDIA,8,2023-11-18,1,18,277,30,Volleyball,Sports
3764,3765,49,BLOG,0,2025-10-30,7,1,402,16,Running Shoes,Sports
3765,3766,37,Blog,89,2024-06-25,2,17,4639,683,Surfboard,Sports
3766,3767,46,BLOG,74,2024-02-16,13,12,2129,239,Ice Skates,Sports
3767,3768,12,socialmedia,72,2024-11-30,19,14,3149,493,Cycling Helmet,Sports
3768,3769,38,blog,0,2025-10-13,3,14,529,22,Cycling Helmet,Sports
3769,3770,1,blog,1021,2023-01-05,18,17,7155,2087,Surfboard,Sports
3770,3771,31,socialmedia,9,2025-06-01,10,9,1484,102,Baseball Glove,Sports
3771,3772,47,blog,113,2023-06-12,11,16,3424,308,Kayak,Sports
3772,3773,32,Video,1,2025-07-23,12,13,802,19,Swim Goggles,Sports
3773,3774,43,VIDEO,547,2023-09-23,4,18,5606,1491,Volleyball,Sports
3774,3775,4,Blog,17,2024-08-13,6,2,3362,338,Fitness Tracker,Sports
3775,3776,48,NEWSLETTER,0,2025-09-01,5,6,690,21,Tennis Racket,Sports
3776,3777,50,Socialmedia,292,2023-06-13,19,16,7291,857,Kayak,Sports
3777,3778,14,Video,80,2023-08-22,1,12,1957,241,Ice Skates,Sports
3778,3779,23,newsletter,75,2023-02-18,17,16,1600,245,Kayak,Sports
3779,3780,46,blog,327,2023-09-06,6,3,5124,1016,Yoga Mat,Sports
3780,3781,20,video,0,2025-12-11,16,17,239,7,Surfboard,Sports
3781,3782,8,Video,151,2023-03-20,1,2,5093,938,Fitness Tracker,Sports
3782,3783,26,BLOG,66,2024-10-15,19,15,2269,382,Climbing Rope,Sports
3783,3784,26,Newsletter,70,2023-11-01,4,18,1275,360,Volleyball,Sports
3784,3785,43,newsletter,3,2025-03-24,17,12,990,97,Ice Skates,Sports
3785,3786,17,Blog,71,2023-02-17,3,19,1023,218,Hockey Stick,Sports
3786,3787,29,Blog,30,2023-07-21,9,19,302,80,Hockey Stick,Sports
3787,3788,2,newsletter,5,2025-07-06,7,13,1368,87,Swim Goggles,Sports
3788,3789,37,Newsletter,133,2023-09-18,5,13,4066,473,Swim Goggles,Sports
3789,3790,21,newsletter,5,2025-04-12,9,19,1804,105,Hockey Stick,Sports
3790,3791,1,Blog,0,2025-07-08,1,11,462,16,Ski Boots,Sports
3791,3792,17,Socialmedia,1534,2023-02-25,7,3,7378,3370,Yoga Mat,Sports
3792,3793,49,Blog,0,2025-08-03,15,19,1210,33,Hockey Stick,Sports
3793,3794,30,video,12,2024-09-19,18,14,1906,90,Cycling Helmet,Sports
3794,3795,10,Socialmedia,0,2025-10-19,9,12,282,5,Ice Skates,Sports
3795,3796,13,video,4,2024-03-13,13,20,141,30,Boxing Gloves,Sports
3796,3797,18,Socialmedia,59,2023-12-14,16,8,4622,384,Football Helmet,Sports
3797,3798,2,video,13,2025-01-21,7,7,2892,325,Basketball,Sports
3798,3799,9,video,107,2023-11-14,12,1,2668,722,Running Shoes,Sports
3799,3800,13,Socialmedia,81,2024-06-15,4,4,1751,399,Dumbbells,Sports
3800,3801,7,video,2,2025-02-15,2,16,322,16,Kayak,Sports
3801,3802,44,newsletter,30,2024-01-22,17,12,4549,431,Ice Skates,Sports
3802,3803,3,Video,113,2023-03-29,3,11,1404,330,Ski Boots,Sports
3803,3804,3,blog,30,2024-08-31,3,12,1787,387,Ice Skates,Sports
3804,3805,44,blog,0,2025-09-26,14,9,820,23,Baseball Glove,Sports
3805,3806,1,Video,15,2025-01-22,19,8,2940,443,Football Helmet,Sports
3806,3807,31,Socialmedia,156,2024-08-31,18,16,4402,852,Kayak,Sports
3807,3808,40,Newsletter,1,2025-06-10,6,13,966,57,Swim Goggles,Sports
3808,3809,44,VIDEO,0,2025-09-20,15,1,827,12,Running Shoes,Sports
3809,3810,11,Socialmedia,30,2024-11-23,1,11,3380,395,Ski Boots,Sports
3810,3811,50,socialmedia,213,2023-06-06,1,16,3995,1317,Kayak,Sports
3811,3812,18,socialmedia,1,2025-07-03,7,14,925,50,Cycling Helmet,Sports
3812,3813,11,Video,0,2025-12-19,15,10,534,15,Golf Clubs,Sports
3813,3814,21,Newsletter,40,2024-04-25,18,3,3874,445,Yoga Mat,Sports
3814,3815,1,Video,50,2024-05-01,12,8,4762,564,Football Helmet,Sports
3815,3816,5,NEWSLETTER,0,2025-12-05,11,20,358,9,Boxing Gloves,Sports
3816,3817,24,newsletter,2,2025-05-23,5,16,628,35,Kayak,Sports
3817,3818,32,video,382,2023-03-03,5,1,2204,834,Running Shoes,Sports
3818,3819,26,BLOG,59,2024-03-09,19,17,1870,221,Surfboard,Sports
3819,3820,31,Newsletter,218,2023-03-21,2,6,4766,569,Tennis Racket,Sports
3820,3821,45,BLOG,11,2025-02-10,7,19,2603,99,Hockey Stick,Sports
3821,3822,31,BLOG,1136,2023-03-11,8,14,8249,3138,Cycling Helmet,Sports
3822,3823,10,Blog,4,2025-07-11,2,15,1152,61,Climbing Rope,Sports
3823,3824,46,Video,8,2023-05-01,20,8,99,29,Football Helmet,Sports
3824,3825,27,Blog,2,2025-05-14,11,7,1509,108,Basketball,Sports
3825,3826,7,Newsletter,16,2024-10-12,12,20,1926,116,Boxing Gloves,Sports
3826,3827,46,video,97,2023-11-10,17,20,3662,889,Boxing Gloves,Sports
3827,3828,33,VIDEO,188,2023-11-06,13,3,4766,528,Yoga Mat,Sports
3828,3829,15,Socialmedia,19,2023-10-15,5,2,1118,150,Fitness Tracker,Sports
3829,3830,42,Blog,231,2023-02-13,7,1,2489,518,Running Shoes,Sports
3830,3831,43,SOCIALMEDIA,5,2025-05-21,18,10,1618,151,Golf Clubs,Sports
3831,3832,43,Socialmedia,6,2025-03-15,16,12,1053,93,Ice Skates,Sports
3832,3833,4,socialmedia,3,2025-05-10,5,2,1300,38,Fitness Tracker,Sports
3833,3834,25,SOCIALMEDIA,11,2025-01-07,14,11,1335,123,Ski Boots,Sports
3834,3835,10,blog,0,2025-12-12,20,3,126,5,Yoga Mat,Sports
3835,3836,7,blog,1,2025-06-20,12,17,517,16,Surfboard,Sports
3836,3837,14,Newsletter,75,2023-12-14,19,18,5607,388,Volleyball,Sports
3837,3838,20,Socialmedia,9,2023-10-12,12,9,567,50,Baseball Glove,Sports
3838,3839,48,Blog,454,2023-07-11,20,8,7522,3061,Football Helmet,Sports
3839,3840,48,Newsletter,1,2025-07-31,12,18,875,50,Volleyball,Sports
3840,3841,8,video,38,2024-03-13,12,4,2442,184,Dumbbells,Sports
3841,3842,4,SOCIALMEDIA,0,2025-09-18,11,4,120,1,Dumbbells,Sports
3842,3843,27,Blog,61,2024-04-26,11,3,5442,418,Yoga Mat,Sports
3843,3844,1,Newsletter,125,2024-08-09,7,15,3807,731,Climbing Rope,Sports
3844,3845,4,blog,2,2025-05-19,4,9,395,38,Baseball Glove,Sports
3845,3846,5,blog,17,2024-12-20,6,4,1728,246,Dumbbells,Sports
3846,3847,17,Newsletter,0,2025-04-15,12,7,296,10,Basketball,Sports
3847,3848,16,BLOG,4,2025-05-01,5,19,1781,51,Hockey Stick,Sports
3848,3849,11,Blog,165,2023-11-16,17,11,3402,910,Ski Boots,Sports
3849,3850,7,socialmedia,5,2025-06-05,20,15,1577,66,Climbing Rope,Sports
3850,3851,21,VIDEO,69,2023-07-23,14,6,2908,393,Tennis Racket,Sports
3851,3852,31,Blog,21,2024-11-17,16,16,3435,353,Kayak,Sports
3852,3853,37,Video,388,2024-01-28,16,19,5909,1572,Hockey Stick,Sports
3853,3854,1,Blog,62,2024-03-30,11,10,4228,267,Golf Clubs,Sports
3854,3855,10,Blog,169,2023-05-24,17,9,1523,403,Baseball Glove,Sports
3855,3856,15,Blog,252,2023-01-22,19,12,9550,1176,Ice Skates,Sports
3856,3857,15,Socialmedia,36,2024-02-01,8,16,2314,433,Kayak,Sports
3857,3858,39,video,8,2025-02-21,13,10,1679,162,Golf Clubs,Sports
3858,3859,50,VIDEO,28,2024-05-09,10,20,1230,295,Boxing Gloves,Sports
3859,3860,37,blog,17,2024-04-02,10,4,539,68,Dumbbells,Sports
3860,3861,16,VIDEO,180,2023-07-30,8,8,2063,542,Football Helmet,Sports
3861,3862,47,Video,2,2025-04-20,7,7,1266,32,Basketball,Sports
3862,3863,8,Newsletter,0,2025-12-12,12,11,296,4,Ski Boots,Sports
3863,3864,42,Video,17,2023-12-30,17,19,1933,185,Hockey Stick,Sports
3864,3865,18,VIDEO,16,2025-02-01,10,6,2349,345,Tennis Racket,Sports
3865,3866,31,video,8,2024-06-15,7,14,1891,107,Cycling Helmet,Sports
3866,3867,38,Newsletter,194,2024-01-02,14,12,4860,1560,Ice Skates,Sports
3867,3868,30,BLOG,7,2023-03-29,15,8,154,59,Football Helmet,Sports
3868,3869,10,socialmedia,110,2023-12-01,1,10,4724,578,Golf Clubs,Sports
3869,3870,4,Blog,132,2024-02-21,1,20,4000,1127,Boxing Gloves,Sports
3870,3871,11,Video,3,2025-05-10,15,15,1446,50,Climbing Rope,Sports
3871,3872,3,video,1,2025-10-22,3,19,580,22,Hockey Stick,Sports
3872,3873,3,newsletter,75,2024-06-02,10,19,3542,565,Hockey Stick,Sports
3873,3874,43,Video,4,2025-05-06,10,5,776,42,Soccer Ball,Sports
3874,3875,7,BLOG,0,2025-09-12,18,8,54,2,Football Helmet,Sports
3875,3876,36,video,501,2023-09-22,19,9,5008,1822,Baseball Glove,Sports
3876,3877,13,Newsletter,8,2024-11-11,2,19,2813,167,Hockey Stick,Sports
3877,3878,40,Video,93,2024-09-22,1,15,3520,742,Climbing Rope,Sports
3878,3879,14,VIDEO,0,2025-10-23,14,7,19,0,Basketball,Sports
3879,3880,36,blog,4,2024-11-24,7,8,382,47,Football Helmet,Sports
3880,3881,4,Socialmedia,27,2023-06-25,11,13,636,239,Swim Goggles,Sports
3881,3882,14,newsletter,73,2024-04-02,2,19,3343,620,Hockey Stick,Sports
3882,3883,38,Socialmedia,0,2025-03-20,1,18,156,7,Volleyball,Sports
3883,3884,11,Blog,133,2024-05-01,7,17,3790,535,Surfboard,Sports
3884,3885,9,Video,18,2024-12-13,14,17,1289,154,Surfboard,Sports
3885,3886,46,video,34,2023-02-02,17,13,187,79,Swim Goggles,Sports
3886,3887,33,Newsletter,203,2024-02-16,3,6,4461,823,Tennis Racket,Sports
3887,3888,47,Video,171,2023-07-07,18,4,7819,857,Dumbbells,Sports
3888,3889,29,SOCIALMEDIA,11,2025-03-15,15,11,1760,87,Ski Boots,Sports
3889,3890,4,Newsletter,11,2025-02-22,12,8,1971,88,Football Helmet,Sports
3890,3891,9,newsletter,6,2024-12-12,6,4,955,69,Dumbbells,Sports
3891,3892,36,Newsletter,4,2025-05-21,15,1,1415,48,Running Shoes,Sports
3892,3893,32,VIDEO,1,2025-10-07,10,1,655,31,Running Shoes,Sports
3893,3894,19,BLOG,40,2023-08-13,11,15,753,197,Climbing Rope,Sports
3894,3895,32,NEWSLETTER,0,2025-12-23,17,7,639,7,Basketball,Sports
3895,3896,7,blog,0,2025-12-08,2,20,932,23,Boxing Gloves,Sports
3896,3897,41,blog,103,2024-01-07,1,14,5531,377,Cycling Helmet,Sports
3897,3898,46,socialmedia,62,2024-03-18,15,19,5101,1019,Hockey Stick,Sports
3898,3899,13,BLOG,9,2024-07-11,16,1,432,57,Running Shoes,Sports
3899,3900,44,Socialmedia,55,2024-07-13,14,15,1892,247,Climbing Rope,Sports
3900,3901,26,Blog,2,2025-07-24,14,4,666,42,Dumbbells,Sports
3901,3902,3,Newsletter,1,2025-12-05,11,9,717,31,Baseball Glove,Sports
3902,3903,43,Newsletter,261,2023-12-26,10,3,4350,983,Yoga Mat,Sports
3903,3904,17,Video,74,2024-01-18,10,5,4571,943,Soccer Ball,Sports
3904,3905,38,NEWSLETTER,36,2024-09-22,9,6,2805,179,Tennis Racket,Sports
3905,3906,26,SOCIALMEDIA,20,2024-11-07,17,14,2059,135,Cycling Helmet,Sports
3906,3907,32,VIDEO,25,2024-11-26,10,14,934,153,Cycling Helmet,Sports
3907,3908,11,NEWSLETTER,117,2023-09-12,15,10,5012,478,Golf Clubs,Sports
3908,3909,39,SOCIALMEDIA,49,2024-07-09,19,9,2066,263,Baseball Glove,Sports
3909,3910,36,Blog,33,2024-08-23,18,1,2975,514,Running Shoes,Sports
3910,3911,26,VIDEO,907,2023-03-27,8,5,8912,2066,Soccer Ball,Sports
3911,3912,25,Blog,106,2023-11-27,13,15,2917,519,Climbing Rope,Sports
3912,3913,1,Blog,79,2024-09-05,15,1,3432,365,Running Shoes,Sports
3913,3914,5,socialmedia,798,2023-06-28,6,7,7091,2316,Basketball,Sports
3914,3915,13,BLOG,406,2023-10-09,20,9,4840,1434,Baseball Glove,Sports
3915,3916,29,SOCIALMEDIA,21,2024-07-27,4,5,3906,252,Soccer Ball,Sports
3916,3917,15,video,60,2024-11-06,14,9,3672,621,Baseball Glove,Sports
3917,3918,49,Blog,60,2024-05-05,12,7,2894,775,Basketball,Sports
3918,3919,36,socialmedia,8,2024-12-14,13,16,926,51,Kayak,Sports
3919,3920,20,blog,8,2025-02-14,12,18,2227,128,Volleyball,Sports
3920,3921,35,Video,334,2023-04-15,5,2,6573,1873,Fitness Tracker,Sports
3921,3922,10,BLOG,0,2025-03-12,12,13,32,2,Swim Goggles,Sports
3922,3923,2,socialmedia,864,2023-05-25,8,5,7771,3289,Soccer Ball,Sports
3923,3924,23,socialmedia,729,2023-02-27,5,1,6712,1584,Running Shoes,Sports
3924,3925,15,Newsletter,376,2023-06-18,5,10,5064,1825,Golf Clubs,Sports
3925,3926,48,Blog,57,2024-08-23,13,14,2119,298,Cycling Helmet,Sports
3926,3927,48,SOCIALMEDIA,0,2025-06-13,7,5,341,9,Soccer Ball,Sports
3927,3928,25,newsletter,0,2025-09-10,17,20,158,6,Boxing Gloves,Sports
3928,3929,24,BLOG,44,2023-11-21,18,7,1544,175,Basketball,Sports
3929,3930,12,SOCIALMEDIA,286,2023-11-28,19,13,5835,1447,Swim Goggles,Sports
3930,3931,4,socialmedia,79,2023-11-25,1,9,5927,1117,Baseball Glove,Sports
3931,3932,3,socialmedia,39,2024-09-02,4,4,1362,247,Dumbbells,Sports
3932,3933,24,BLOG,22,2024-05-31,4,18,3594,265,Volleyball,Sports
3933,3934,13,socialmedia,0,2025-12-13,19,1,112,1,Running Shoes,Sports
3934,3935,4,Socialmedia,4,2025-02-03,18,12,1346,97,Ice Skates,Sports
3935,3936,40,Video,72,2024-01-14,20,1,1445,452,Running Shoes,Sports
3936,3937,42,Blog,734,2023-04-11,10,15,8347,2336,Climbing Rope,Sports
3937,3938,38,Socialmedia,69,2024-03-20,13,3,1510,320,Yoga Mat,Sports
3938,3939,2,blog,428,2023-04-20,8,9,5730,1800,Baseball Glove,Sports
3939,3940,37,Newsletter,96,2023-09-19,12,1,1082,323,Running Shoes,Sports
3940,3941,22,Socialmedia,152,2023-07-11,3,2,2375,690,Fitness Tracker,Sports
3941,3942,2,newsletter,127,2023-06-23,12,3,1043,332,Yoga Mat,Sports
3942,3943,31,socialmedia,24,2024-12-23,3,7,2622,185,Basketball,Sports
3943,3944,40,Newsletter,496,2023-01-12,2,13,3487,1251,Swim Goggles,Sports
3944,3945,38,blog,1,2025-09-03,16,13,664,25,Swim Goggles,Sports
3945,3946,23,newsletter,0,2025-11-01,5,15,462,22,Climbing Rope,Sports
3946,3947,37,Blog,8,2025-03-17,20,15,1259,161,Climbing Rope,Sports
3947,3948,5,Socialmedia,0,2025-07-29,13,7,158,3,Basketball,Sports
3948,3949,28,newsletter,1055,2023-03-22,16,20,6960,2355,Boxing Gloves,Sports
3949,3950,37,Socialmedia,2,2025-07-30,8,16,1205,54,Kayak,Sports
3950,3951,35,Blog,287,2023-04-25,13,13,3395,1021,Swim Goggles,Sports
3951,3952,19,VIDEO,217,2023-07-13,13,10,6956,588,Golf Clubs,Sports
3952,3953,48,BLOG,18,2025-04-07,6,17,2384,236,Surfboard,Sports
3953,3954,37,Socialmedia,0,2025-07-31,4,10,809,49,Golf Clubs,Sports
3954,3955,41,NEWSLETTER,165,2023-01-09,14,13,7822,947,Swim Goggles,Sports
3955,3956,28,Newsletter,115,2023-04-13,10,2,2183,437,Fitness Tracker,Sports
3956,3957,48,Socialmedia,27,2025-01-03,2,2,2555,261,Fitness Tracker,Sports
3957,3958,3,socialmedia,23,2024-03-25,18,19,1477,110,Hockey Stick,Sports
3958,3959,1,Socialmedia,19,2024-10-02,19,19,2465,311,Hockey Stick,Sports
3959,3960,20,Blog,83,2023-12-25,20,3,2719,416,Yoga Mat,Sports
3960,3961,19,blog,3,2025-05-30,15,20,1665,57,Boxing Gloves,Sports
3961,3962,37,Blog,370,2023-11-02,6,7,6234,1049,Basketball,Sports
3962,3963,45,Newsletter,0,2025-06-17,2,3,317,7,Yoga Mat,Sports
3963,3964,38,BLOG,0,2025-09-30,8,20,960,39,Boxing Gloves,Sports
3964,3965,26,Newsletter,200,2023-01-16,7,11,2114,953,Ski Boots,Sports
3965,3966,20,newsletter,251,2023-08-28,18,4,1923,751,Dumbbells,Sports
3966,3967,2,socialmedia,23,2024-08-24,17,15,3242,442,Climbing Rope,Sports
3967,3968,7,Video,27,2024-04-29,16,11,5010,481,Ski Boots,Sports
3968,3969,28,SOCIALMEDIA,0,2025-07-30,2,2,263,10,Fitness Tracker,Sports
3969,3970,35,Video,10,2025-03-11,20,20,2537,242,Boxing Gloves,Sports
3970,3971,36,NEWSLETTER,221,2024-07-21,20,5,4603,925,Soccer Ball,Sports
3971,3972,1,Video,128,2024-03-25,15,4,5674,1262,Dumbbells,Sports
3972,3973,9,newsletter,278,2023-09-18,7,1,4734,1221,Running Shoes,Sports
3973,3974,16,SOCIALMEDIA,681,2023-04-17,9,14,8001,1521,Cycling Helmet,Sports
3974,3975,8,SOCIALMEDIA,318,2023-01-22,9,14,7982,1869,Cycling Helmet,Sports
3975,3976,6,newsletter,29,2024-03-07,13,11,2079,211,Ski Boots,Sports
3976,3977,50,socialmedia,159,2023-01-01,8,2,1039,351,Fitness Tracker,Sports
3977,3978,49,Blog,0,2025-08-10,13,20,369,16,Boxing Gloves,Sports
3978,3979,7,Newsletter,0,2025-10-24,9,7,928,38,Basketball,Sports
3979,3980,46,NEWSLETTER,153,2024-07-07,4,18,4720,929,Volleyball,Sports
3980,3981,40,BLOG,61,2024-05-13,20,10,4193,252,Golf Clubs,Sports
3981,3982,14,socialmedia,2,2024-11-27,11,19,712,50,Hockey Stick,Sports
3982,3983,21,socialmedia,0,2025-11-13,19,7,559,11,Basketball,Sports
3983,3984,32,Newsletter,30,2024-09-30,10,15,3489,150,Climbing Rope,Sports
3984,3985,31,SOCIALMEDIA,22,2023-12-08,3,6,545,117,Tennis Racket,Sports
3985,3986,23,NEWSLETTER,195,2023-09-18,17,3,5097,848,Yoga Mat,Sports
3986,3987,5,Video,72,2024-03-08,5,1,2654,632,Running Shoes,Sports
3987,3988,15,BLOG,4,2024-12-24,8,6,556,44,Tennis Racket,Sports
3988,3989,43,Video,167,2024-06-25,2,20,4209,871,Boxing Gloves,Sports
3989,3990,4,Video,140,2023-08-27,16,15,6333,689,Climbing Rope,Sports
3990,3991,28,Socialmedia,2,2024-03-28,4,10,270,25,Golf Clubs,Sports
3991,3992,3,Video,14,2024-12-10,6,12,2089,273,Ice Skates,Sports
3992,3993,1,video,402,2023-04-22,13,20,5726,1389,Boxing Gloves,Sports
3993,3994,40,VIDEO,38,2024-07-09,8,6,3204,286,Tennis Racket,Sports
3994,3995,4,Newsletter,1,2025-03-27,14,4,278,25,Dumbbells,Sports
3995,3996,5,blog,45,2024-12-02,4,11,2440,259,Ski Boots,Sports
3996,3997,33,socialmedia,21,2024-04-02,17,3,711,120,Yoga Mat,Sports
3997,3998,8,Blog,215,2023-03-18,4,20,6956,2262,Boxing Gloves,Sports
3998,3999,31,Socialmedia,3,2025-01-16,9,7,1807,66,Basketball,Sports
3999,4000,24,Video,271,2023-10-24,19,4,5455,794,Dumbbells,Sports
4000,4001,33,blog,84,2023-11-24,4,10,2726,269,Golf Clubs,Sports
4001,4002,18,video,46,2024-09-05,12,6,3557,689,Tennis Racket,Sports
4002,4003,24,Socialmedia,4,2023-08-19,13,18,196,58,Volleyball,Sports
4003,4004,4,Blog,412,2023-07-12,9,2,7793,1064,Fitness Tracker,Sports
4004,4005,36,VIDEO,2,2025-07-07,8,16,1561,37,Kayak,Sports
4005,4006,9,Video,231,2023-09-01,9,6,4247,995,Tennis Racket,Sports
4006,4007,43,Blog,32,2024-08-12,5,7,3565,301,Basketball,Sports
4007,4008,36,Video,833,2023-03-15,18,3,5393,2008,Yoga Mat,Sports
4008,4009,7,NEWSLETTER,103,2023-10-13,20,10,3898,857,Golf Clubs,Sports
4009,4010,7,BLOG,652,2023-04-19,15,10,7491,1554,Golf Clubs,Sports
4010,4011,50,socialmedia,3,2024-12-31,18,5,838,54,Soccer Ball,Sports
4011,4012,46,Video,23,2024-05-18,13,7,1422,169,Basketball,Sports
4012,4013,19,BLOG,80,2023-09-09,19,5,7496,649,Soccer Ball,Sports
4013,4014,44,Blog,146,2024-06-21,15,11,4918,1047,Ski Boots,Sports
4014,4015,30,Video,10,2023-12-15,18,11,1605,121,Ski Boots,Sports
4015,4016,11,socialmedia,0,2025-11-09,6,9,139,2,Baseball Glove,Sports
4016,4017,39,VIDEO,1,2024-09-04,6,15,124,8,Climbing Rope,Sports
4017,4018,9,VIDEO,273,2023-09-08,19,8,4001,1037,Football Helmet,Sports
4018,4019,31,blog,18,2024-10-14,1,6,3955,165,Tennis Racket,Sports
4019,4020,47,Blog,0,2025-03-19,11,2,71,2,Fitness Tracker,Sports
4020,4021,10,SOCIALMEDIA,1,2025-07-26,5,16,456,28,Kayak,Sports
4021,4022,37,Socialmedia,107,2023-12-07,8,5,3595,368,Soccer Ball,Sports
4022,4023,14,Newsletter,7,2024-03-26,15,12,328,27,Ice Skates,Sports
4023,4024,17,Blog,0,2025-08-30,2,16,134,1,Kayak,Sports
4024,4025,27,newsletter,0,2025-10-11,12,8,263,3,Football Helmet,Sports
4025,4026,17,Newsletter,86,2023-08-29,11,2,6666,920,Fitness Tracker,Sports
4026,4027,31,Video,146,2024-01-20,17,15,5065,728,Climbing Rope,Sports
4027,4028,48,blog,0,2025-12-23,19,2,236,6,Fitness Tracker,Sports
4028,4029,32,video,289,2023-01-21,3,2,2223,658,Fitness Tracker,Sports
4029,4030,7,Blog,47,2024-04-10,12,17,2664,413,Surfboard,Sports
4030,4031,16,socialmedia,0,2025-12-29,6,14,699,23,Cycling Helmet,Sports
4031,4032,38,socialmedia,199,2023-02-08,6,1,3907,1506,Running Shoes,Sports
4032,4033,44,NEWSLETTER,113,2024-05-03,15,2,2674,448,Fitness Tracker,Sports
4033,4034,36,Video,0,2025-11-20,16,6,172,6,Tennis Racket,Sports
4034,4035,4,socialmedia,537,2023-10-13,4,5,6054,1521,Soccer Ball,Sports
4035,4036,2,Blog,1,2025-05-05,6,16,535,45,Kayak,Sports
4036,4037,49,Socialmedia,35,2024-10-10,9,3,4031,495,Yoga Mat,Sports
4037,4038,19,Blog,10,2024-09-28,20,5,448,64,Soccer Ball,Sports
4038,4039,23,Video,0,2025-09-27,15,1,257,3,Running Shoes,Sports
4039,4040,45,Video,0,2025-09-28,11,20,171,2,Boxing Gloves,Sports
4040,4041,3,Blog,38,2025-02-12,13,2,2219,273,Fitness Tracker,Sports
4041,4042,45,socialmedia,84,2024-06-13,6,12,3202,515,Ice Skates,Sports
4042,4043,21,blog,312,2023-08-18,6,8,6186,1110,Football Helmet,Sports
4043,4044,24,socialmedia,680,2023-01-04,7,5,4354,1376,Soccer Ball,Sports
4044,4045,12,Socialmedia,320,2023-04-27,13,6,6864,1273,Tennis Racket,Sports
4045,4046,39,blog,11,2025-01-31,12,14,2232,215,Cycling Helmet,Sports
4046,4047,14,newsletter,3,2025-08-13,20,19,1205,53,Hockey Stick,Sports
4047,4048,21,newsletter,121,2024-05-23,3,14,3156,529,Cycling Helmet,Sports
4048,4049,41,newsletter,0,2025-12-22,7,4,909,22,Dumbbells,Sports
4049,4050,22,Socialmedia,1,2025-08-24,16,9,1075,59,Baseball Glove,Sports
4050,4051,3,video,38,2024-06-30,13,20,2366,453,Boxing Gloves,Sports
4051,4052,9,SOCIALMEDIA,142,2023-05-11,19,6,4559,1311,Tennis Racket,Sports
4052,4053,32,Newsletter,179,2024-01-30,2,9,5376,1370,Baseball Glove,Sports
4053,4054,10,Socialmedia,0,2025-09-08,6,17,148,4,Surfboard,Sports
4054,4055,42,Video,0,2025-05-18,11,19,48,1,Hockey Stick,Sports
4055,4056,25,SOCIALMEDIA,6,2023-10-13,7,13,739,69,Swim Goggles,Sports
4056,4057,36,Newsletter,0,2025-05-21,9,16,171,7,Kayak,Sports
4057,4058,40,blog,1212,2023-01-01,15,10,9429,3475,Golf Clubs,Sports
4058,4059,41,Newsletter,11,2023-11-15,1,20,620,56,Boxing Gloves,Sports
4059,4060,36,blog,395,2023-04-06,20,12,5788,1008,Ice Skates,Sports
4060,4061,4,Socialmedia,4,2025-04-30,8,9,1729,64,Baseball Glove,Sports
4061,4062,22,SOCIALMEDIA,43,2024-11-05,10,2,3666,546,Fitness Tracker,Sports
4062,4063,45,Video,25,2023-11-16,12,6,1239,104,Tennis Racket,Sports
4063,4064,36,Blog,2,2025-08-08,5,7,1150,66,Basketball,Sports
4064,4065,6,Socialmedia,0,2025-12-08,6,16,506,9,Kayak,Sports
4065,4066,47,Socialmedia,0,2025-09-28,7,11,328,3,Ski Boots,Sports
4066,4067,23,SOCIALMEDIA,0,2025-11-09,6,15,89,2,Climbing Rope,Sports
4067,4068,30,Video,32,2024-02-27,13,7,824,177,Basketball,Sports
4068,4069,44,video,111,2023-01-19,17,14,2646,269,Cycling Helmet,Sports
4069,4070,15,Socialmedia,49,2025-01-11,11,10,2876,344,Golf Clubs,Sports
4070,4071,20,Newsletter,487,2023-02-07,4,10,8122,3692,Golf Clubs,Sports
4071,4072,39,Socialmedia,112,2023-04-25,12,5,5266,716,Soccer Ball,Sports
4072,4073,18,Socialmedia,23,2023-12-21,14,6,2467,236,Tennis Racket,Sports
4073,4074,23,Newsletter,262,2023-02-28,4,6,3403,1445,Tennis Racket,Sports
4074,4075,48,Socialmedia,39,2024-08-06,6,6,3277,357,Tennis Racket,Sports
4075,4076,20,Blog,0,2025-12-29,4,13,19,0,Swim Goggles,Sports
4076,4077,13,socialmedia,227,2023-08-02,10,15,3397,897,Climbing Rope,Sports
4077,4078,8,BLOG,39,2024-09-03,1,7,3977,686,Basketball,Sports
4078,4079,49,BLOG,236,2023-03-18,16,12,2346,667,Ice Skates,Sports
4079,4080,10,NEWSLETTER,630,2023-05-26,2,13,6777,2327,Swim Goggles,Sports
4080,4081,44,Socialmedia,4,2025-05-21,10,5,1331,52,Soccer Ball,Sports
4081,4082,28,Blog,0,2025-09-14,2,18,488,18,Volleyball,Sports
4082,4083,31,Newsletter,14,2024-10-19,15,4,1919,248,Dumbbells,Sports
4083,4084,35,BLOG,144,2023-06-19,4,5,5185,727,Soccer Ball,Sports
4084,4085,47,Socialmedia,3,2024-11-28,19,18,548,28,Volleyball,Sports
4085,4086,49,blog,0,2025-09-21,11,16,639,8,Kayak,Sports
4086,4087,34,blog,587,2023-04-14,20,20,5597,2326,Boxing Gloves,Sports
4087,4088,19,Newsletter,0,2025-12-22,4,2,411,14,Fitness Tracker,Sports
4088,4089,28,socialmedia,36,2024-03-21,13,12,5078,372,Ice Skates,Sports
4089,4090,35,blog,205,2023-12-17,14,16,6029,1631,Kayak,Sports
4090,4091,29,SOCIALMEDIA,29,2024-02-13,20,8,1681,144,Football Helmet,Sports
4091,4092,49,Socialmedia,0,2025-12-06,2,12,288,10,Ice Skates,Sports
4092,4093,21,blog,115,2023-06-27,19,14,7191,1071,Cycling Helmet,Sports
4093,4094,29,newsletter,0,2025-08-31,10,15,462,14,Climbing Rope,Sports
4094,4095,46,NEWSLETTER,23,2024-06-23,2,2,1404,347,Fitness Tracker,Sports
4095,4096,3,socialmedia,4,2024-11-29,13,11,714,52,Ski Boots,Sports
4096,4097,40,VIDEO,0,2025-12-14,6,15,222,5,Climbing Rope,Sports
4097,4098,20,video,1,2025-04-06,9,13,334,32,Swim Goggles,Sports
4098,4099,13,newsletter,74,2023-11-19,17,5,2352,313,Soccer Ball,Sports
4099,4100,44,VIDEO,2,2025-02-12,13,13,495,39,Swim Goggles,Sports
4100,4101,44,blog,47,2024-08-09,8,8,1047,228,Football Helmet,Sports
4101,4102,34,Blog,0,2025-10-06,4,17,602,11,Surfboard,Sports
4102,4103,37,VIDEO,331,2023-02-28,19,12,7160,1264,Ice Skates,Sports
4103,4104,3,blog,64,2024-08-10,8,9,4035,659,Baseball Glove,Sports
4104,4105,20,Newsletter,336,2023-09-26,1,12,4597,913,Ice Skates,Sports
4105,4106,29,Blog,48,2024-06-03,3,17,1076,194,Surfboard,Sports
4106,4107,30,blog,140,2024-05-04,13,12,3367,651,Ice Skates,Sports
4107,4108,15,NEWSLETTER,63,2024-09-11,11,17,2041,356,Surfboard,Sports
4108,4109,32,socialmedia,66,2024-10-06,10,14,3823,374,Cycling Helmet,Sports
4109,4110,22,newsletter,23,2023-07-28,10,17,679,121,Surfboard,Sports
4110,4111,48,Newsletter,0,2025-12-17,9,20,757,18,Boxing Gloves,Sports
4111,4112,37,socialmedia,38,2024-06-21,12,20,1942,449,Boxing Gloves,Sports
4112,4113,20,Blog,16,2025-01-01,20,15,2243,105,Climbing Rope,Sports
4113,4114,11,newsletter,0,2025-10-21,20,13,194,2,Swim Goggles,Sports
4114,4115,46,Socialmedia,27,2024-11-08,10,8,1336,246,Football Helmet,Sports
4115,4116,31,socialmedia,2,2025-02-27,8,18,2303,68,Volleyball,Sports
4116,4117,6,Newsletter,151,2023-10-26,17,14,2372,442,Cycling Helmet,Sports
4117,4118,26,Newsletter,0,2025-09-18,18,3,377,9,Yoga Mat,Sports
4118,4119,30,SOCIALMEDIA,316,2023-01-23,18,6,3530,738,Tennis Racket,Sports
4119,4120,22,Blog,12,2024-08-10,12,12,2041,198,Ice Skates,Sports
4120,4121,7,Newsletter,0,2025-12-19,13,11,124,2,Ski Boots,Sports
4121,4122,32,video,14,2024-04-04,10,19,2085,219,Hockey Stick,Sports
4122,4123,28,Socialmedia,0,2025-09-03,10,7,940,31,Basketball,Sports
4123,4124,18,blog,44,2024-12-22,20,2,2497,266,Fitness Tracker,Sports
4124,4125,2,NEWSLETTER,117,2023-06-29,12,2,6842,1012,Fitness Tracker,Sports
4125,4126,39,newsletter,63,2024-04-03,20,20,1847,294,Boxing Gloves,Sports
4126,4127,12,SOCIALMEDIA,25,2024-03-03,10,18,1065,125,Volleyball,Sports
4127,4128,31,SOCIALMEDIA,0,2025-10-28,1,3,386,6,Yoga Mat,Sports
4128,4129,22,SOCIALMEDIA,160,2023-10-09,9,3,4208,732,Yoga Mat,Sports
4129,4130,24,BLOG,26,2025-04-06,1,7,2349,225,Basketball,Sports
4130,4131,31,blog,63,2024-11-22,5,6,2669,459,Tennis Racket,Sports
4131,4132,31,Blog,18,2024-05-10,4,11,1153,85,Ski Boots,Sports
4132,4133,1,Socialmedia,5,2025-06-03,19,3,900,77,Yoga Mat,Sports
4133,4134,3,Blog,99,2024-09-21,15,18,2639,483,Volleyball,Sports
4134,4135,3,newsletter,36,2024-09-15,9,3,1892,313,Yoga Mat,Sports
4135,4136,28,video,1,2025-08-15,12,17,560,31,Surfboard,Sports
4136,4137,32,Newsletter,238,2023-05-08,11,4,4579,1985,Dumbbells,Sports
4137,4138,5,blog,0,2025-07-08,19,14,653,16,Cycling Helmet,Sports
4138,4139,24,BLOG,29,2025-01-28,8,11,2010,207,Ski Boots,Sports
4139,4140,12,video,13,2024-07-28,7,11,925,108,Ski Boots,Sports
4140,4141,39,Blog,9,2025-03-31,7,1,2192,182,Running Shoes,Sports
4141,4142,1,Newsletter,1,2025-06-24,20,9,308,19,Baseball Glove,Sports
4142,4143,48,blog,430,2023-02-02,8,1,3208,1097,Running Shoes,Sports
4143,4144,37,Blog,8,2025-05-14,20,10,2056,128,Golf Clubs,Sports
4144,4145,38,Socialmedia,193,2023-09-08,2,2,3599,861,Fitness Tracker,Sports
4145,4146,19,NEWSLETTER,30,2023-12-02,15,4,1397,200,Dumbbells,Sports
4146,4147,38,socialmedia,0,2025-12-05,14,10,408,19,Golf Clubs,Sports
4147,4148,12,newsletter,266,2024-05-10,19,14,4528,1112,Cycling Helmet,Sports
4148,4149,10,Video,514,2023-04-14,6,11,7910,1144,Ski Boots,Sports
4149,4150,23,Newsletter,6,2025-04-26,17,20,1316,91,Boxing Gloves,Sports
4150,4151,28,blog,1,2025-07-31,17,6,789,31,Tennis Racket,Sports
4151,4152,41,Socialmedia,1,2025-11-03,17,16,839,29,Kayak,Sports
4152,4153,13,Newsletter,115,2024-04-07,15,3,5311,636,Yoga Mat,Sports
4153,4154,5,Newsletter,21,2024-08-28,20,15,1116,166,Climbing Rope,Sports
4154,4155,39,Video,3,2025-05-30,19,1,1217,49,Running Shoes,Sports
4155,4156,23,NEWSLETTER,68,2024-10-03,5,12,4114,482,Ice Skates,Sports
4156,4157,4,Socialmedia,3,2025-04-09,19,2,2097,112,Fitness Tracker,Sports
4157,4158,2,VIDEO,103,2023-09-24,9,7,2227,780,Basketball,Sports
4158,4159,12,Video,194,2023-12-13,16,7,4658,938,Basketball,Sports
4159,4160,46,video,0,2025-11-03,11,3,336,7,Yoga Mat,Sports
4160,4161,32,SOCIALMEDIA,148,2024-01-24,14,6,2354,754,Tennis Racket,Sports
4161,4162,3,Video,9,2024-10-08,18,5,623,123,Soccer Ball,Sports
4162,4163,31,video,2,2025-03-13,1,13,846,37,Swim Goggles,Sports
4163,4164,47,Newsletter,4,2024-03-14,17,16,337,42,Kayak,Sports
4164,4165,43,Blog,13,2024-08-05,20,7,2622,270,Basketball,Sports
4165,4166,19,SOCIALMEDIA,0,2025-08-08,7,11,449,10,Ski Boots,Sports
4166,4167,31,Blog,0,2025-08-30,12,14,1075,32,Cycling Helmet,Sports
4167,4168,46,Video,205,2023-02-04,8,17,7891,791,Surfboard,Sports
4168,4169,4,blog,0,2025-10-20,17,7,257,11,Basketball,Sports
4169,4170,11,Newsletter,338,2023-03-13,12,8,3432,1092,Football Helmet,Sports
4170,4171,36,video,367,2023-01-04,18,13,6636,3146,Swim Goggles,Sports
4171,4172,40,newsletter,9,2024-12-18,16,20,612,74,Boxing Gloves,Sports
4172,4173,36,socialmedia,744,2023-09-29,17,11,6191,2315,Ski Boots,Sports
4173,4174,8,Video,1,2025-10-23,2,6,674,28,Tennis Racket,Sports
4174,4175,30,Socialmedia,105,2024-04-25,10,19,3946,648,Hockey Stick,Sports
4175,4176,5,Video,99,2023-08-06,20,2,3800,567,Fitness Tracker,Sports
4176,4177,22,Newsletter,0,2025-07-12,5,2,306,13,Fitness Tracker,Sports
4177,4178,2,Blog,0,2025-09-14,17,14,411,16,Cycling Helmet,Sports
4178,4179,23,newsletter,4,2025-03-22,17,12,507,36,Ice Skates,Sports
4179,4180,45,newsletter,179,2023-12-30,19,4,5887,918,Dumbbells,Sports
4180,4181,38,NEWSLETTER,262,2023-11-07,3,18,3519,1237,Volleyball,Sports
4181,4182,35,VIDEO,0,2025-09-12,20,8,486,20,Football Helmet,Sports
4182,4183,48,Blog,73,2024-07-21,19,2,4144,670,Fitness Tracker,Sports
4183,4184,34,Blog,948,2023-02-09,13,16,8159,2326,Kayak,Sports
4184,4185,33,SOCIALMEDIA,0,2025-12-08,19,11,399,9,Ski Boots,Sports
4185,4186,24,BLOG,0,2025-03-14,20,5,88,6,Soccer Ball,Sports
4186,4187,42,video,422,2023-09-21,8,9,5543,1386,Baseball Glove,Sports
4187,4188,48,video,0,2025-10-07,3,1,944,36,Running Shoes,Sports
4188,4189,34,BLOG,32,2024-03-24,5,11,1534,238,Ski Boots,Sports
4189,4190,13,socialmedia,0,2025-06-05,11,19,127,4,Hockey Stick,Sports
4190,4191,20,BLOG,25,2024-06-13,6,6,742,165,Tennis Racket,Sports
4191,4192,48,video,3,2024-12-10,20,5,493,50,Soccer Ball,Sports
4192,4193,10,Socialmedia,70,2024-11-07,13,10,3576,417,Golf Clubs,Sports
4193,4194,41,Video,1,2024-12-11,11,17,94,12,Surfboard,Sports
4194,4195,23,SOCIALMEDIA,0,2025-12-17,19,8,748,22,Football Helmet,Sports
4195,4196,44,Socialmedia,138,2023-09-14,6,1,2446,390,Running Shoes,Sports
4196,4197,42,Newsletter,306,2023-01-20,19,8,2733,783,Football Helmet,Sports
4197,4198,24,video,1,2025-08-02,1,9,1232,54,Baseball Glove,Sports
4198,4199,20,BLOG,61,2023-12-18,15,11,2011,255,Ski Boots,Sports
4199,4200,50,socialmedia,97,2023-03-03,5,9,1298,238,Baseball Glove,Sports
4200,4201,7,Blog,83,2024-02-12,4,19,4307,520,Hockey Stick,Sports
4201,4202,8,VIDEO,15,2024-06-12,19,13,3951,250,Swim Goggles,Sports
4202,4203,44,SOCIALMEDIA,85,2024-01-15,16,6,3574,530,Tennis Racket,Sports
4203,4204,46,Newsletter,7,2023-09-13,12,6,391,59,Tennis Racket,Sports
4204,4205,25,BLOG,273,2023-07-08,14,17,6018,913,Surfboard,Sports
4205,4206,12,Video,65,2024-07-22,2,11,2384,381,Ski Boots,Sports
4206,4207,11,Video,4,2025-04-11,20,3,1227,55,Yoga Mat,Sports
4207,4208,4,VIDEO,21,2024-08-16,11,7,3022,201,Basketball,Sports
4208,4209,19,Video,161,2023-03-15,3,13,1188,540,Swim Goggles,Sports
4209,4210,8,Blog,52,2024-03-14,9,7,4755,312,Basketball,Sports
4210,4211,28,blog,8,2024-01-03,19,4,1056,95,Dumbbells,Sports
4211,4212,47,Blog,356,2023-12-23,6,17,6532,1120,Surfboard,Sports
4212,4213,34,Socialmedia,33,2024-12-07,9,19,3246,242,Hockey Stick,Sports
4213,4214,1,blog,3,2025-06-16,9,7,996,36,Basketball,Sports
4214,4215,22,blog,10,2025-03-03,3,9,1159,155,Baseball Glove,Sports
4215,4216,11,newsletter,19,2025-02-17,3,1,1684,203,Running Shoes,Sports
4216,4217,8,Newsletter,0,2025-07-03,9,15,838,21,Climbing Rope,Sports
4217,4218,6,Blog,63,2024-02-13,8,14,5679,676,Cycling Helmet,Sports
4218,4219,16,Video,269,2023-01-07,5,19,4347,1144,Hockey Stick,Sports
4219,4220,19,BLOG,5,2025-03-06,19,19,2037,63,Hockey Stick,Sports
4220,4221,25,Socialmedia,28,2023-01-23,10,12,294,63,Ice Skates,Sports
4221,4222,39,newsletter,153,2024-06-28,9,4,4649,836,Dumbbells,Sports
4222,4223,19,Newsletter,367,2023-09-23,19,14,4538,1163,Cycling Helmet,Sports
4223,4224,32,newsletter,144,2024-05-23,18,3,2419,548,Yoga Mat,Sports
4224,4225,45,Newsletter,1,2025-07-26,20,13,530,32,Swim Goggles,Sports
4225,4226,29,Socialmedia,1,2025-11-14,16,20,974,44,Boxing Gloves,Sports
4226,4227,9,BLOG,2,2025-06-17,20,8,709,31,Football Helmet,Sports
4227,4228,32,VIDEO,0,2025-10-18,10,7,511,16,Basketball,Sports
4228,4229,49,Video,58,2024-01-28,15,12,2080,561,Ice Skates,Sports
4229,4230,23,Blog,108,2023-08-12,16,11,2233,300,Ski Boots,Sports
4230,4231,49,socialmedia,0,2025-08-24,10,10,985,44,Golf Clubs,Sports
4231,4232,35,Blog,402,2023-02-09,18,14,3661,911,Cycling Helmet,Sports
4232,4233,36,Video,452,2023-05-24,3,12,2868,1062,Ice Skates,Sports
4233,4234,24,Socialmedia,99,2023-09-29,12,8,4763,530,Football Helmet,Sports
4234,4235,41,newsletter,55,2023-12-22,3,13,4530,410,Swim Goggles,Sports
4235,4236,4,video,325,2023-07-26,5,13,6797,1484,Swim Goggles,Sports
4236,4237,40,VIDEO,0,2025-10-07,3,16,805,18,Kayak,Sports
4237,4238,12,Newsletter,12,2024-12-17,19,9,2628,348,Baseball Glove,Sports
4238,4239,27,Newsletter,18,2025-02-27,12,16,1603,160,Kayak,Sports
4239,4240,22,Video,95,2023-10-24,10,18,4928,698,Volleyball,Sports
4240,4241,9,Newsletter,6,2023-10-24,6,13,265,37,Swim Goggles,Sports
4241,4242,29,VIDEO,84,2024-09-15,15,3,2307,447,Yoga Mat,Sports
4242,4243,9,video,97,2023-11-13,18,2,6557,1102,Fitness Tracker,Sports
4243,4244,50,Socialmedia,156,2024-03-30,9,20,5170,541,Boxing Gloves,Sports
4244,4245,15,Blog,0,2025-12-11,12,5,770,10,Soccer Ball,Sports
4245,4246,11,Blog,2,2025-09-13,17,11,988,44,Ski Boots,Sports
4246,4247,17,Blog,2,2024-04-23,7,6,118,16,Tennis Racket,Sports
4247,4248,40,Socialmedia,52,2024-07-26,13,5,3516,593,Soccer Ball,Sports
4248,4249,38,Socialmedia,50,2024-05-16,5,1,1562,344,Running Shoes,Sports
4249,4250,40,video,735,2023-01-27,3,13,5061,1573,Swim Goggles,Sports
4250,4251,18,Newsletter,15,2023-01-10,5,16,216,96,Kayak,Sports
4251,4252,32,Socialmedia,44,2024-04-28,10,4,4265,285,Dumbbells,Sports
4252,4253,37,blog,37,2024-07-11,11,18,2880,197,Volleyball,Sports
4253,4254,2,Socialmedia,196,2023-02-25,10,15,7727,784,Climbing Rope,Sports
4254,4255,45,SOCIALMEDIA,268,2023-10-05,15,4,4265,858,Dumbbells,Sports
4255,4256,46,Newsletter,21,2023-12-16,18,7,235,70,Basketball,Sports
4256,4257,24,BLOG,42,2024-07-10,3,9,2375,510,Baseball Glove,Sports
4257,4258,20,Newsletter,72,2024-05-04,14,19,2303,563,Hockey Stick,Sports
4258,4259,35,Socialmedia,5,2023-10-15,11,11,378,63,Ski Boots,Sports
4259,4260,22,Video,9,2025-01-25,10,18,871,72,Volleyball,Sports
4260,4261,47,socialmedia,1243,2023-03-16,20,3,7984,3053,Yoga Mat,Sports
4261,4262,8,socialmedia,28,2024-10-04,11,18,3265,317,Volleyball,Sports
4262,4263,15,VIDEO,27,2023-05-30,17,11,652,121,Ski Boots,Sports
4263,4264,23,Blog,7,2025-02-01,19,5,2568,96,Soccer Ball,Sports
4264,4265,6,BLOG,103,2023-10-08,17,15,4398,501,Climbing Rope,Sports
4265,4266,28,Newsletter,123,2024-03-11,9,5,2993,434,Soccer Ball,Sports
4266,4267,10,Newsletter,17,2024-10-18,4,3,3275,238,Yoga Mat,Sports
4267,4268,21,blog,16,2023-11-25,3,15,324,72,Climbing Rope,Sports
4268,4269,15,BLOG,2,2025-09-02,20,15,842,45,Climbing Rope,Sports
4269,4270,5,NEWSLETTER,4,2025-03-21,6,17,1229,103,Surfboard,Sports
4270,4271,16,Video,5,2025-03-20,5,11,1200,43,Ski Boots,Sports
4271,4272,41,blog,167,2023-02-28,4,19,4426,745,Hockey Stick,Sports
4272,4273,29,NEWSLETTER,1,2025-05-16,4,17,159,13,Surfboard,Sports
4273,4274,22,Blog,507,2023-10-03,7,13,7432,1698,Swim Goggles,Sports
4274,4275,12,socialmedia,59,2024-08-27,12,18,4374,395,Volleyball,Sports
4275,4276,17,socialmedia,89,2024-03-06,7,14,2706,307,Cycling Helmet,Sports
4276,4277,9,Blog,56,2024-04-10,10,16,3110,412,Kayak,Sports
4277,4278,37,Blog,165,2024-02-14,19,12,5199,1229,Ice Skates,Sports
4278,4279,47,VIDEO,4,2025-06-04,16,1,869,52,Running Shoes,Sports
4279,4280,23,video,0,2025-11-20,17,11,346,4,Ski Boots,Sports
4280,4281,10,video,272,2024-01-28,8,6,5388,954,Tennis Racket,Sports
4281,4282,35,Blog,998,2023-03-19,13,10,5525,2368,Golf Clubs,Sports
4282,4283,1,newsletter,27,2024-04-01,9,8,997,181,Football Helmet,Sports
4283,4284,41,SOCIALMEDIA,134,2024-01-17,12,14,5159,502,Cycling Helmet,Sports
4284,4285,13,Video,43,2024-03-19,20,11,2506,314,Ski Boots,Sports
4285,4286,41,Socialmedia,33,2024-02-25,1,5,1010,128,Soccer Ball,Sports
4286,4287,9,video,12,2024-11-13,15,8,2959,153,Football Helmet,Sports
4287,4288,49,newsletter,93,2023-08-15,11,8,2387,491,Football Helmet,Sports
4288,4289,11,Video,16,2025-04-20,19,8,1725,143,Football Helmet,Sports
4289,4290,2,blog,131,2023-10-07,7,3,2626,660,Yoga Mat,Sports
4290,4291,49,Blog,1,2025-07-20,2,10,787,56,Golf Clubs,Sports
4291,4292,27,BLOG,53,2023-02-25,12,3,588,119,Yoga Mat,Sports
4292,4293,14,Video,586,2023-03-15,19,13,3981,1527,Swim Goggles,Sports
4293,4294,8,SOCIALMEDIA,33,2024-07-14,18,12,2284,306,Ice Skates,Sports
4294,4295,14,newsletter,215,2024-05-25,9,17,4373,924,Surfboard,Sports
4295,4296,20,Socialmedia,6,2025-04-17,18,20,2073,62,Boxing Gloves,Sports
4296,4297,48,video,614,2024-02-02,13,19,6260,1944,Hockey Stick,Sports
4297,4298,34,newsletter,0,2025-09-24,20,13,435,8,Swim Goggles,Sports
4298,4299,10,Video,0,2025-10-26,20,2,286,10,Fitness Tracker,Sports
4299,4300,41,newsletter,308,2023-11-30,19,8,4680,1158,Football Helmet,Sports
4300,4301,16,socialmedia,899,2023-03-09,2,10,6922,3093,Golf Clubs,Sports
4301,4302,4,Blog,10,2025-02-17,2,6,2438,188,Tennis Racket,Sports
4302,4303,16,Video,69,2024-04-29,20,12,2246,317,Ice Skates,Sports
4303,4304,5,Socialmedia,0,2025-09-10,11,12,599,27,Ice Skates,Sports
4304,4305,28,VIDEO,55,2024-01-17,15,16,828,259,Kayak,Sports
4305,4306,13,Socialmedia,16,2025-01-12,16,11,1155,169,Ski Boots,Sports
4306,4307,15,Newsletter,203,2024-03-22,16,4,4074,945,Dumbbells,Sports
4307,4308,35,Socialmedia,19,2024-11-05,6,7,1763,195,Basketball,Sports
4308,4309,2,NEWSLETTER,0,2025-02-14,8,8,165,9,Football Helmet,Sports
4309,4310,15,video,0,2025-12-03,10,6,524,24,Tennis Racket,Sports
4310,4311,18,socialmedia,103,2024-06-04,5,15,2626,409,Climbing Rope,Sports
4311,4312,49,newsletter,181,2023-05-04,5,4,5247,1668,Dumbbells,Sports
4312,4313,7,SOCIALMEDIA,43,2023-06-19,13,11,734,139,Ski Boots,Sports
4313,4314,25,BLOG,95,2023-06-14,1,2,2546,320,Fitness Tracker,Sports
4314,4315,49,Newsletter,87,2024-04-21,8,16,3994,378,Kayak,Sports
4315,4316,26,Newsletter,0,2025-10-03,17,16,46,1,Kayak,Sports
4316,4317,31,Socialmedia,29,2024-05-29,8,17,1683,396,Surfboard,Sports
4317,4318,5,BLOG,67,2023-10-29,11,4,1006,247,Dumbbells,Sports
4318,4319,19,Socialmedia,76,2023-10-31,14,19,1910,376,Hockey Stick,Sports
4319,4320,19,blog,32,2024-03-18,7,1,1175,212,Running Shoes,Sports
4320,4321,2,Video,5,2025-03-30,5,16,1346,43,Kayak,Sports
4321,4322,21,Blog,161,2023-08-14,16,11,3104,457,Ski Boots,Sports
4322,4323,41,video,212,2023-01-21,4,1,3974,1146,Running Shoes,Sports
4323,4324,19,Blog,81,2023-09-02,10,12,4042,763,Ice Skates,Sports
4324,4325,12,socialmedia,0,2025-09-06,12,20,412,5,Boxing Gloves,Sports
4325,4326,5,Blog,35,2024-01-28,11,19,2982,513,Hockey Stick,Sports
4326,4327,11,VIDEO,0,2025-06-25,18,5,308,15,Soccer Ball,Sports
4327,4328,30,newsletter,7,2025-02-12,15,4,2474,115,Dumbbells,Sports
4328,4329,44,newsletter,0,2025-01-15,4,4,333,17,Dumbbells,Sports
4329,4330,15,Newsletter,2,2025-08-17,11,14,831,47,Cycling Helmet,Sports
4330,4331,41,Blog,4,2024-11-17,17,20,1730,85,Boxing Gloves,Sports
4331,4332,16,Video,2,2025-07-08,7,20,1011,55,Boxing Gloves,Sports
4332,4333,44,NEWSLETTER,0,2025-09-16,1,19,317,9,Hockey Stick,Sports
4333,4334,6,blog,152,2023-08-29,13,5,6683,1393,Soccer Ball,Sports
4334,4335,37,Blog,0,2025-09-03,20,18,130,5,Volleyball,Sports
4335,4336,41,newsletter,1,2025-11-15,12,7,646,27,Basketball,Sports
4336,4337,21,Blog,148,2024-04-17,8,1,3813,889,Running Shoes,Sports
4337,4338,5,video,19,2024-08-15,14,11,2816,240,Ski Boots,Sports
4338,4339,5,socialmedia,63,2024-01-11,14,20,1912,386,Boxing Gloves,Sports
4339,4340,23,Video,0,2025-09-26,13,13,740,31,Swim Goggles,Sports
4340,4341,34,video,6,2024-12-08,17,20,1229,66,Boxing Gloves,Sports
4341,4342,47,socialmedia,39,2024-08-20,5,9,3159,290,Baseball Glove,Sports
4342,4343,37,Blog,42,2023-09-12,9,3,2994,501,Yoga Mat,Sports
4343,4344,33,BLOG,1,2025-09-17,8,7,703,33,Basketball,Sports
4344,4345,49,socialmedia,1,2025-01-07,12,13,406,15,Swim Goggles,Sports
4345,4346,3,Video,10,2025-01-24,19,8,2041,66,Football Helmet,Sports
4346,4347,36,BLOG,48,2024-06-03,17,7,3687,630,Basketball,Sports
4347,4348,11,Socialmedia,0,2025-07-12,16,8,612,11,Football Helmet,Sports
4348,4349,37,socialmedia,0,2025-09-04,3,16,70,0,Kayak,Sports
4349,4350,8,socialmedia,1,2025-06-05,15,15,1111,57,Climbing Rope,Sports
4350,4351,1,Socialmedia,110,2024-01-26,10,9,3803,1081,Baseball Glove,Sports
4351,4352,35,BLOG,11,2025-02-01,5,2,2027,94,Fitness Tracker,Sports
4352,4353,16,Video,0,2025-10-11,10,19,954,25,Hockey Stick,Sports
4353,4354,5,VIDEO,7,2024-03-03,11,3,361,36,Yoga Mat,Sports
4354,4355,46,video,129,2024-05-05,2,7,4416,908,Basketball,Sports
4355,4356,12,blog,472,2023-08-08,3,7,7668,2333,Basketball,Sports
4356,4357,39,newsletter,913,2023-08-01,16,7,6043,2328,Basketball,Sports
4357,4358,13,newsletter,285,2023-04-17,12,6,8298,1006,Tennis Racket,Sports
4358,4359,33,BLOG,5,2024-07-12,1,14,461,63,Cycling Helmet,Sports
4359,4360,23,video,183,2023-02-26,15,7,6271,670,Basketball,Sports
4360,4361,19,Video,238,2023-01-28,3,4,2241,602,Dumbbells,Sports
4361,4362,33,Newsletter,0,2025-07-13,5,2,1192,25,Fitness Tracker,Sports
4362,4363,20,VIDEO,27,2024-12-16,12,11,2121,288,Ski Boots,Sports
4363,4364,37,Socialmedia,4,2024-12-19,3,19,632,36,Hockey Stick,Sports
4364,4365,42,Socialmedia,57,2024-08-16,8,12,2344,297,Ice Skates,Sports
4365,4366,35,Newsletter,36,2024-10-14,8,1,2870,263,Running Shoes,Sports
4366,4367,23,VIDEO,170,2023-10-27,10,10,3000,801,Golf Clubs,Sports
4367,4368,43,Video,5,2025-01-30,10,17,1024,97,Surfboard,Sports
4368,4369,7,Video,178,2023-08-23,7,17,7814,1646,Surfboard,Sports
4369,4370,10,newsletter,33,2024-08-05,13,10,3155,160,Golf Clubs,Sports
4370,4371,46,Socialmedia,1,2025-11-06,6,14,805,29,Cycling Helmet,Sports
4371,4372,45,newsletter,33,2023-05-03,5,11,2041,195,Ski Boots,Sports
4372,4373,25,NEWSLETTER,55,2023-03-21,4,3,429,178,Yoga Mat,Sports
4373,4374,47,BLOG,299,2023-11-21,2,15,3593,1160,Climbing Rope,Sports
4374,4375,40,socialmedia,0,2025-10-25,2,3,182,2,Yoga Mat,Sports
4375,4376,31,newsletter,38,2024-09-13,19,20,1786,307,Boxing Gloves,Sports
4376,4377,26,Newsletter,87,2024-07-24,10,4,3323,458,Dumbbells,Sports
4377,4378,44,Newsletter,302,2024-04-26,13,10,5308,1121,Golf Clubs,Sports
4378,4379,42,blog,315,2023-04-03,18,16,8844,1251,Kayak,Sports
4379,4380,9,socialmedia,32,2023-12-26,16,18,1150,135,Volleyball,Sports
4380,4381,31,video,110,2023-04-19,7,5,685,272,Soccer Ball,Sports
4381,4382,37,video,749,2023-05-07,13,19,4375,1790,Hockey Stick,Sports
4382,4383,20,video,88,2023-04-17,17,19,1437,476,Hockey Stick,Sports
4383,4384,26,socialmedia,0,2025-11-09,16,9,796,11,Baseball Glove,Sports
4384,4385,45,Blog,21,2024-05-12,8,19,611,134,Hockey Stick,Sports
4385,4386,35,NEWSLETTER,8,2025-04-02,17,13,2446,211,Swim Goggles,Sports
4386,4387,44,socialmedia,0,2025-09-27,10,5,169,6,Soccer Ball,Sports
4387,4388,35,Video,0,2025-12-16,9,1,45,0,Running Shoes,Sports
4388,4389,50,blog,0,2025-09-06,1,9,982,27,Baseball Glove,Sports
4389,4390,39,Video,599,2023-05-11,2,10,3484,1452,Golf Clubs,Sports
4390,4391,44,Socialmedia,178,2023-10-09,1,14,5270,666,Cycling Helmet,Sports
4391,4392,42,Socialmedia,44,2024-05-13,11,10,2479,432,Golf Clubs,Sports
4392,4393,42,socialmedia,1021,2023-02-08,15,7,8375,2526,Basketball,Sports
4393,4394,44,Newsletter,14,2025-04-16,15,5,1153,124,Soccer Ball,Sports
4394,4395,25,video,1,2025-05-14,15,15,226,15,Climbing Rope,Sports
4395,4396,31,Newsletter,191,2023-10-06,4,20,4669,981,Boxing Gloves,Sports
4396,4397,35,Socialmedia,51,2023-07-06,19,8,1461,312,Football Helmet,Sports
4397,4398,39,Blog,66,2024-05-24,14,19,3651,933,Hockey Stick,Sports
4398,4399,3,Socialmedia,91,2024-09-28,2,15,2756,438,Climbing Rope,Sports
4399,4400,9,video,123,2023-07-05,15,8,1230,425,Football Helmet,Sports
4400,4401,9,BLOG,290,2023-09-03,10,10,6560,1793,Golf Clubs,Sports
4401,4402,7,blog,14,2024-06-17,18,15,923,138,Climbing Rope,Sports
4402,4403,27,video,0,2025-11-07,10,18,232,7,Volleyball,Sports
4403,4404,43,BLOG,6,2025-05-10,7,3,2055,196,Yoga Mat,Sports
4404,4405,39,newsletter,29,2023-08-27,20,18,823,245,Volleyball,Sports
4405,4406,24,Socialmedia,7,2025-03-18,19,12,1702,92,Ice Skates,Sports
4406,4407,4,newsletter,5,2024-10-30,6,16,498,74,Kayak,Sports
4407,4408,13,NEWSLETTER,8,2025-04-17,9,19,1844,151,Hockey Stick,Sports
4408,4409,50,Video,37,2024-03-01,8,2,1159,155,Fitness Tracker,Sports
4409,4410,12,Socialmedia,2,2024-07-04,8,16,93,13,Kayak,Sports
4410,4411,43,newsletter,212,2023-05-28,18,19,2110,546,Hockey Stick,Sports
4411,4412,13,Newsletter,5,2025-06-14,20,10,938,66,Golf Clubs,Sports
4412,4413,30,socialmedia,16,2025-02-06,3,8,2080,223,Football Helmet,Sports
4413,4414,42,NEWSLETTER,10,2025-01-19,11,4,2830,155,Dumbbells,Sports
4414,4415,12,VIDEO,6,2024-04-30,17,20,545,63,Boxing Gloves,Sports
4415,4416,25,Newsletter,0,2025-12-19,18,20,104,4,Boxing Gloves,Sports
4416,4417,7,Socialmedia,8,2024-11-07,18,9,1077,112,Baseball Glove,Sports
4417,4418,50,blog,11,2025-05-28,15,12,1602,129,Ice Skates,Sports
4418,4419,5,Newsletter,0,2025-09-19,7,7,360,10,Basketball,Sports
4419,4420,9,Blog,586,2023-04-11,16,15,4378,1953,Climbing Rope,Sports
4420,4421,3,blog,5,2025-06-27,8,20,1257,101,Boxing Gloves,Sports
4421,4422,6,Newsletter,62,2024-02-05,5,11,1232,207,Ski Boots,Sports
4422,4423,27,video,4,2025-05-20,4,16,1949,107,Kayak,Sports
4423,4424,36,Socialmedia,20,2024-12-30,19,6,2441,152,Tennis Racket,Sports
4424,4425,23,Blog,41,2024-07-24,10,12,3745,208,Ice Skates,Sports
4425,4426,27,Video,0,2025-12-15,16,19,986,20,Hockey Stick,Sports
4426,4427,31,socialmedia,460,2023-04-06,10,20,4734,1938,Boxing Gloves,Sports
4427,4428,5,newsletter,22,2025-04-21,3,15,1952,218,Climbing Rope,Sports
4428,4429,30,Socialmedia,32,2024-12-04,20,6,1463,237,Tennis Racket,Sports
4429,4430,7,Socialmedia,1,2025-02-13,7,1,740,53,Running Shoes,Sports
4430,4431,4,VIDEO,0,2025-06-02,17,1,585,14,Running Shoes,Sports
4431,4432,15,SOCIALMEDIA,609,2023-01-20,13,12,4634,1614,Ice Skates,Sports
4432,4433,24,Blog,100,2023-11-20,19,1,989,320,Running Shoes,Sports
4433,4434,39,BLOG,0,2025-12-03,17,12,98,1,Ice Skates,Sports
4434,4435,22,blog,8,2025-02-24,12,8,1946,99,Football Helmet,Sports
4435,4436,7,NEWSLETTER,1,2025-04-18,8,13,447,33,Swim Goggles,Sports
4436,4437,46,socialmedia,410,2023-02-25,16,19,8918,3360,Hockey Stick,Sports
4437,4438,20,Blog,250,2023-09-03,20,15,3941,829,Climbing Rope,Sports
4438,4439,36,newsletter,15,2024-12-15,16,3,1810,92,Yoga Mat,Sports
4439,4440,30,blog,619,2023-06-07,10,9,7755,2346,Baseball Glove,Sports
4440,4441,35,Newsletter,46,2024-10-08,1,9,3262,400,Baseball Glove,Sports
4441,4442,6,Socialmedia,77,2023-10-18,8,20,3034,346,Boxing Gloves,Sports
4442,4443,38,NEWSLETTER,174,2024-03-07,18,11,2880,745,Ski Boots,Sports
4443,4444,27,NEWSLETTER,0,2025-10-08,15,7,481,10,Basketball,Sports
4444,4445,39,Video,12,2024-12-13,10,15,1592,127,Climbing Rope,Sports
4445,4446,26,Blog,0,2025-06-07,11,20,665,13,Boxing Gloves,Sports
4446,4447,22,NEWSLETTER,0,2025-11-20,4,4,83,1,Dumbbells,Sports
4447,4448,7,Blog,1092,2023-05-14,1,14,7739,2745,Cycling Helmet,Sports
4448,4449,41,video,275,2023-02-17,15,2,3149,848,Fitness Tracker,Sports
4449,4450,41,Newsletter,1,2025-08-03,15,17,706,25,Surfboard,Sports
4450,4451,30,NEWSLETTER,519,2023-10-23,13,9,6606,1483,Baseball Glove,Sports
4451,4452,36,blog,6,2025-07-21,5,10,1414,89,Golf Clubs,Sports
4452,4453,41,Blog,849,2023-02-19,16,17,6832,2319,Surfboard,Sports
4453,4454,11,Socialmedia,17,2023-03-16,4,9,681,87,Baseball Glove,Sports
4454,4455,24,Blog,18,2023-08-04,7,18,1062,192,Volleyball,Sports
4455,4456,38,newsletter,125,2023-09-08,20,4,4049,1439,Dumbbells,Sports
4456,4457,15,Newsletter,21,2024-04-13,12,5,1408,361,Soccer Ball,Sports
4457,4458,22,VIDEO,484,2023-01-11,10,5,7823,2052,Soccer Ball,Sports
4458,4459,24,Socialmedia,5,2024-07-03,5,1,190,29,Running Shoes,Sports
4459,4460,39,NEWSLETTER,2,2025-06-13,10,16,1255,44,Kayak,Sports
4460,4461,47,Blog,4,2025-03-22,18,19,884,87,Hockey Stick,Sports
4461,4462,22,Blog,607,2023-07-21,18,9,7005,2794,Baseball Glove,Sports
4462,4463,25,Newsletter,28,2024-08-16,9,10,4503,269,Golf Clubs,Sports
4463,4464,49,Video,448,2023-05-22,2,5,3097,1114,Soccer Ball,Sports
4464,4465,10,newsletter,80,2024-10-08,2,13,3569,411,Swim Goggles,Sports
4465,4466,35,Newsletter,14,2024-10-06,10,12,2970,332,Ice Skates,Sports
4466,4467,30,blog,63,2024-05-09,6,10,4049,966,Golf Clubs,Sports
4467,4468,29,VIDEO,0,2025-09-15,12,9,930,20,Baseball Glove,Sports
4468,4469,43,newsletter,1,2025-07-20,13,6,1034,56,Tennis Racket,Sports
4469,4470,13,Newsletter,12,2024-08-27,7,5,1229,169,Soccer Ball,Sports
4470,4471,37,Newsletter,0,2025-10-14,9,2,140,1,Fitness Tracker,Sports
4471,4472,30,NEWSLETTER,276,2024-03-26,3,20,3969,1150,Boxing Gloves,Sports
4472,4473,5,Newsletter,27,2024-02-13,16,6,604,95,Tennis Racket,Sports
4473,4474,4,newsletter,2,2025-07-18,16,5,722,39,Soccer Ball,Sports
4474,4475,39,socialmedia,70,2023-12-17,15,4,1330,447,Dumbbells,Sports
4475,4476,29,SOCIALMEDIA,86,2023-11-12,20,9,4466,654,Baseball Glove,Sports
4476,4477,29,Blog,64,2024-04-19,7,16,2814,314,Kayak,Sports
4477,4478,22,video,0,2025-07-01,2,19,326,7,Hockey Stick,Sports
4478,4479,4,SOCIALMEDIA,56,2023-12-03,19,10,4727,359,Golf Clubs,Sports
4479,4480,21,Video,10,2024-09-10,1,13,1443,221,Swim Goggles,Sports
4480,4481,21,newsletter,17,2024-02-06,14,9,898,229,Baseball Glove,Sports
4481,4482,42,Blog,13,2024-07-11,10,10,470,98,Golf Clubs,Sports
4482,4483,20,socialmedia,10,2024-08-08,9,13,892,74,Swim Goggles,Sports
4483,4484,18,blog,8,2025-01-13,4,12,2161,155,Ice Skates,Sports
4484,4485,47,NEWSLETTER,0,2025-07-13,18,11,401,17,Ski Boots,Sports
4485,4486,16,Video,89,2023-07-06,4,4,1321,447,Dumbbells,Sports
4486,4487,15,video,8,2025-01-27,2,20,1515,162,Boxing Gloves,Sports
4487,4488,40,Newsletter,0,2025-10-01,9,1,186,1,Running Shoes,Sports
4488,4489,20,video,81,2023-05-16,13,8,829,247,Football Helmet,Sports
4489,4490,1,video,111,2024-03-12,13,7,1845,451,Basketball,Sports
4490,4491,2,NEWSLETTER,128,2023-12-09,2,19,2838,391,Hockey Stick,Sports
4491,4492,32,socialmedia,129,2023-07-15,20,17,3007,396,Surfboard,Sports
4492,4493,8,Socialmedia,0,2025-11-25,11,4,443,5,Dumbbells,Sports
4493,4494,3,blog,1,2025-07-14,6,4,1134,64,Dumbbells,Sports
4494,4495,46,Video,411,2023-02-11,10,11,6480,1647,Ski Boots,Sports
4495,4496,12,socialmedia,47,2023-12-13,19,17,3228,288,Surfboard,Sports
4496,4497,20,Newsletter,20,2025-02-12,1,15,2215,149,Climbing Rope,Sports
4497,4498,32,VIDEO,245,2023-04-04,13,10,1954,755,Golf Clubs,Sports
4498,4499,46,Video,12,2024-11-02,20,19,463,63,Hockey Stick,Sports
4499,4500,39,Newsletter,8,2024-09-14,19,2,897,55,Fitness Tracker,Sports
4500,4501,22,Newsletter,22,2025-04-17,6,7,2166,241,Basketball,Sports
4501,4502,31,BLOG,33,2024-01-03,16,1,5441,417,Running Shoes,Sports
4502,4503,19,NEWSLETTER,0,2025-09-11,3,18,109,5,Volleyball,Sports
4503,4504,36,VIDEO,47,2024-07-06,8,12,1774,389,Ice Skates,Sports
4504,4505,12,Newsletter,1,2025-05-26,20,1,1139,35,Running Shoes,Sports
4505,4506,36,Video,101,2024-05-16,2,14,4088,722,Cycling Helmet,Sports
4506,4507,23,Blog,31,2024-03-22,11,14,1251,145,Cycling Helmet,Sports
4507,4508,41,BLOG,6,2023-07-29,19,15,220,53,Climbing Rope,Sports
4508,4509,31,NEWSLETTER,855,2023-02-23,6,19,7597,3614,Hockey Stick,Sports
4509,4510,30,Socialmedia,428,2023-06-10,15,16,7883,1334,Kayak,Sports
4510,4511,36,Socialmedia,0,2025-11-13,2,4,496,11,Dumbbells,Sports
4511,4512,2,newsletter,5,2023-11-16,2,3,230,68,Yoga Mat,Sports
4512,4513,25,newsletter,173,2023-09-12,9,15,5615,1361,Climbing Rope,Sports
4513,4514,44,Newsletter,3,2025-06-04,10,13,565,53,Swim Goggles,Sports
4514,4515,48,BLOG,887,2023-03-17,20,11,6200,2388,Ski Boots,Sports
4515,4516,23,Newsletter,3,2025-03-22,20,16,959,78,Kayak,Sports
4516,4517,27,Video,128,2023-10-16,20,11,6338,594,Ski Boots,Sports
4517,4518,15,newsletter,61,2024-04-17,20,6,2795,458,Tennis Racket,Sports
4518,4519,25,Video,38,2024-12-12,7,1,3486,387,Running Shoes,Sports
4519,4520,44,newsletter,300,2023-05-07,15,8,7101,906,Football Helmet,Sports
4520,4521,33,SOCIALMEDIA,36,2023-09-11,13,7,2655,326,Basketball,Sports
4521,4522,13,newsletter,1,2025-08-24,11,8,724,25,Football Helmet,Sports
4522,4523,21,video,55,2024-05-04,16,17,3720,753,Surfboard,Sports
4523,4524,35,Video,935,2023-04-22,11,8,8951,3176,Football Helmet,Sports
4524,4525,9,blog,5,2025-01-04,5,17,397,64,Surfboard,Sports
4525,4526,41,Video,29,2024-03-21,20,18,819,139,Volleyball,Sports
4526,4527,35,Socialmedia,1,2025-05-11,19,3,1193,49,Yoga Mat,Sports
4527,4528,20,video,0,2025-10-20,5,11,115,1,Ski Boots,Sports
4528,4529,15,Video,235,2023-12-02,5,20,5878,863,Boxing Gloves,Sports
4529,4530,41,socialmedia,285,2023-01-19,14,2,5571,777,Fitness Tracker,Sports
4530,4531,10,blog,316,2023-06-23,15,16,4851,1250,Kayak,Sports
4531,4532,19,socialmedia,33,2024-06-27,9,18,4291,284,Volleyball,Sports
4532,4533,28,Socialmedia,47,2024-04-05,16,15,3367,615,Climbing Rope,Sports
4533,4534,35,Blog,35,2024-04-12,13,12,712,141,Ice Skates,Sports
4534,4535,27,NEWSLETTER,396,2023-02-18,4,4,5935,1701,Dumbbells,Sports
4535,4536,50,video,9,2025-02-03,17,10,2021,70,Golf Clubs,Sports
4536,4537,31,Newsletter,229,2024-04-25,4,18,4862,1078,Volleyball,Sports
4537,4538,39,blog,5,2025-01-14,5,4,342,45,Dumbbells,Sports
4538,4539,17,Newsletter,27,2024-09-25,1,9,2504,405,Baseball Glove,Sports
4539,4540,50,VIDEO,54,2024-11-25,3,2,2002,320,Fitness Tracker,Sports
4540,4541,16,Newsletter,325,2024-04-19,11,12,5096,1243,Ice Skates,Sports
4541,4542,32,blog,91,2024-06-17,12,19,3184,708,Hockey Stick,Sports
4542,4543,48,Blog,36,2024-08-09,14,1,2121,349,Running Shoes,Sports
4543,4544,35,Socialmedia,14,2023-11-05,18,10,710,81,Golf Clubs,Sports
4544,4545,29,VIDEO,13,2024-04-02,3,4,1828,120,Dumbbells,Sports
4545,4546,7,newsletter,0,2025-12-14,6,7,413,7,Basketball,Sports
4546,4547,44,SOCIALMEDIA,0,2025-09-04,7,3,838,13,Yoga Mat,Sports
4547,4548,49,Newsletter,176,2023-12-10,14,16,5619,1255,Kayak,Sports
4548,4549,25,VIDEO,16,2025-03-18,14,3,2110,267,Yoga Mat,Sports
4549,4550,48,BLOG,35,2024-05-31,3,20,3002,332,Boxing Gloves,Sports
4550,4551,14,Blog,0,2025-08-26,7,2,363,14,Fitness Tracker,Sports
4551,4552,45,Socialmedia,25,2023-10-29,3,20,576,129,Boxing Gloves,Sports
4552,4553,36,Socialmedia,15,2024-07-30,8,14,894,158,Cycling Helmet,Sports
4553,4554,36,Blog,1,2025-12-08,13,9,789,32,Baseball Glove,Sports
4554,4555,5,BLOG,622,2023-06-03,6,5,7745,1731,Soccer Ball,Sports
4555,4556,41,Video,101,2023-09-30,16,13,2269,529,Swim Goggles,Sports
4556,4557,46,newsletter,1107,2023-04-14,4,10,8732,2900,Golf Clubs,Sports
4557,4558,22,newsletter,0,2025-10-04,10,7,163,4,Basketball,Sports
4558,4559,47,Video,253,2024-05-03,15,7,5448,1134,Basketball,Sports
4559,4560,15,Video,1046,2023-06-26,11,11,7932,3137,Ski Boots,Sports
4560,4561,30,blog,1,2025-07-30,2,11,1315,40,Ski Boots,Sports
4561,4562,18,socialmedia,554,2023-04-07,16,20,7357,1399,Boxing Gloves,Sports
4562,4563,5,Newsletter,6,2025-03-20,2,1,1922,50,Running Shoes,Sports
4563,4564,9,Blog,7,2025-01-19,3,3,1720,110,Yoga Mat,Sports
4564,4565,35,SOCIALMEDIA,89,2024-02-11,15,15,1102,313,Climbing Rope,Sports
4565,4566,15,BLOG,20,2024-12-24,12,17,1216,129,Surfboard,Sports
4566,4567,10,socialmedia,119,2023-07-01,10,14,2792,926,Cycling Helmet,Sports
4567,4568,8,video,1,2025-07-31,20,11,1260,40,Ski Boots,Sports
4568,4569,48,BLOG,341,2023-02-19,17,9,7405,1416,Baseball Glove,Sports
4569,4570,12,Newsletter,108,2024-05-12,10,16,4970,1172,Kayak,Sports
4570,4571,27,VIDEO,2,2025-06-30,8,15,1592,43,Climbing Rope,Sports
4571,4572,17,video,123,2023-06-02,18,3,2067,342,Yoga Mat,Sports
4572,4573,17,NEWSLETTER,123,2024-02-11,20,5,6206,1257,Soccer Ball,Sports
4573,4574,24,VIDEO,1028,2023-01-05,14,9,5953,2291,Baseball Glove,Sports
4574,4575,27,Blog,6,2024-12-27,16,18,1011,160,Volleyball,Sports
4575,4576,35,socialmedia,94,2024-08-07,17,8,3616,761,Football Helmet,Sports
4576,4577,49,newsletter,5,2025-04-07,17,12,2062,156,Ice Skates,Sports
4577,4578,2,VIDEO,41,2023-04-24,9,7,1817,222,Basketball,Sports
4578,4579,1,Blog,516,2023-08-14,5,20,6801,2286,Boxing Gloves,Sports
4579,4580,22,Video,87,2023-05-17,3,18,960,212,Volleyball,Sports
4580,4581,2,socialmedia,0,2025-10-09,1,14,287,3,Cycling Helmet,Sports
4581,4582,32,newsletter,1,2025-12-01,7,19,779,22,Hockey Stick,Sports
4582,4583,14,BLOG,24,2023-11-19,2,13,1810,265,Swim Goggles,Sports
4583,4584,15,blog,127,2024-04-03,19,4,4259,732,Dumbbells,Sports
4584,4585,2,Blog,43,2024-04-04,11,2,2639,180,Fitness Tracker,Sports
4585,4586,11,Newsletter,17,2024-07-18,12,10,659,93,Golf Clubs,Sports
4586,4587,41,Socialmedia,10,2025-02-13,9,10,2533,80,Golf Clubs,Sports
4587,4588,41,BLOG,1165,2023-02-20,20,19,7341,3079,Hockey Stick,Sports
4588,4589,45,Newsletter,854,2023-03-19,5,3,8818,2234,Yoga Mat,Sports
4589,4590,37,BLOG,138,2023-11-05,5,1,5574,1467,Running Shoes,Sports
4590,4591,33,Newsletter,39,2023-01-13,18,12,1374,232,Ice Skates,Sports
4591,4592,33,Blog,1,2024-01-03,20,13,106,8,Swim Goggles,Sports
4592,4593,22,Video,27,2024-08-03,10,10,1415,159,Golf Clubs,Sports
4593,4594,49,Video,0,2025-12-21,7,18,983,18,Volleyball,Sports
4594,4595,19,Video,223,2023-12-15,14,7,3634,1024,Basketball,Sports
4595,4596,30,Newsletter,0,2025-10-21,2,4,550,11,Dumbbells,Sports
4596,4597,40,Newsletter,144,2024-06-24,18,17,4882,724,Surfboard,Sports
4597,4598,44,BLOG,71,2023-08-15,19,6,7063,588,Tennis Racket,Sports
4598,4599,42,Socialmedia,0,2025-09-17,14,13,477,17,Swim Goggles,Sports
4599,4600,18,VIDEO,109,2024-03-07,14,8,2033,431,Football Helmet,Sports
4600,4601,4,VIDEO,115,2024-05-30,11,20,3803,595,Boxing Gloves,Sports
4601,4602,38,blog,212,2023-09-13,17,19,4466,886,Hockey Stick,Sports
4602,4603,10,socialmedia,6,2025-04-27,8,4,906,59,Dumbbells,Sports
4603,4604,41,Video,0,2025-08-07,12,18,1320,17,Volleyball,Sports
4604,4605,1,Newsletter,0,2025-11-22,18,9,961,45,Baseball Glove,Sports
4605,4606,39,NEWSLETTER,33,2025-01-03,11,17,2000,259,Surfboard,Sports
4606,4607,42,VIDEO,287,2023-07-24,14,3,5652,830,Yoga Mat,Sports
4607,4608,2,Blog,219,2023-09-24,13,7,5699,1928,Basketball,Sports
4608,4609,21,NEWSLETTER,366,2023-04-09,4,13,6599,888,Swim Goggles,Sports
4609,4610,14,newsletter,17,2024-09-20,20,16,1178,162,Kayak,Sports
4610,4611,39,Video,0,2025-09-23,20,7,73,3,Basketball,Sports
4611,4612,23,Video,16,2024-10-14,13,10,3416,307,Golf Clubs,Sports
4612,4613,13,VIDEO,478,2023-04-12,11,7,3958,1131,Basketball,Sports
4613,4614,29,VIDEO,5,2024-11-18,2,19,445,54,Hockey Stick,Sports
4614,4615,46,SOCIALMEDIA,80,2023-10-24,2,1,705,249,Running Shoes,Sports
4615,4616,21,Newsletter,6,2025-06-01,14,16,1396,89,Kayak,Sports
4616,4617,2,Newsletter,138,2024-01-11,3,9,2150,474,Baseball Glove,Sports
4617,4618,30,blog,86,2024-06-22,7,12,4228,537,Ice Skates,Sports
4618,4619,31,Video,270,2023-05-21,3,19,8115,1872,Hockey Stick,Sports
4619,4620,46,newsletter,209,2023-07-17,8,4,1273,516,Dumbbells,Sports
4620,4621,10,video,78,2023-05-24,20,7,1609,599,Basketball,Sports
4621,4622,6,socialmedia,50,2024-04-14,18,2,3052,374,Fitness Tracker,Sports
4622,4623,31,BLOG,133,2023-09-01,2,17,2458,457,Surfboard,Sports
