,JourneyID,CustomerID,ProductId,VisitDate,Stage,Action,Duration
0,1,64,18,2024-06-10,checkout,Drop-off,132.33333333333334
1,2,94,11,2025-07-09,checkout,Drop-off,169.25
2,3,34,8,2024-06-14,productpage,View,184.25
3,4,33,18,2025-05-28,checkout,Drop-off,12.0
4,5,91,10,2023-02-11,homepage,Click,104.6
5,6,54,11,2025-12-19,homepage,View,226.0
6,7,80,4,2023-08-25,homepage,View,212.6
7,8,99,10,2025-07-03,productpage,View,128.0
8,9,31,4,2025-06-13,productpage,View,167.0
9,10,44,16,2025-04-23,productpage,View,175.8
10,11,23,12,2023-08-22,checkout,Drop-off,95.71428571428571
11,12,97,12,2023-07-28,productpage,View,199.66666666666666
12,13,83,5,2024-06-20,homepage,View,123.88888888888889
13,14,14,13,2025-11-01,productpage,View,144.25
14,15,9,1,2025-11-04,productpage,View,161.125
15,16,14,16,2024-07-17,homepage,View,68.33333333333333
16,17,67,2,2025-12-11,homepage,View,224.25
17,18,70,15,2025-10-13,homepage,View,165.33333333333334
18,19,9,1,2024-08-15,homepage,View,179.33333333333334
19,20,44,18,2024-02-19,productpage,View,204.0
20,21,58,20,2024-03-07,checkout,Drop-off,147.66666666666666
21,22,12,1,2025-11-19,homepage,Click,157.66666666666666
22,23,58,1,2023-07-05,homepage,View,149.0
23,24,77,6,2025-06-25,checkout,Drop-off,185.4
24,25,75,12,2023-11-23,productpage,View,131.0
25,26,78,20,2024-04-17,homepage,View,167.2
26,27,36,9,2024-08-10,homepage,View,209.83333333333334
27,28,1,20,2025-09-26,productpage,View,124.33333333333333
28,29,12,17,2025-06-01,homepage,View,200.66666666666666
29,30,48,2,2023-05-03,productpage,View,164.28571428571428
30,31,81,19,2023-04-04,homepage,View,127.6
31,32,67,11,2023-09-04,checkout,Drop-off,126.5
32,33,2,5,2025-08-10,homepage,View,103.14285714285714
33,34,55,15,2023-10-26,homepage,View,123.6
34,35,60,19,2023-06-21,homepage,Click,74.75
35,36,17,2,2023-11-20,checkout,Purchase,103.85714285714286
36,37,38,17,2024-06-18,checkout,Drop-off,140.0
37,38,13,18,2023-02-23,productpage,View,232.0
38,39,63,18,2023-08-10,productpage,View,174.0
39,40,4,12,2024-12-22,homepage,View,81.0
40,41,92,5,2025-11-23,productpage,View,126.6
41,42,95,10,2025-01-28,homepage,View,196.5
42,43,21,8,2025-03-14,homepage,View,62.0
43,44,29,3,2024-02-29,homepage,View,187.4
44,45,94,6,2023-06-07,productpage,View,201.75
45,46,30,19,2025-10-27,homepage,View,226.33333333333334
46,47,30,20,2024-02-18,checkout,Drop-off,144.83333333333334
47,48,52,13,2025-02-01,homepage,View,177.0
48,49,93,14,2023-04-09,homepage,Click,161.5
49,50,5,9,2024-04-19,homepage,View,148.0
50,51,65,8,2025-09-29,productpage,View,176.16666666666666
51,52,15,9,2025-08-07,checkout,Drop-off,173.25
52,53,24,4,2024-04-05,homepage,View,187.75
53,54,9,11,2024-11-19,checkout,Drop-off,153.75
54,55,1,7,2024-03-17,checkout,Drop-off,226.0
55,56,97,11,2023-12-20,homepage,Click,187.33333333333334
56,57,52,14,2024-12-02,homepage,View,165.4
57,58,51,20,2025-03-08,productpage,View,151.33333333333334
58,59,32,8,2024-08-19,homepage,View,199.33333333333334
59,60,19,6,2025-06-17,productpage,View,193.66666666666666
60,61,69,20,2025-07-12,homepage,Click,192.25
61,62,42,1,2024-10-22,homepage,View,155.33333333333334
62,63,51,15,2025-05-22,homepage,View,167.0
63,64,86,20,2023-07-03,productpage,View,143.85714285714286
64,65,54,10,2023-12-23,homepage,View,137.0
65,66,52,2,2023-11-16,homepage,Click,157.0
66,67,25,1,2023-05-21,productpage,Click,57.0
67,68,45,16,2023-04-29,productpage,Click,158.0
68,69,82,19,2025-02-21,productpage,Click,182.0
69,70,75,17,2023-07-07,homepage,View,297.0
70,71,40,20,2023-07-13,checkout,Drop-off,
71,72,47,15,2023-08-23,homepage,Click,72.5
72,73,20,16,2024-09-17,homepage,View,141.8
73,74,81,13,2024-09-26,homepage,Click,279.5
74,75,93,1,2024-10-01,productpage,Click,211.4
75,76,42,17,2025-05-29,checkout,Purchase,162.55555555555554
76,77,36,4,2023-06-02,homepage,Click,199.33333333333334
77,78,46,17,2025-06-15,checkout,Purchase,106.0
78,79,75,10,2023-11-13,homepage,View,149.0
79,80,64,6,2025-04-06,homepage,Click,163.25
80,81,89,15,2025-10-27,checkout,Purchase,226.33333333333334
81,82,64,2,2025-06-07,homepage,Click,185.33333333333334
82,83,54,8,2024-01-18,productpage,Click,151.66666666666666
83,84,79,15,2025-03-09,checkout,Purchase,57.0
84,85,56,4,2023-05-26,homepage,Click,220.0
85,86,83,3,2023-09-06,homepage,View,153.0
86,87,2,2,2023-09-25,homepage,View,226.25
87,88,15,20,2025-12-18,homepage,View,200.5
88,89,14,9,2025-04-18,homepage,Click,151.5
89,90,49,8,2025-03-25,homepage,View,171.5
90,91,99,10,2023-12-07,homepage,Click,230.5
91,92,88,14,2025-03-09,homepage,View,57.0
92,93,43,8,2023-08-22,checkout,Drop-off,95.71428571428571
93,94,15,18,2024-09-20,homepage,Click,117.8
94,95,60,8,2024-09-14,homepage,View,153.5
95,96,22,9,2024-07-28,productpage,View,182.0
96,97,92,19,2025-05-26,homepage,View,151.75
97,98,95,8,2025-05-25,homepage,Click,155.0
98,99,58,16,2024-07-06,checkout,Purchase,134.0
99,100,92,10,2024-04-06,productpage,View,211.75
100,101,24,12,2024-04-14,homepage,Click,111.33333333333333
101,102,33,16,2024-04-23,homepage,View,168.71428571428572
102,103,7,11,2025-12-06,checkout,Drop-off,35.5
103,104,51,18,2023-05-03,homepage,Click,164.28571428571428
104,105,68,2,2023-11-19,homepage,View,80.0
105,106,90,11,2024-10-03,productpage,View,148.8
106,107,76,19,2023-03-15,productpage,View,211.33333333333334
107,108,14,5,2023-03-06,productpage,View,159.0
108,109,65,7,2025-08-14,checkout,Drop-off,16.5
109,110,20,18,2023-02-07,productpage,View,105.0
110,111,72,12,2023-06-11,homepage,View,244.5
111,112,30,12,2025-04-16,productpage,View,157.66666666666666
112,113,79,18,2025-12-15,checkout,Drop-off,271.5
113,114,92,10,2023-06-26,productpage,View,197.5
114,115,38,14,2024-01-07,homepage,View,201.0
115,116,27,1,2024-04-29,productpage,View,202.2
116,117,46,5,2025-12-14,productpage,View,92.4
117,118,26,14,2025-04-25,productpage,View,90.5
118,119,93,20,2025-03-13,homepage,Click,184.75
119,120,37,17,2024-02-29,checkout,Purchase,187.4
120,121,86,5,2025-10-17,homepage,Click,174.66666666666666
121,122,96,19,2025-10-22,productpage,Click,169.14285714285714
122,123,59,15,2024-04-10,homepage,View,188.5
123,124,10,8,2024-07-27,productpage,View,204.0
124,125,67,19,2025-06-07,checkout,Drop-off,185.33333333333334
125,126,39,4,2025-01-14,homepage,Click,147.0
126,127,5,4,2023-12-11,homepage,View,217.5
127,128,34,8,2023-07-03,homepage,Click,143.85714285714286
128,129,91,20,2025-07-05,homepage,Click,170.5
129,130,41,13,2024-09-07,homepage,Click,107.6
130,131,98,13,2025-01-09,homepage,View,15.0
131,132,68,14,2023-06-17,productpage,View,92.5
132,133,46,20,2024-06-20,homepage,View,123.88888888888889
133,134,40,9,2023-12-14,homepage,Click,128.0
134,135,52,20,2025-05-03,productpage,Click,124.8
135,136,77,2,2024-05-29,homepage,View,146.25
136,137,40,6,2023-02-07,productpage,View,105.0
137,138,26,18,2025-05-11,productpage,View,172.0
138,139,24,5,2025-11-13,homepage,View,205.0
139,140,11,12,2024-01-26,checkout,Drop-off,155.5
140,141,57,7,2024-07-01,productpage,View,144.0
141,142,53,14,2024-05-31,homepage,Click,12.0
142,143,95,17,2025-03-13,homepage,Click,184.75
143,144,95,12,2025-09-17,homepage,Click,209.0
144,145,60,19,2025-10-21,homepage,Click,144.0
145,146,86,1,2025-12-07,homepage,View,212.0
146,147,86,18,2023-04-21,homepage,View,193.0
147,148,15,3,2025-10-22,productpage,View,169.14285714285714
148,149,93,7,2024-05-27,productpage,View,60.75
149,150,58,16,2024-04-20,homepage,Click,200.0
150,151,79,20,2023-11-04,checkout,Purchase,208.66666666666666
151,152,85,5,2024-07-02,checkout,Drop-off,208.4
152,153,39,19,2025-09-19,homepage,Click,235.33333333333334
153,154,85,20,2023-08-04,homepage,View,102.33333333333333
154,155,82,2,2023-05-12,homepage,View,173.66666666666666
155,156,26,3,2024-10-18,checkout,Drop-off,
156,157,96,20,2025-09-10,homepage,View,146.0
157,158,17,18,2025-11-19,homepage,Click,157.66666666666666
158,159,36,7,2024-03-21,productpage,Click,130.8
159,160,83,12,2025-12-20,checkout,Purchase,199.8
160,161,17,19,2025-01-15,productpage,View,153.5
161,162,52,10,2024-03-30,productpage,View,139.0
162,163,49,2,2024-02-20,homepage,View,84.66666666666667
163,164,90,9,2025-10-19,homepage,Click,160.66666666666666
164,165,93,15,2024-09-18,homepage,Click,190.4
165,166,44,13,2024-09-27,checkout,Purchase,214.4
166,167,8,4,2023-02-18,productpage,View,187.57142857142858
167,168,88,17,2023-04-03,productpage,View,209.5
168,169,40,19,2023-03-03,homepage,View,162.16666666666666
169,170,98,13,2025-10-20,productpage,View,101.0
170,171,29,2,2023-09-09,homepage,Click,200.0
171,172,33,8,2023-10-30,productpage,Click,212.0
172,173,64,5,2024-08-28,productpage,Click,183.33333333333334
173,174,62,7,2024-12-12,homepage,Click,299.0
174,175,82,16,2025-10-17,checkout,Purchase,174.66666666666666
175,176,80,6,2023-05-12,checkout,Drop-off,173.66666666666666
176,177,5,17,2024-03-06,productpage,View,183.0
177,178,93,10,2023-02-03,homepage,View,128.2
178,179,99,5,2025-06-02,productpage,View,179.8
179,180,54,17,2024-11-26,homepage,View,162.0
180,181,44,20,2025-05-19,checkout,Drop-off,181.66666666666666
181,182,33,13,2025-04-22,productpage,View,244.5
182,183,54,16,2024-08-21,productpage,View,121.0
183,184,7,11,2024-09-30,productpage,View,141.66666666666666
184,185,27,6,2023-12-29,productpage,View,135.0
185,186,25,2,2024-01-04,productpage,View,147.5
186,187,51,14,2025-09-22,checkout,Drop-off,202.0
187,188,94,2,2025-01-27,homepage,View,128.33333333333334
188,189,57,8,2023-08-20,checkout,Drop-off,145.5
189,190,90,18,2024-02-14,homepage,View,141.0
190,191,40,10,2023-07-19,homepage,Click,149.5
191,192,82,3,2023-03-31,checkout,Purchase,166.66666666666666
192,193,88,13,2025-09-22,homepage,Click,202.0
193,194,13,11,2025-04-27,homepage,View,141.33333333333334
194,195,8,4,2025-08-12,homepage,Click,102.0
195,196,25,8,2025-08-23,productpage,Click,172.25
196,197,29,9,2024-10-07,productpage,Click,195.4
197,198,70,8,2025-12-23,homepage,View,268.5
198,199,43,11,2024-02-02,productpage,View,151.25
199,200,83,18,2024-02-24,productpage,View,163.0
200,201,75,10,2025-04-25,checkout,Drop-off,90.5
201,202,87,12,2023-04-22,productpage,View,121.25
202,203,44,11,2024-12-28,homepage,View,269.6666666666667
203,204,99,20,2025-09-01,homepage,Click,86.25
204,205,41,19,2023-03-03,homepage,View,162.16666666666666
205,206,39,5,2023-04-21,productpage,View,193.0
206,207,46,3,2023-02-02,homepage,Click,218.0
207,208,43,4,2023-12-30,productpage,Drop-off,56.5
208,209,36,12,2025-10-08,productpage,View,161.0
209,210,63,7,2023-09-07,checkout,Drop-off,190.5
210,211,54,9,2024-04-19,productpage,View,148.0
211,212,99,15,2025-03-03,homepage,View,117.0
212,213,54,3,2025-03-07,productpage,View,203.5
213,214,33,9,2023-01-10,productpage,View,211.0
214,215,71,7,2024-06-08,checkout,Drop-off,140.5
215,216,33,6,2023-01-05,checkout,Drop-off,177.25
216,217,82,16,2023-08-26,homepage,View,190.6
217,218,19,3,2025-05-04,homepage,View,189.42857142857142
218,219,15,10,2024-12-29,homepage,Click,220.375
219,220,43,5,2024-07-11,productpage,Click,186.33333333333334
220,221,52,12,2025-08-19,homepage,View,111.66666666666667
221,222,66,15,2024-03-02,homepage,View,161.5
222,223,53,1,2024-03-07,productpage,View,147.66666666666666
223,224,84,10,2025-03-21,checkout,Drop-off,137.33333333333334
224,225,12,10,2023-11-27,productpage,View,173.83333333333334
225,226,72,20,2023-06-03,homepage,Click,217.0
226,227,7,6,2024-05-01,productpage,Click,154.66666666666666
227,228,40,6,2023-01-15,homepage,Click,186.8
228,229,16,17,2025-01-30,productpage,Drop-off,76.0
229,230,78,20,2025-11-13,productpage,View,205.0
230,231,61,12,2025-07-31,homepage,View,233.75
231,232,81,2,2025-06-28,checkout,Drop-off,84.5
232,233,92,15,2023-05-11,productpage,View,259.5
233,234,54,20,2025-02-02,productpage,View,218.66666666666666
234,235,33,7,2024-01-25,productpage,View,109.0
235,236,10,11,2025-07-27,homepage,Click,162.33333333333334
236,237,29,4,2023-06-26,homepage,Click,197.5
237,238,93,14,2025-08-29,homepage,View,112.0
238,239,60,13,2024-04-28,checkout,Drop-off,158.0
239,240,15,9,2023-09-16,homepage,Click,180.66666666666666
240,241,63,18,2024-06-17,checkout,Purchase,207.25
241,242,76,3,2023-01-31,homepage,View,147.5
242,243,82,9,2024-04-20,homepage,Click,200.0
243,244,3,5,2025-04-24,productpage,Click,226.5
244,245,69,20,2024-04-06,productpage,Click,211.75
245,246,90,4,2024-08-10,productpage,Click,209.83333333333334
246,247,26,9,2023-10-26,homepage,View,123.6
247,248,35,20,2024-02-23,homepage,Click,52.0
248,249,58,7,2023-07-21,homepage,View,120.8
249,250,81,13,2025-10-12,productpage,View,169.42857142857142
250,251,13,6,2023-12-10,homepage,View,165.0
251,252,87,19,2023-01-13,homepage,View,187.66666666666666
252,253,71,11,2023-01-07,homepage,Click,210.33333333333334
253,254,12,12,2025-02-09,homepage,Click,255.0
254,255,95,9,2024-09-19,productpage,Click,218.5
255,256,32,8,2025-06-04,productpage,Click,159.33333333333334
256,257,30,20,2024-10-07,productpage,Click,195.4
257,258,34,5,2023-11-13,homepage,View,149.0
258,259,92,14,2024-10-12,homepage,Click,121.875
259,260,100,17,2025-07-15,homepage,View,147.25
260,261,23,5,2025-10-07,homepage,View,257.3333333333333
261,262,52,16,2023-10-07,productpage,View,104.0
262,263,94,8,2024-03-09,productpage,View,232.8
263,264,3,2,2024-09-05,productpage,View,96.8
264,265,99,16,2023-03-09,homepage,Click,167.25
265,266,57,9,2024-02-11,homepage,View,129.66666666666666
266,267,6,7,2025-04-17,checkout,Drop-off,99.66666666666667
267,268,67,8,2025-02-02,homepage,View,218.66666666666666
268,269,9,7,2025-11-14,homepage,Click,26.0
269,270,66,9,2023-06-22,checkout,Purchase,127.5
270,271,20,4,2025-08-19,checkout,Drop-off,111.66666666666667
271,272,17,10,2023-08-03,checkout,Drop-off,256.0
272,273,87,1,2025-03-22,checkout,Drop-off,203.0
273,274,95,19,2023-09-28,checkout,Drop-off,183.25
274,275,88,13,2023-11-05,checkout,Drop-off,209.66666666666666
275,276,27,19,2023-11-22,checkout,Drop-off,179.0
276,277,63,12,2025-10-06,productpage,View,191.85714285714286
277,278,78,8,2024-01-07,productpage,View,201.0
278,279,97,1,2025-02-25,checkout,Drop-off,104.0
279,280,69,15,2023-09-17,homepage,Click,219.0
280,281,10,4,2025-01-06,homepage,View,225.6
281,282,67,12,2024-07-10,homepage,View,151.0
282,283,90,14,2025-01-05,productpage,View,72.75
283,284,88,7,2023-09-25,homepage,Click,226.25
284,285,58,4,2024-06-11,checkout,Purchase,269.0
285,286,51,19,2023-08-01,homepage,View,127.25
286,287,100,13,2023-01-12,checkout,Drop-off,149.71428571428572
287,288,6,1,2023-04-11,homepage,Click,106.4
288,289,90,12,2025-08-15,checkout,Purchase,143.875
289,290,49,20,2023-04-13,checkout,Drop-off,276.0
290,291,32,6,2023-11-02,homepage,Click,142.625
291,292,39,15,2023-06-04,productpage,Click,150.625
292,293,18,19,2023-09-08,productpage,Click,118.0
293,294,41,5,2023-07-31,homepage,Click,159.75
294,295,92,19,2023-03-28,checkout,Purchase,189.5
295,296,50,4,2024-10-14,checkout,Drop-off,146.0
296,297,74,4,2024-03-04,homepage,Click,188.0
297,298,84,10,2024-12-19,checkout,Purchase,80.0
298,299,7,9,2025-10-27,homepage,View,226.33333333333334
299,300,91,16,2023-09-20,checkout,Drop-off,251.0
300,301,84,3,2023-01-15,productpage,View,186.8
301,302,14,10,2023-08-16,checkout,Drop-off,
302,303,80,9,2024-05-24,homepage,View,222.0
303,304,91,12,2023-05-06,productpage,View,111.66666666666667
304,305,74,20,2025-09-04,productpage,View,140.75
305,306,71,2,2023-07-14,homepage,Click,112.5
306,307,85,11,2025-02-16,productpage,Click,228.0
307,308,80,12,2025-03-12,homepage,Click,172.75
308,309,38,11,2024-08-16,productpage,Click,151.25
309,310,73,18,2023-11-04,productpage,Click,208.66666666666666
310,311,33,19,2024-02-10,productpage,Click,219.0
311,312,9,11,2023-05-15,checkout,Purchase,170.8
312,313,85,5,2023-10-07,productpage,View,104.0
313,314,75,11,2024-12-29,homepage,View,220.375
314,315,21,6,2023-11-05,homepage,Click,209.66666666666666
315,316,91,19,2025-11-12,homepage,Click,184.4
316,317,13,6,2023-03-22,homepage,View,91.0
317,318,13,4,2025-02-01,homepage,View,177.0
318,319,64,10,2025-07-17,homepage,View,105.66666666666667
319,320,94,8,2025-11-29,checkout,Drop-off,276.0
320,321,10,3,2024-11-24,checkout,Drop-off,151.66666666666666
321,322,22,18,2024-05-25,productpage,View,107.66666666666667
322,323,44,19,2025-04-08,homepage,View,199.0
323,324,77,9,2025-03-06,productpage,View,195.75
324,325,47,7,2023-01-31,checkout,Drop-off,147.5
325,326,79,19,2024-11-30,homepage,View,70.0
326,327,11,14,2024-04-29,homepage,View,202.2
327,328,46,16,2024-12-22,productpage,View,81.0
328,329,88,15,2023-02-24,homepage,Click,209.0
329,330,3,14,2024-04-11,checkout,Purchase,172.25
330,331,2,8,2025-05-07,productpage,View,183.25
331,332,68,6,2025-02-26,homepage,View,129.2
332,333,42,7,2024-05-15,homepage,Click,150.5
333,334,43,18,2024-09-24,homepage,Click,137.66666666666666
334,335,93,16,2024-09-22,productpage,Click,173.66666666666666
335,336,74,11,2025-03-08,homepage,Click,151.33333333333334
336,337,71,1,2024-11-19,homepage,Click,153.75
337,338,51,3,2024-06-18,productpage,Click,140.0
338,339,37,6,2024-11-07,productpage,Drop-off,145.33333333333334
339,340,63,20,2025-05-22,productpage,View,167.0
340,341,79,11,2025-02-12,homepage,View,65.66666666666667
341,342,23,17,2024-06-19,productpage,View,132.125
342,343,50,12,2025-07-07,checkout,Drop-off,299.0
343,344,77,1,2025-04-05,homepage,View,83.0
344,345,27,6,2024-12-22,checkout,Drop-off,81.0
345,346,68,11,2024-06-12,homepage,Click,227.0
346,347,76,16,2024-06-23,productpage,Click,162.75
347,348,10,5,2025-01-27,homepage,View,128.33333333333334
348,349,89,4,2023-12-15,productpage,View,153.75
349,350,99,18,2025-02-18,productpage,View,90.4
350,351,65,16,2023-06-19,homepage,View,100.0
351,352,98,7,2025-09-01,productpage,View,86.25
352,353,19,10,2024-07-13,homepage,View,153.25
353,354,34,3,2023-02-21,homepage,Click,182.75
354,355,97,4,2025-02-18,homepage,Click,90.4
355,356,65,18,2024-01-26,homepage,View,155.5
356,357,11,13,2025-04-02,homepage,View,102.0
357,358,62,11,2023-08-09,homepage,Click,226.42857142857142
358,359,2,17,2024-03-16,homepage,View,143.0
359,360,63,18,2023-08-28,homepage,Click,174.5
360,361,96,9,2025-10-30,productpage,Drop-off,161.5
361,362,82,10,2023-05-29,homepage,View,198.0
362,363,80,10,2023-04-07,productpage,View,180.5
363,364,48,16,2025-09-24,homepage,View,177.2
364,365,6,5,2023-06-04,checkout,Drop-off,150.625
365,366,37,2,2025-09-08,checkout,Drop-off,105.8
366,367,61,18,2023-03-04,homepage,View,208.75
367,368,26,10,2025-04-28,productpage,View,131.0
368,369,89,4,2023-03-22,productpage,View,91.0
369,370,15,15,2025-07-25,productpage,View,170.75
370,371,71,11,2023-09-28,productpage,View,183.25
371,372,76,16,2023-01-15,homepage,View,186.8
372,373,51,19,2024-04-09,homepage,Click,145.66666666666666
373,374,67,13,2023-08-29,productpage,Click,208.0
374,375,23,2,2025-03-08,checkout,Purchase,151.33333333333334
375,376,40,1,2025-05-23,productpage,View,174.25
376,377,86,10,2025-06-25,productpage,View,185.4
377,378,60,1,2023-11-02,productpage,View,142.625
378,379,92,15,2024-11-25,checkout,Drop-off,194.66666666666666
379,380,1,11,2023-05-29,checkout,Drop-off,198.0
380,381,2,3,2024-03-23,productpage,View,168.25
381,382,92,19,2025-06-05,productpage,View,140.0
382,383,55,6,2023-01-03,productpage,View,170.75
383,384,2,12,2024-09-24,checkout,Drop-off,137.66666666666666
384,385,90,2,2025-04-15,productpage,View,130.0
385,386,37,6,2023-07-31,productpage,View,159.75
386,387,22,4,2024-12-19,checkout,Drop-off,80.0
387,388,40,11,2024-12-02,homepage,View,165.4
388,389,63,4,2023-04-14,productpage,View,165.4
389,390,74,7,2023-07-16,checkout,Drop-off,164.4
390,391,74,13,2025-04-20,checkout,Drop-off,184.0
391,392,50,13,2024-03-16,productpage,View,143.0
392,393,14,5,2024-05-26,productpage,View,136.8
393,394,39,5,2025-04-16,productpage,View,157.66666666666666
394,395,73,10,2025-08-19,homepage,View,111.66666666666667
395,396,62,9,2023-03-14,productpage,View,188.0
396,397,54,15,2023-03-17,homepage,Click,120.28571428571429
397,398,86,17,2025-03-04,homepage,View,287.5
398,399,26,2,2025-08-03,productpage,View,197.0
399,400,28,12,2024-05-30,homepage,View,166.33333333333334
400,401,86,20,2025-04-04,productpage,View,149.2
401,402,42,4,2024-11-24,homepage,View,151.66666666666666
402,403,47,2,2023-03-21,productpage,View,217.2
403,404,30,13,2023-04-22,homepage,View,121.25
404,405,97,7,2024-08-21,productpage,View,121.0
405,406,27,7,2025-05-09,productpage,View,125.75
406,407,79,6,2024-02-26,homepage,Click,156.66666666666666
407,408,36,15,2024-01-31,homepage,Click,165.33333333333334
408,409,90,17,2025-06-28,homepage,Click,84.5
409,410,71,12,2023-09-13,homepage,View,193.33333333333334
410,411,74,19,2023-02-08,homepage,Click,234.5
411,412,3,20,2025-08-08,productpage,Click,53.0
412,413,29,5,2023-07-09,productpage,Click,179.25
413,414,24,15,2025-05-06,productpage,Drop-off,183.25
414,415,56,2,2023-10-26,homepage,View,123.6
415,416,34,6,2025-09-24,productpage,View,177.2
416,417,50,12,2024-02-04,homepage,View,157.33333333333334
417,418,97,8,2024-05-04,checkout,Drop-off,72.5
418,419,52,7,2023-11-06,checkout,Drop-off,159.25
419,420,25,16,2023-09-04,homepage,Click,126.5
420,421,25,2,2023-10-22,productpage,Click,172.8
421,422,87,6,2024-10-04,homepage,View,192.83333333333334
422,423,26,15,2023-06-12,homepage,Click,150.4
423,424,94,10,2023-08-14,checkout,Purchase,155.0
424,425,60,16,2024-11-21,homepage,Click,190.33333333333334
425,426,60,20,2025-02-26,productpage,Click,129.2
426,427,98,2,2023-02-08,homepage,View,234.5
427,428,48,12,2025-12-04,homepage,View,236.5
428,429,100,15,2023-04-02,homepage,Click,115.0
429,430,7,20,2025-01-19,productpage,Click,176.71428571428572
430,431,66,12,2025-08-30,productpage,Click,200.75
431,432,73,3,2023-08-22,productpage,Click,95.71428571428571
432,433,20,18,2025-11-27,productpage,Click,97.0
433,434,46,4,2023-09-29,homepage,View,94.6
434,435,45,8,2024-12-20,productpage,View,97.33333333333333
435,436,91,20,2024-05-15,productpage,View,150.5
436,437,43,14,2025-06-08,homepage,Click,164.0
437,438,73,10,2024-11-10,homepage,Click,82.33333333333333
438,439,87,12,2024-02-29,homepage,View,187.4
439,440,2,7,2025-10-12,productpage,View,169.42857142857142
440,441,3,5,2023-05-23,productpage,View,156.25
441,442,74,13,2023-10-25,homepage,View,161.5
442,443,98,5,2023-09-04,checkout,Drop-off,126.5
443,444,76,18,2025-01-27,homepage,Click,128.33333333333334
444,445,4,3,2025-05-09,productpage,Click,125.75
445,446,92,13,2024-04-04,homepage,Click,139.33333333333334
446,447,64,11,2024-01-15,checkout,Purchase,104.5
447,448,27,4,2023-09-30,productpage,View,132.0
448,449,15,8,2025-04-10,productpage,View,140.8
449,450,68,16,2023-11-02,productpage,View,142.625
450,451,17,14,2025-11-27,homepage,View,97.0
451,452,86,4,2024-10-07,checkout,Drop-off,195.4
452,453,49,17,2023-02-13,homepage,View,205.5
453,454,93,3,2023-06-01,homepage,View,151.75
454,455,79,10,2025-04-13,productpage,View,208.33333333333334
455,456,93,20,2023-09-09,checkout,Drop-off,200.0
456,457,33,19,2023-09-29,homepage,Click,94.6
457,458,94,2,2025-01-20,checkout,Purchase,223.5
458,459,58,7,2024-10-12,homepage,View,121.875
459,460,45,3,2023-02-17,homepage,Click,131.0
460,461,19,5,2024-09-05,checkout,Purchase,96.8
461,462,59,6,2025-04-14,productpage,View,218.66666666666666
462,463,32,17,2023-02-03,productpage,View,128.2
463,464,32,1,2023-10-10,productpage,View,147.75
464,465,27,1,2025-08-26,productpage,View,228.0
465,466,35,20,2025-07-29,productpage,View,162.0
466,467,32,3,2025-10-14,productpage,View,130.5
467,468,3,19,2025-06-25,homepage,View,185.4
468,469,18,16,2025-11-27,productpage,View,97.0
469,470,76,16,2024-01-23,homepage,Click,106.0
470,471,14,16,2024-02-01,productpage,Click,114.5
471,472,28,14,2025-03-09,productpage,Click,57.0
472,473,76,2,2025-03-21,productpage,Click,137.33333333333334
473,474,59,3,2023-03-24,productpage,Click,106.8
474,475,91,6,2025-02-13,homepage,Click,114.33333333333333
475,476,80,4,2024-08-22,homepage,Click,113.0
476,477,94,11,2025-04-10,productpage,Click,140.8
477,478,80,7,2025-08-27,productpage,Click,226.0
478,479,63,17,2023-01-17,productpage,Click,159.0
479,480,30,12,2025-10-23,homepage,Click,117.8
480,481,43,7,2025-06-17,productpage,Click,193.66666666666666
481,482,72,4,2025-12-14,productpage,Click,92.4
482,483,86,17,2024-10-02,homepage,View,221.66666666666666
483,484,98,7,2023-08-30,homepage,Click,199.66666666666666
484,485,100,4,2023-03-05,productpage,Click,170.0
485,486,91,16,2023-06-17,homepage,View,92.5
486,487,35,19,2023-05-07,checkout,Drop-off,257.6666666666667
487,488,72,16,2023-08-21,checkout,Drop-off,46.0
488,489,57,16,2024-03-23,homepage,View,168.25
489,490,53,13,2025-03-28,productpage,View,70.5
490,491,77,19,2023-05-14,checkout,Drop-off,211.0
491,492,69,20,2025-05-16,productpage,View,84.33333333333333
492,493,32,7,2024-04-23,checkout,Drop-off,168.71428571428572
493,494,29,6,2024-10-27,checkout,Drop-off,207.66666666666666
494,495,43,2,2023-02-04,checkout,Drop-off,232.2
495,496,76,20,2024-12-08,homepage,Click,87.0
496,497,55,15,2024-05-18,homepage,View,87.75
497,498,33,20,2024-09-21,checkout,Drop-off,106.0
498,499,95,18,2024-01-24,productpage,View,175.5
499,500,29,8,2025-07-31,homepage,Click,233.75
500,501,57,17,2023-10-19,homepage,View,72.5
501,502,10,3,2023-08-19,productpage,View,144.625
502,503,35,9,2023-02-18,homepage,Click,187.57142857142858
503,504,4,13,2025-02-08,homepage,Click,178.66666666666666
504,505,15,11,2023-02-16,homepage,Click,170.66666666666666
505,506,100,17,2023-08-20,homepage,View,145.5
506,507,90,17,2025-01-02,productpage,View,178.33333333333334
507,508,48,15,2024-09-13,productpage,View,107.5
508,509,42,16,2025-11-27,productpage,View,97.0
509,510,14,14,2023-12-21,checkout,Drop-off,
510,511,65,3,2025-05-23,productpage,View,174.25
511,512,67,11,2025-11-04,homepage,Click,161.125
512,513,91,17,2024-04-18,productpage,Click,114.0
513,514,24,3,2024-06-18,productpage,Click,140.0
514,515,49,3,2025-05-23,homepage,View,174.25
515,516,14,15,2023-09-26,checkout,Drop-off,138.25
516,517,55,10,2025-01-07,homepage,View,108.0
517,518,89,12,2023-07-09,homepage,View,179.25
518,519,99,1,2024-03-14,productpage,View,186.0
519,520,42,16,2025-07-13,checkout,Drop-off,12.0
520,521,12,13,2024-03-25,checkout,Drop-off,108.0
521,522,78,19,2023-06-15,homepage,View,127.42857142857143
522,523,85,2,2025-10-08,homepage,Click,161.0
523,524,34,13,2023-04-12,homepage,View,135.33333333333334
524,525,34,10,2023-07-24,productpage,View,176.25
525,526,87,9,2025-05-17,checkout,Drop-off,173.5
526,527,66,14,2025-06-20,productpage,View,93.5
527,528,38,6,2024-11-19,productpage,View,153.75
528,529,83,14,2025-09-20,productpage,View,228.33333333333334
529,530,76,8,2023-03-06,homepage,View,159.0
530,531,20,3,2025-05-22,homepage,Click,167.0
531,532,98,12,2023-06-11,productpage,Click,244.5
532,533,33,11,2023-01-29,checkout,Purchase,110.33333333333333
533,534,59,7,2025-01-16,homepage,Click,177.0
534,535,4,7,2025-03-31,homepage,View,114.0
535,536,55,17,2025-06-30,productpage,View,190.33333333333334
536,537,52,6,2025-04-01,productpage,View,163.5
537,538,25,9,2024-04-11,homepage,View,172.25
538,539,18,1,2023-02-27,productpage,View,114.4
539,540,28,6,2024-05-27,homepage,Click,60.75
540,541,70,1,2023-11-12,checkout,Purchase,208.66666666666666
541,542,43,2,2023-05-02,homepage,View,103.5
542,543,7,7,2024-06-26,checkout,Drop-off,199.6
543,544,58,3,2024-04-20,productpage,View,200.0
544,545,81,19,2024-02-24,homepage,View,163.0
545,546,77,2,2025-03-21,homepage,View,137.33333333333334
546,547,15,7,2023-05-24,productpage,View,141.33333333333334
547,548,84,17,2023-04-09,homepage,View,161.5
548,549,50,4,2023-08-18,homepage,View,180.5
549,550,77,14,2025-06-14,checkout,Drop-off,124.5
550,551,94,11,2023-06-22,homepage,Click,127.5
551,552,93,7,2023-10-27,homepage,Click,207.0
552,553,39,16,2024-05-18,homepage,Click,87.75
553,554,95,7,2023-03-17,homepage,View,120.28571428571429
554,555,53,5,2023-09-14,homepage,View,163.0
555,556,97,12,2024-08-15,productpage,View,179.33333333333334
556,557,8,12,2025-07-16,checkout,Drop-off,215.125
557,558,42,17,2024-03-31,checkout,Drop-off,153.25
558,559,88,7,2025-12-11,checkout,Drop-off,224.25
559,560,53,8,2024-12-05,productpage,View,90.85714285714286
560,561,1,20,2025-07-04,homepage,Click,175.83333333333334
561,562,17,20,2024-02-04,homepage,Click,157.33333333333334
562,563,65,20,2023-08-18,productpage,Click,180.5
563,564,19,16,2025-06-02,productpage,Click,179.8
564,565,26,2,2023-11-16,homepage,Click,157.0
565,566,25,12,2025-09-27,checkout,Purchase,148.33333333333334
566,567,97,10,2025-09-02,homepage,View,165.66666666666666
567,568,95,3,2023-07-25,homepage,View,104.0
568,569,4,9,2025-05-09,productpage,View,125.75
569,570,29,5,2025-11-25,productpage,View,135.5
570,571,10,15,2025-01-05,homepage,View,72.75
571,572,36,20,2024-03-07,homepage,View,147.66666666666666
572,573,50,13,2024-05-19,checkout,Drop-off,75.0
573,574,69,6,2023-10-05,homepage,View,109.75
574,575,98,20,2023-01-30,homepage,Click,131.6
575,576,97,17,2025-08-13,productpage,Click,130.0
576,577,1,1,2025-12-17,homepage,Click,115.0
577,578,84,18,2025-04-17,checkout,Purchase,99.66666666666667
578,579,76,6,2024-02-18,homepage,View,144.83333333333334
579,580,90,16,2025-01-04,homepage,Click,237.0
580,581,99,9,2023-02-11,productpage,Click,104.6
581,582,59,2,2024-06-06,productpage,Click,130.75
582,583,73,15,2023-10-24,homepage,View,121.0
583,584,75,7,2023-03-19,homepage,View,190.66666666666666
584,585,2,9,2023-01-12,homepage,View,149.71428571428572
585,586,68,5,2024-08-06,homepage,View,214.0
586,587,73,20,2025-01-19,homepage,Click,176.71428571428572
587,588,49,4,2025-09-28,checkout,Purchase,232.33333333333334
588,589,93,11,2024-11-11,homepage,View,174.5
589,590,34,10,2024-05-25,homepage,View,107.66666666666667
590,591,52,6,2023-06-29,homepage,Click,169.16666666666666
591,592,53,14,2023-03-20,productpage,Click,208.25
592,593,68,11,2024-01-20,checkout,Purchase,217.25
593,594,55,1,2025-05-27,homepage,Click,160.33333333333334
594,595,100,8,2025-04-17,homepage,Click,99.66666666666667
595,596,54,20,2024-03-16,productpage,Click,143.0
596,597,69,16,2025-03-24,productpage,Click,148.25
597,598,68,1,2025-09-26,homepage,View,124.33333333333333
598,599,80,16,2025-11-12,homepage,View,184.4
599,600,21,11,2023-03-16,homepage,View,169.25
600,601,67,1,2024-01-01,productpage,View,139.66666666666666
601,602,13,13,2024-11-05,homepage,View,97.0
602,603,59,7,2025-05-14,homepage,View,179.0
603,604,45,16,2025-07-30,productpage,View,200.5
604,605,91,4,2025-07-27,productpage,View,162.33333333333334
605,606,74,3,2023-04-26,productpage,View,175.75
606,607,38,18,2023-12-10,checkout,Drop-off,165.0
607,608,74,3,2024-12-10,productpage,View,135.6
608,609,36,14,2023-12-23,productpage,View,137.0
609,610,13,6,2023-02-24,checkout,Drop-off,209.0
610,611,11,13,2025-08-30,productpage,View,200.75
611,612,75,4,2025-05-26,productpage,View,151.75
612,613,10,7,2023-10-17,homepage,View,183.25
613,614,52,3,2025-10-10,homepage,Click,206.0
614,615,44,11,2025-11-28,homepage,Click,190.5
615,616,64,16,2023-03-07,checkout,Purchase,206.33333333333334
616,617,69,8,2024-08-21,productpage,View,121.0
617,618,34,20,2024-10-07,homepage,View,195.4
618,619,23,10,2023-03-21,productpage,View,217.2
619,620,99,1,2024-07-05,productpage,View,188.0
620,621,66,8,2023-08-11,homepage,View,181.33333333333334
621,622,72,8,2023-07-19,homepage,View,149.5
622,623,58,20,2024-01-23,productpage,View,106.0
623,624,46,17,2024-02-17,homepage,View,110.66666666666667
624,625,57,1,2023-06-15,productpage,View,127.42857142857143
625,626,75,10,2023-09-16,checkout,Drop-off,180.66666666666666
626,627,94,7,2024-09-09,productpage,View,120.33333333333333
627,628,38,3,2024-02-08,checkout,Drop-off,74.0
628,629,96,2,2025-10-09,productpage,View,168.25
629,630,63,7,2025-03-14,homepage,Click,62.0
630,631,30,4,2025-09-28,homepage,View,232.33333333333334
631,632,53,3,2024-07-11,homepage,View,186.33333333333334
632,633,30,3,2023-02-26,checkout,Drop-off,184.0
633,634,84,5,2025-12-20,homepage,Click,199.8
634,635,87,1,2025-04-16,checkout,Purchase,157.66666666666666
635,636,18,12,2023-07-19,checkout,Drop-off,149.5
636,637,12,20,2024-08-26,homepage,View,71.5
637,638,46,11,2023-01-27,homepage,Click,130.5
638,639,31,7,2024-06-21,productpage,Click,196.25
639,640,61,15,2024-11-12,productpage,Click,139.5
640,641,88,3,2023-12-15,homepage,Click,153.75
641,642,16,15,2025-11-16,productpage,Click,214.25
642,643,59,16,2023-02-15,productpage,Click,96.0
643,644,67,10,2024-05-05,homepage,Click,168.4
644,645,76,2,2023-06-19,checkout,Purchase,100.0
645,646,68,20,2025-11-04,homepage,View,161.125
646,647,15,2,2024-09-22,homepage,View,173.66666666666666
647,648,93,20,2025-01-13,homepage,View,183.33333333333334
648,649,63,16,2025-12-12,homepage,View,127.5
649,650,10,8,2025-06-17,homepage,View,193.66666666666666
650,651,97,13,2024-06-07,productpage,View,46.0
651,652,95,9,2023-03-31,homepage,Click,166.66666666666666
652,653,18,16,2024-04-19,productpage,Click,148.0
653,654,56,17,2024-03-12,productpage,Click,273.0
654,655,74,5,2024-02-11,productpage,Click,129.66666666666666
655,656,84,2,2025-10-31,productpage,Drop-off,80.0
656,657,55,13,2023-04-08,productpage,View,189.5
657,658,92,9,2023-07-01,productpage,View,97.0
658,659,70,17,2025-05-20,checkout,Drop-off,13.0
659,660,38,4,2024-01-29,homepage,View,131.2
660,661,68,12,2025-04-26,productpage,View,71.66666666666667
661,662,73,6,2023-04-26,productpage,View,175.75
662,663,72,6,2025-06-16,checkout,Drop-off,
663,664,41,18,2025-01-30,productpage,View,76.0
664,665,64,19,2025-03-24,homepage,View,148.25
665,666,67,13,2025-03-24,homepage,View,148.25
666,667,55,1,2023-01-28,productpage,View,161.0
667,668,92,3,2023-04-19,checkout,Drop-off,108.2
668,669,52,5,2023-03-01,homepage,View,172.75
669,670,15,18,2024-02-28,productpage,View,136.25
670,671,13,8,2023-12-12,homepage,View,182.2
671,672,23,11,2024-06-15,homepage,Click,124.0
672,673,80,1,2023-04-02,homepage,View,115.0
673,674,90,12,2024-06-03,homepage,Click,155.0
674,675,35,4,2024-01-03,homepage,View,194.5
675,676,67,8,2023-01-15,productpage,View,186.8
676,677,83,8,2025-12-23,homepage,Click,268.5
677,678,48,19,2025-08-30,homepage,Click,200.75
678,679,97,14,2023-08-19,checkout,Purchase,144.625
679,680,86,13,2023-10-03,checkout,Drop-off,225.5
680,681,81,16,2023-01-15,homepage,Click,186.8
681,682,5,4,2023-04-20,productpage,Click,93.2
682,683,35,19,2024-04-28,homepage,View,158.0
683,684,61,2,2023-05-27,checkout,Drop-off,94.5
684,685,1,12,2023-07-11,homepage,View,127.6
685,686,68,4,2024-07-29,homepage,View,86.0
686,687,90,6,2023-09-24,homepage,View,55.5
687,688,18,7,2025-05-06,homepage,View,183.25
688,689,23,5,2024-01-09,checkout,Drop-off,53.0
689,690,47,20,2023-01-29,checkout,Drop-off,110.33333333333333
690,691,42,1,2025-04-29,productpage,View,146.0
691,692,20,8,2023-04-19,productpage,View,108.2
692,693,98,16,2025-04-27,productpage,View,141.33333333333334
693,694,83,10,2025-10-03,productpage,View,96.2
694,695,37,3,2025-08-31,homepage,View,183.33333333333334
695,696,61,16,2023-04-19,productpage,View,108.2
696,697,44,15,2024-09-09,checkout,Drop-off,120.33333333333333
697,698,75,5,2025-01-19,productpage,View,176.71428571428572
698,699,39,15,2024-01-31,homepage,View,165.33333333333334
699,700,77,20,2023-09-21,checkout,Drop-off,110.0
700,701,60,1,2024-12-05,productpage,View,90.85714285714286
701,702,13,2,2023-01-28,productpage,View,161.0
702,703,60,16,2023-08-30,homepage,View,199.66666666666666
703,704,14,13,2023-08-24,checkout,Drop-off,191.25
704,705,26,2,2025-01-01,productpage,View,168.5
705,706,96,1,2025-05-18,homepage,View,110.0
706,707,69,4,2024-02-29,homepage,Click,187.4
707,708,63,16,2023-11-24,homepage,Click,198.5
708,709,6,13,2024-04-28,homepage,Click,158.0
709,710,82,19,2024-07-28,homepage,View,182.0
710,711,87,6,2023-07-11,productpage,View,127.6
711,712,56,17,2025-09-06,homepage,Click,73.55555555555556
712,713,45,15,2025-10-06,homepage,View,191.85714285714286
713,714,86,18,2024-04-23,productpage,View,168.71428571428572
714,715,87,4,2025-07-03,homepage,View,128.0
715,716,93,6,2023-06-29,productpage,View,169.16666666666666
716,717,33,11,2023-06-20,checkout,Drop-off,75.5
717,718,60,13,2023-09-22,homepage,Click,175.5
718,719,91,18,2024-02-18,homepage,View,144.83333333333334
719,720,16,11,2023-09-03,homepage,View,207.0
720,721,68,9,2024-02-14,productpage,View,141.0
721,722,48,6,2024-08-04,productpage,View,128.5
722,723,80,7,2024-05-09,homepage,View,173.0
723,724,26,19,2024-08-25,homepage,Click,206.5
724,725,58,16,2025-04-28,productpage,Click,131.0
725,726,32,2,2024-12-03,homepage,Click,112.5
726,727,48,19,2023-02-15,homepage,View,96.0
727,728,29,19,2024-09-12,homepage,View,196.5
728,729,59,13,2023-01-21,productpage,View,148.33333333333334
729,730,23,13,2023-06-10,checkout,Drop-off,
730,731,30,9,2023-06-18,productpage,View,83.25
731,732,68,16,2023-03-12,productpage,View,116.5
732,733,83,16,2023-09-28,productpage,View,183.25
733,734,73,12,2023-01-28,homepage,View,161.0
734,735,73,17,2024-08-17,homepage,View,218.75
735,736,24,3,2024-12-25,productpage,View,208.0
736,737,46,14,2024-09-05,checkout,Drop-off,96.8
737,738,73,3,2025-11-16,productpage,View,214.25
738,739,32,7,2023-05-28,checkout,Drop-off,120.0
739,740,66,6,2025-05-03,homepage,Click,124.8
740,741,49,1,2025-11-04,productpage,Click,161.125
741,742,8,9,2023-06-04,homepage,View,150.625
742,743,20,17,2025-04-07,productpage,View,231.66666666666666
743,744,78,1,2024-06-27,checkout,Drop-off,49.0
744,745,44,1,2023-06-15,homepage,Click,127.42857142857143
745,746,32,20,2024-08-25,homepage,View,206.5
746,747,61,10,2025-12-28,homepage,View,184.0
747,748,10,16,2023-11-16,homepage,View,157.0
748,749,86,17,2023-06-18,checkout,Drop-off,83.25
749,750,26,8,2025-02-19,checkout,Drop-off,194.2
750,751,39,3,2024-05-20,checkout,Drop-off,163.5
751,752,71,20,2024-06-29,homepage,View,221.33333333333334
752,753,62,5,2025-09-05,homepage,View,91.0
753,754,23,2,2025-08-17,homepage,View,215.66666666666666
754,755,87,4,2023-07-15,productpage,View,93.0
755,756,13,3,2024-08-20,checkout,Drop-off,213.0
756,757,65,4,2025-07-04,homepage,View,175.83333333333334
757,758,39,19,2024-06-07,checkout,Drop-off,46.0
758,759,25,19,2024-10-31,productpage,View,171.5
759,760,14,3,2024-04-22,productpage,View,126.0
760,761,68,11,2025-08-06,checkout,Drop-off,159.5
761,762,1,19,2024-06-07,checkout,Drop-off,46.0
762,763,84,7,2023-05-10,productpage,View,115.0
763,764,28,6,2023-07-28,homepage,View,199.66666666666666
764,765,70,3,2024-05-28,productpage,View,136.44444444444446
765,766,15,7,2025-07-04,checkout,Drop-off,175.83333333333334
766,767,32,20,2024-06-13,homepage,View,121.66666666666667
767,768,70,19,2025-12-20,checkout,Drop-off,199.8
768,769,60,5,2025-03-21,homepage,View,137.33333333333334
769,770,62,1,2025-02-02,homepage,Click,218.66666666666666
770,771,67,10,2024-12-11,productpage,Drop-off,154.66666666666666
771,772,45,12,2024-05-22,productpage,View,234.0
772,773,28,10,2025-02-10,productpage,View,148.25
773,774,76,3,2024-09-23,checkout,Drop-off,
774,775,75,4,2023-07-10,productpage,View,224.66666666666666
775,776,83,16,2025-07-21,checkout,Drop-off,124.75
776,777,81,17,2024-06-08,homepage,View,140.5
777,778,25,10,2025-02-19,productpage,View,194.2
778,779,18,1,2024-02-29,homepage,Click,187.4
779,780,67,4,2024-01-03,productpage,Click,194.5
780,781,99,2,2024-07-14,homepage,Click,196.0
781,782,94,7,2024-07-10,homepage,View,151.0
782,783,76,6,2025-02-08,homepage,View,178.66666666666666
783,784,96,16,2024-09-20,homepage,View,117.8
784,785,21,14,2024-03-31,checkout,Drop-off,153.25
785,786,38,8,2024-01-04,checkout,Drop-off,147.5
786,787,13,2,2024-03-23,productpage,View,168.25
787,788,96,13,2025-11-01,checkout,Drop-off,144.25
788,789,12,7,2023-10-22,homepage,Click,172.8
789,790,81,9,2023-12-03,homepage,Click,167.33333333333334
790,791,69,5,2025-06-14,homepage,View,124.5
791,792,72,4,2024-12-29,homepage,View,220.375
792,793,22,13,2025-09-24,homepage,View,177.2
793,794,57,7,2025-09-14,checkout,Drop-off,135.5
794,795,64,1,2023-01-13,homepage,View,187.66666666666666
795,796,34,14,2024-06-06,productpage,View,130.75
796,797,85,10,2023-10-31,checkout,Drop-off,120.75
797,798,38,18,2023-11-30,checkout,Drop-off,
798,799,95,8,2024-05-26,homepage,View,136.8
799,800,97,1,2023-04-05,checkout,Drop-off,127.0
800,801,42,17,2025-03-02,productpage,View,175.5
801,802,61,8,2025-05-06,homepage,View,183.25
802,803,79,9,2025-10-07,productpage,View,257.3333333333333
803,804,69,1,2024-10-02,productpage,View,221.66666666666666
804,805,99,7,2024-12-21,homepage,View,138.5
805,806,39,15,2025-11-05,productpage,View,119.0
806,807,8,16,2024-06-07,homepage,Click,46.0
807,808,24,16,2025-04-30,productpage,Click,143.83333333333334
808,809,27,17,2025-05-06,checkout,Purchase,183.25
809,810,37,18,2023-12-26,productpage,View,145.0
810,811,30,6,2024-08-18,homepage,View,150.0
811,812,49,9,2023-11-26,homepage,View,102.5
812,813,23,1,2023-04-06,checkout,Drop-off,122.33333333333333
813,814,53,10,2025-07-11,homepage,Click,139.0
814,815,100,10,2023-07-18,checkout,Purchase,172.16666666666666
815,816,1,20,2023-12-17,homepage,Click,128.0
816,817,98,2,2024-12-23,checkout,Purchase,157.33333333333334
817,818,80,3,2023-04-24,homepage,View,216.0
818,819,24,9,2025-01-25,homepage,Click,144.0
819,820,19,1,2024-03-24,homepage,Click,158.0
820,821,96,12,2024-07-28,checkout,Purchase,182.0
821,822,84,12,2025-05-19,homepage,Click,181.66666666666666
822,823,95,10,2024-01-18,checkout,Purchase,151.66666666666666
823,824,73,4,2025-04-03,productpage,View,175.0
824,825,22,4,2025-10-31,productpage,View,80.0
825,826,18,4,2024-10-23,productpage,View,48.75
826,827,78,20,2024-10-23,productpage,View,48.75
827,828,84,3,2025-04-09,checkout,Drop-off,166.66666666666666
828,829,8,8,2023-03-21,homepage,Click,217.2
829,830,61,19,2024-04-27,homepage,Click,101.0
830,831,42,3,2025-02-17,homepage,View,224.0
831,832,2,15,2023-11-26,productpage,View,102.5
832,833,10,13,2024-09-07,homepage,View,107.6
833,834,79,15,2024-10-19,productpage,View,12.0
834,835,87,1,2024-09-30,productpage,View,141.66666666666666
835,836,54,8,2025-02-22,productpage,View,132.28571428571428
836,837,64,10,2025-10-02,homepage,Click,233.0
837,838,82,13,2023-01-05,productpage,Click,177.25
838,839,40,4,2023-08-13,homepage,View,85.0
839,840,70,17,2025-04-10,productpage,View,140.8
840,841,27,6,2025-10-18,productpage,View,128.5
841,842,34,9,2025-01-30,homepage,View,76.0
842,843,12,10,2023-08-08,productpage,View,151.33333333333334
843,844,82,16,2023-08-09,productpage,View,226.42857142857142
844,845,68,20,2025-08-05,homepage,Click,200.25
845,846,43,10,2024-03-21,homepage,View,130.8
846,847,47,10,2025-08-20,checkout,Drop-off,109.33333333333333
847,848,83,16,2024-01-03,checkout,Drop-off,194.5
848,849,21,15,2025-09-27,homepage,View,148.33333333333334
849,850,5,15,2023-08-04,productpage,View,102.33333333333333
850,851,88,10,2023-08-10,homepage,View,174.0
851,852,12,9,2024-10-14,checkout,Drop-off,146.0
852,853,69,12,2024-11-02,productpage,View,164.75
853,854,59,8,2023-08-12,productpage,View,130.75
854,855,96,1,2025-02-20,homepage,View,177.4
855,856,77,5,2024-12-09,homepage,View,57.0
856,857,51,13,2023-07-18,checkout,Drop-off,172.16666666666666
857,858,25,7,2023-06-12,checkout,Drop-off,150.4
858,859,27,4,2023-07-11,homepage,Click,127.6
859,860,37,8,2025-04-29,checkout,Drop-off,146.0
860,861,86,4,2024-12-18,homepage,View,261.3333333333333
861,862,46,9,2024-07-05,homepage,View,188.0
862,863,43,6,2023-08-13,productpage,View,85.0
863,864,89,19,2023-06-28,checkout,Drop-off,57.142857142857146
864,865,78,1,2023-06-19,productpage,View,100.0
865,866,17,19,2024-01-01,homepage,View,139.66666666666666
866,867,10,4,2024-01-11,homepage,View,143.25
867,868,29,4,2025-11-25,homepage,Click,135.5
868,869,81,6,2023-11-13,productpage,Click,149.0
869,870,16,16,2025-08-21,productpage,Click,143.0
870,871,60,19,2024-07-21,productpage,Click,159.5
871,872,85,19,2024-11-05,productpage,Click,97.0
872,873,52,15,2023-04-04,productpage,Click,127.6
873,874,20,4,2024-12-17,checkout,Purchase,161.0
874,875,90,17,2023-01-25,checkout,Drop-off,160.0
875,876,32,17,2025-02-04,homepage,View,174.0
876,877,2,14,2025-11-14,checkout,Drop-off,26.0
877,878,68,7,2023-06-14,productpage,View,121.75
878,879,64,15,2023-03-20,checkout,Drop-off,208.25
879,880,85,2,2023-05-18,homepage,Click,133.0
880,881,97,9,2024-03-16,checkout,Purchase,143.0
881,882,54,16,2023-11-28,productpage,View,121.66666666666667
882,883,34,20,2023-04-01,productpage,View,209.25
883,884,49,19,2025-01-30,checkout,Drop-off,76.0
884,885,76,4,2025-08-04,checkout,Drop-off,203.0
885,886,48,9,2023-02-26,homepage,View,184.0
886,887,62,7,2023-01-23,checkout,Drop-off,232.5
887,888,20,8,2025-09-04,productpage,View,140.75
888,889,87,5,2024-09-13,homepage,View,107.5
889,890,92,10,2023-09-13,homepage,Click,193.33333333333334
890,891,58,17,2025-02-26,homepage,View,129.2
891,892,32,11,2024-06-17,homepage,View,207.25
892,893,53,12,2025-03-26,productpage,View,167.75
893,894,63,2,2024-08-20,homepage,Click,213.0
894,895,27,13,2025-10-05,homepage,View,181.0
895,896,8,16,2023-06-26,productpage,View,197.5
896,897,19,1,2024-05-07,homepage,View,168.5
897,898,94,15,2025-10-14,homepage,Click,130.5
898,899,44,9,2024-10-05,checkout,Purchase,123.5
899,900,68,9,2023-05-01,homepage,View,130.75
900,901,95,20,2023-05-11,checkout,Drop-off,259.5
901,902,57,8,2023-09-08,homepage,View,118.0
902,903,38,13,2024-07-03,homepage,View,265.5
903,904,50,8,2023-06-13,homepage,Click,165.33333333333334
904,905,92,6,2024-10-04,homepage,View,192.83333333333334
905,906,55,1,2024-05-04,homepage,View,72.5
906,907,28,17,2025-11-30,productpage,View,165.5
907,908,45,7,2023-07-12,productpage,View,76.33333333333333
908,909,55,12,2023-11-20,checkout,Drop-off,103.85714285714286
909,910,85,11,2023-09-26,productpage,View,138.25
910,911,57,20,2023-01-23,homepage,View,232.5
911,912,51,15,2025-03-08,homepage,Click,151.33333333333334
912,913,60,12,2025-04-16,homepage,View,157.66666666666666
913,914,53,16,2024-12-30,checkout,Drop-off,112.66666666666667
914,915,69,18,2025-07-16,productpage,View,215.125
915,916,49,18,2024-10-29,homepage,Click,217.0
916,917,4,19,2023-10-08,productpage,Click,51.333333333333336
917,918,92,9,2024-01-19,checkout,Drop-off,131.33333333333334
918,919,24,3,2024-07-10,productpage,View,151.0
919,920,20,11,2025-12-04,checkout,Drop-off,236.5
920,921,57,10,2025-01-28,homepage,View,196.5
921,922,4,4,2024-08-02,productpage,View,231.5
922,923,68,9,2023-06-03,homepage,Click,217.0
923,924,35,20,2023-04-27,homepage,Click,157.0
924,925,36,7,2024-07-10,homepage,View,151.0
925,926,20,1,2024-01-27,homepage,Click,121.33333333333333
926,927,87,6,2025-07-12,homepage,Click,192.25
927,928,73,4,2025-01-19,productpage,Click,176.71428571428572
928,929,79,19,2023-03-01,homepage,View,172.75
929,930,36,7,2023-09-06,productpage,View,153.0
930,931,88,2,2023-11-14,homepage,View,199.66666666666666
931,932,72,7,2025-05-03,homepage,Click,124.8
932,933,67,1,2024-12-02,productpage,Click,165.4
933,934,47,20,2023-08-02,productpage,Click,116.5
934,935,48,3,2025-07-02,productpage,Click,116.5
935,936,43,11,2023-07-27,productpage,Click,96.5
936,937,87,4,2025-08-24,homepage,Click,106.5
937,938,88,18,2024-09-24,productpage,Click,137.66666666666666
938,939,28,14,2024-02-04,productpage,Click,157.33333333333334
939,940,84,18,2023-01-21,homepage,View,148.33333333333334
940,941,83,5,2023-04-16,homepage,View,174.0
941,942,59,14,2023-02-26,checkout,Drop-off,184.0
942,943,81,4,2024-03-19,checkout,Drop-off,56.0
943,944,79,11,2023-05-30,productpage,View,144.33333333333334
944,945,79,5,2024-12-07,productpage,View,234.66666666666666
945,946,55,7,2024-04-20,homepage,Click,200.0
946,947,98,3,2024-01-15,productpage,Click,104.5
947,948,30,7,2025-03-24,productpage,Click,148.25
948,949,54,19,2025-01-07,homepage,Click,108.0
949,950,35,14,2023-04-07,checkout,Purchase,180.5
950,951,36,13,2024-05-17,checkout,Drop-off,
951,952,6,11,2024-02-05,checkout,Drop-off,94.0
952,953,59,9,2024-09-28,homepage,View,118.25
953,954,79,17,2024-05-15,homepage,Click,150.5
954,955,33,19,2025-05-08,checkout,Purchase,107.33333333333333
955,956,90,12,2025-01-13,productpage,View,183.33333333333334
956,957,98,15,2023-08-07,productpage,View,188.33333333333334
957,958,44,6,2023-04-26,homepage,Click,175.75
958,959,21,4,2023-07-12,homepage,View,76.33333333333333
959,960,60,1,2025-02-09,checkout,Drop-off,255.0
960,961,69,8,2024-11-19,productpage,View,153.75
961,962,34,18,2024-06-09,homepage,Click,215.2
962,963,50,11,2024-08-23,checkout,Purchase,144.625
963,964,20,2,2024-12-10,productpage,View,135.6
964,965,13,14,2023-12-07,checkout,Drop-off,230.5
965,966,62,6,2025-01-04,checkout,Drop-off,237.0
966,967,60,9,2023-06-07,checkout,Drop-off,201.75
967,968,45,9,2024-06-20,homepage,Click,123.88888888888889
968,969,48,11,2024-02-28,checkout,Purchase,136.25
969,970,22,19,2023-08-19,homepage,View,144.625
970,971,100,14,2024-09-20,productpage,View,117.8
971,972,100,9,2023-02-28,checkout,Drop-off,173.0
972,973,91,7,2024-08-04,homepage,View,128.5
973,974,61,5,2025-06-21,homepage,Click,143.14285714285714
974,975,25,18,2025-08-18,homepage,Click,63.666666666666664
975,976,76,5,2023-07-05,homepage,View,149.0
976,977,58,4,2023-01-22,productpage,View,179.83333333333334
977,978,59,13,2025-09-07,checkout,Drop-off,201.0
978,979,30,8,2023-04-20,homepage,Click,93.2
979,980,95,7,2023-02-11,checkout,Purchase,104.6
980,981,63,14,2023-10-01,homepage,View,199.5
981,982,33,20,2023-05-30,homepage,Click,144.33333333333334
982,983,76,7,2024-08-21,productpage,Click,121.0
983,984,57,14,2024-01-01,homepage,Click,139.66666666666666
984,985,20,3,2025-01-13,productpage,Click,183.33333333333334
985,986,65,12,2024-04-13,productpage,Click,104.0
986,987,19,10,2024-08-03,homepage,View,177.25
987,988,39,5,2025-03-18,homepage,Click,187.4
988,989,77,19,2025-10-26,productpage,Click,157.0
989,990,82,8,2024-03-03,homepage,View,180.33333333333334
990,991,11,4,2023-10-22,productpage,View,172.8
991,992,84,15,2024-01-27,productpage,View,121.33333333333333
992,993,44,16,2023-06-19,homepage,Click,100.0
993,994,93,3,2024-03-09,homepage,View,232.8
994,995,8,17,2025-09-29,productpage,View,176.16666666666666
995,996,54,4,2023-12-18,homepage,Click,181.33333333333334
996,997,88,1,2024-02-20,productpage,Click,84.66666666666667
997,998,38,19,2023-11-11,homepage,View,117.8
998,999,41,17,2024-11-23,productpage,View,264.5
999,1000,69,8,2023-11-22,homepage,Click,179.0
1000,1001,78,2,2023-08-19,productpage,Click,144.625
1001,1002,91,3,2024-02-02,homepage,Click,151.25
1002,1003,86,13,2024-03-28,homepage,Click,172.0
1003,1004,7,15,2024-05-10,homepage,View,96.0
1004,1005,61,11,2023-04-04,checkout,Drop-off,127.6
1005,1006,70,6,2024-08-05,productpage,View,156.33333333333334
1006,1007,36,4,2025-08-18,homepage,View,63.666666666666664
1007,1008,4,11,2024-02-01,homepage,Click,114.5
1008,1009,12,19,2025-03-29,checkout,Drop-off,124.5
1009,1010,94,3,2025-05-07,checkout,Drop-off,183.25
1010,1011,98,17,2023-07-03,productpage,View,143.85714285714286
1011,1012,39,6,2024-04-01,productpage,View,78.0
1012,1013,21,20,2023-04-15,productpage,View,156.6
1013,1014,95,20,2024-02-28,homepage,Click,136.25
1014,1015,8,11,2024-01-14,checkout,Purchase,187.5
1015,1016,47,20,2025-01-19,homepage,View,176.71428571428572
1016,1017,89,5,2025-05-07,productpage,View,183.25
1017,1018,32,15,2025-09-25,checkout,Drop-off,174.5
1018,1019,22,14,2025-07-20,homepage,View,123.0
1019,1020,78,13,2023-09-30,productpage,View,132.0
1020,1021,90,19,2023-11-01,checkout,Drop-off,152.5
1021,1022,52,12,2025-11-08,homepage,View,94.0
1022,1023,61,4,2024-01-27,productpage,View,121.33333333333333
1023,1024,77,8,2024-03-29,homepage,View,107.5
1024,1025,53,13,2025-12-03,checkout,Drop-off,227.0
1025,1026,70,16,2023-02-14,productpage,View,168.5
1026,1027,44,9,2023-06-12,homepage,View,150.4
1027,1028,38,13,2023-10-28,homepage,View,138.0
1028,1029,32,2,2023-08-04,productpage,View,102.33333333333333
1029,1030,60,20,2024-04-20,productpage,View,200.0
1030,1031,87,13,2023-04-18,checkout,Drop-off,126.0
1031,1032,82,14,2024-05-28,homepage,Click,136.44444444444446
1032,1033,75,11,2024-08-14,productpage,Click,226.33333333333334
1033,1034,53,3,2024-10-28,productpage,Click,169.0
1034,1035,82,6,2024-08-19,homepage,Click,199.33333333333334
1035,1036,22,7,2023-04-11,productpage,Click,106.4
1036,1037,35,10,2024-08-02,checkout,Purchase,231.5
1037,1038,71,2,2025-11-05,productpage,View,119.0
1038,1039,68,10,2024-09-09,checkout,Drop-off,120.33333333333333
1039,1040,83,9,2023-05-15,checkout,Drop-off,170.8
1040,1041,38,9,2024-09-16,productpage,View,154.0
1041,1042,36,12,2025-10-27,homepage,Click,226.33333333333334
1042,1043,31,2,2025-09-11,checkout,Purchase,158.66666666666666
1043,1044,37,10,2024-01-17,productpage,View,251.0
1044,1045,95,12,2024-07-14,checkout,Drop-off,196.0
1045,1046,64,5,2024-03-09,productpage,View,232.8
1046,1047,92,18,2023-02-21,productpage,View,182.75
1047,1048,71,16,2023-06-09,checkout,Drop-off,219.0
1048,1049,50,17,2025-02-02,homepage,View,218.66666666666666
1049,1050,67,12,2023-06-22,productpage,View,127.5
1050,1051,97,15,2025-12-01,homepage,View,268.0
1051,1052,58,13,2024-06-16,productpage,View,177.25
1052,1053,29,12,2025-02-02,homepage,View,218.66666666666666
1053,1054,30,10,2023-11-18,productpage,View,109.0
1054,1055,8,4,2024-12-29,productpage,View,220.375
1055,1056,12,15,2025-03-31,productpage,View,114.0
1056,1057,96,13,2023-01-12,homepage,Click,149.71428571428572
1057,1058,19,13,2023-03-15,homepage,Click,211.33333333333334
1058,1059,30,12,2023-01-19,productpage,Click,161.66666666666666
1059,1060,8,13,2023-03-29,homepage,Click,176.33333333333334
1060,1061,56,10,2024-09-28,homepage,View,118.25
1061,1062,13,2,2025-12-14,homepage,Click,92.4
1062,1063,44,18,2024-01-03,checkout,Purchase,194.5
1063,1064,28,17,2025-08-02,checkout,Drop-off,106.8
1064,1065,44,1,2024-03-21,homepage,Click,130.8
1065,1066,37,6,2024-08-30,homepage,View,245.33333333333334
1066,1067,77,15,2025-01-05,productpage,View,72.75
1067,1068,60,16,2025-10-08,homepage,Click,161.0
1068,1069,73,16,2024-06-26,checkout,Purchase,199.6
1069,1070,88,8,2024-03-02,homepage,View,161.5
1070,1071,79,5,2025-10-28,checkout,Drop-off,116.33333333333333
1071,1072,28,1,2023-06-04,productpage,View,150.625
1072,1073,28,16,2024-10-04,homepage,View,192.83333333333334
1073,1074,44,9,2024-12-31,homepage,Click,126.0
1074,1075,14,18,2023-07-20,homepage,Click,187.6
1075,1076,28,9,2024-07-31,productpage,Click,162.33333333333334
1076,1077,6,1,2025-03-13,homepage,Click,184.75
1077,1078,29,8,2024-07-30,homepage,View,159.5
1078,1079,67,12,2024-02-10,homepage,View,219.0
1079,1080,70,20,2023-03-01,productpage,View,172.75
1080,1081,32,9,2025-03-21,homepage,View,137.33333333333334
1081,1082,92,19,2023-07-25,checkout,Drop-off,104.0
1082,1083,25,10,2025-01-29,homepage,Click,204.33333333333334
1083,1084,77,3,2023-07-02,productpage,Click,168.0
1084,1085,6,3,2025-12-09,homepage,Click,197.0
1085,1086,4,16,2024-08-15,productpage,Click,179.33333333333334
1086,1087,65,4,2025-04-07,homepage,View,231.66666666666666
1087,1088,80,9,2023-06-12,checkout,Drop-off,150.4
1088,1089,18,18,2024-09-27,checkout,Drop-off,214.4
1089,1090,93,10,2025-04-04,homepage,View,149.2
1090,1091,48,11,2025-02-22,productpage,View,132.28571428571428
1091,1092,95,16,2023-02-01,productpage,View,125.0
1092,1093,92,3,2024-04-25,homepage,Click,140.0
1093,1094,79,6,2023-08-02,homepage,View,116.5
1094,1095,26,10,2025-01-12,checkout,Drop-off,126.0
1095,1096,70,15,2023-04-04,homepage,Click,127.6
1096,1097,89,8,2023-05-23,homepage,View,156.25
1097,1098,57,18,2025-08-03,checkout,Drop-off,197.0
1098,1099,33,19,2025-08-08,checkout,Drop-off,53.0
1099,1100,79,1,2023-02-10,checkout,Drop-off,213.33333333333334
1100,1101,49,9,2023-09-01,checkout,Drop-off,187.0
1101,1102,95,5,2025-02-25,productpage,View,104.0
1102,1103,52,6,2025-08-17,productpage,View,215.66666666666666
1103,1104,80,2,2024-06-02,homepage,View,188.0
1104,1105,36,11,2023-02-03,homepage,View,128.2
1105,1106,100,7,2024-03-25,checkout,Drop-off,108.0
1106,1107,20,8,2025-08-19,productpage,View,111.66666666666667
1107,1108,10,20,2024-07-25,productpage,View,246.0
1108,1109,5,14,2024-12-29,productpage,View,220.375
1109,1110,17,19,2023-12-23,homepage,Click,137.0
1110,1111,5,17,2023-03-25,homepage,View,178.0
1111,1112,79,11,2023-04-11,productpage,View,106.4
1112,1113,12,17,2024-09-18,productpage,View,190.4
1113,1114,41,12,2023-05-18,homepage,View,133.0
1114,1115,91,13,2024-04-20,homepage,Click,200.0
1115,1116,41,12,2023-08-21,homepage,Click,46.0
1116,1117,27,4,2024-03-03,homepage,Click,180.33333333333334
1117,1118,84,20,2024-07-16,productpage,Click,171.0
1118,1119,45,16,2025-11-04,productpage,Click,161.125
1119,1120,34,1,2025-07-16,homepage,View,215.125
1120,1121,84,4,2025-07-16,homepage,View,215.125
1121,1122,69,4,2025-10-03,homepage,Click,96.2
1122,1123,4,10,2024-10-22,homepage,Click,155.33333333333334
1123,1124,67,7,2025-09-06,checkout,Purchase,73.55555555555556
1124,1125,59,18,2024-01-04,productpage,View,147.5
1125,1126,62,6,2024-12-11,homepage,View,154.66666666666666
1126,1127,69,3,2024-12-25,homepage,Click,208.0
1127,1128,84,18,2024-01-06,checkout,Purchase,106.5
1128,1129,13,13,2024-10-06,checkout,Drop-off,136.0
1129,1130,71,13,2025-03-18,homepage,Click,187.4
1130,1131,29,1,2025-02-02,productpage,Click,218.66666666666666
1131,1132,88,16,2023-04-07,productpage,Click,180.5
1132,1133,36,1,2025-01-26,productpage,Click,87.0
1133,1134,27,12,2025-03-08,homepage,View,151.33333333333334
1134,1135,36,7,2024-12-17,checkout,Drop-off,161.0
1135,1136,25,16,2024-04-11,productpage,View,172.25
1136,1137,30,19,2024-04-17,checkout,Drop-off,167.2
1137,1138,44,19,2024-04-24,homepage,View,171.0
1138,1139,45,14,2023-01-20,homepage,View,161.0
1139,1140,24,20,2023-12-07,checkout,Drop-off,230.5
1140,1141,69,12,2024-05-31,homepage,View,12.0
1141,1142,73,14,2023-05-29,homepage,View,198.0
1142,1143,97,11,2024-11-17,checkout,Drop-off,212.33333333333334
1143,1144,50,2,2023-03-05,homepage,View,170.0
1144,1145,85,17,2025-10-19,homepage,View,160.66666666666666
1145,1146,72,3,2025-09-12,productpage,View,188.25
1146,1147,78,11,2025-07-28,homepage,View,117.33333333333333
1147,1148,92,1,2025-02-26,productpage,View,129.2
1148,1149,47,5,2023-08-09,homepage,Click,226.42857142857142
1149,1150,44,2,2024-03-13,homepage,View,81.5
1150,1151,63,3,2023-06-19,homepage,View,100.0
1151,1152,20,10,2023-08-25,homepage,View,212.6
1152,1153,81,2,2024-01-03,productpage,View,194.5
1153,1154,54,7,2023-08-27,productpage,View,218.0
1154,1155,91,15,2023-08-07,productpage,View,188.33333333333334
1155,1156,48,1,2023-02-16,homepage,Click,170.66666666666666
1156,1157,98,16,2024-08-21,productpage,Click,121.0
1157,1158,29,8,2025-09-02,homepage,Click,165.66666666666666
1158,1159,11,12,2023-04-19,homepage,Click,108.2
1159,1160,25,15,2025-03-03,checkout,Purchase,117.0
1160,1161,66,20,2024-06-26,productpage,View,199.6
1161,1162,94,19,2024-05-01,productpage,View,154.66666666666666
1162,1163,50,6,2024-09-05,homepage,Click,96.8
1163,1164,68,7,2023-11-24,productpage,Click,198.5
1164,1165,24,8,2023-03-03,homepage,Click,162.16666666666666
1165,1166,83,19,2024-02-20,checkout,Purchase,84.66666666666667
1166,1167,85,1,2025-03-10,homepage,View,44.333333333333336
1167,1168,89,3,2023-05-07,homepage,View,257.6666666666667
1168,1169,25,11,2024-07-31,checkout,Drop-off,162.33333333333334
1169,1170,78,3,2025-07-07,productpage,View,299.0
1170,1171,55,8,2023-10-27,productpage,View,207.0
1171,1172,31,18,2024-09-13,homepage,View,107.5
1172,1173,58,7,2025-07-16,productpage,View,215.125
1173,1174,26,16,2025-02-18,checkout,Drop-off,90.4
1174,1175,91,7,2025-07-08,checkout,Drop-off,21.0
1175,1176,28,4,2024-06-07,checkout,Drop-off,46.0
1176,1177,14,19,2024-12-10,checkout,Drop-off,135.6
1177,1178,87,2,2025-07-09,productpage,View,169.25
1178,1179,15,12,2024-01-15,productpage,View,104.5
1179,1180,60,6,2025-12-29,productpage,View,145.0
1180,1181,10,15,2023-04-26,homepage,View,175.75
1181,1182,13,10,2024-07-14,homepage,View,196.0
1182,1183,69,18,2023-07-23,productpage,View,189.33333333333334
1183,1184,95,4,2025-05-16,homepage,View,84.33333333333333
1184,1185,77,2,2023-02-04,homepage,Click,232.2
1185,1186,7,14,2023-08-08,productpage,Click,151.33333333333334
1186,1187,49,18,2025-06-03,productpage,Click,168.0
1187,1188,77,6,2024-11-11,homepage,View,174.5
1188,1189,22,18,2023-07-20,productpage,View,187.6
1189,1190,23,9,2023-02-27,homepage,Click,114.4
1190,1191,62,13,2023-05-02,productpage,Click,103.5
1191,1192,14,10,2024-12-10,homepage,View,135.6
1192,1193,28,3,2023-03-16,productpage,View,169.25
1193,1194,34,1,2024-11-07,checkout,Drop-off,145.33333333333334
1194,1195,78,4,2024-08-10,productpage,View,209.83333333333334
1195,1196,29,12,2023-08-22,checkout,Drop-off,95.71428571428571
1196,1197,89,17,2024-09-24,homepage,View,137.66666666666666
1197,1198,46,12,2023-12-09,homepage,View,141.75
1198,1199,6,16,2025-07-16,productpage,View,215.125
1199,1200,47,18,2024-12-02,homepage,View,165.4
1200,1201,27,7,2025-05-19,checkout,Drop-off,181.66666666666666
1201,1202,34,13,2025-07-05,checkout,Drop-off,170.5
1202,1203,47,17,2024-11-04,homepage,View,76.0
1203,1204,33,10,2025-06-21,homepage,View,143.14285714285714
1204,1205,100,20,2024-07-12,checkout,Drop-off,45.0
1205,1206,41,20,2023-04-03,homepage,Click,209.5
1206,1207,68,2,2024-04-03,productpage,Click,223.75
1207,1208,7,18,2025-03-22,productpage,Click,203.0
1208,1209,63,14,2025-12-19,homepage,Click,226.0
1209,1210,35,20,2023-10-31,productpage,Click,120.75
1210,1211,78,7,2024-04-22,checkout,Purchase,126.0
1211,1212,55,13,2025-09-11,productpage,View,158.66666666666666
1212,1213,34,4,2025-04-03,productpage,View,175.0
1213,1214,82,6,2025-10-06,productpage,View,191.85714285714286
1214,1215,98,12,2024-04-19,homepage,Click,148.0
1215,1216,61,6,2025-09-14,homepage,View,135.5
1216,1217,6,10,2023-04-29,homepage,View,158.0
1217,1218,54,8,2023-10-22,productpage,View,172.8
1218,1219,81,12,2023-10-13,productpage,View,272.0
1219,1220,36,18,2025-10-25,checkout,Drop-off,244.0
1220,1221,5,9,2023-12-25,homepage,Click,93.0
1221,1222,9,1,2023-03-27,homepage,Click,238.0
1222,1223,32,14,2025-09-17,checkout,Purchase,209.0
1223,1224,36,8,2025-09-08,checkout,Drop-off,105.8
1224,1225,57,11,2023-12-09,checkout,Drop-off,141.75
1225,1226,89,8,2025-02-17,checkout,Drop-off,224.0
1226,1227,94,7,2024-10-05,homepage,View,123.5
1227,1228,15,1,2024-12-23,checkout,Drop-off,157.33333333333334
1228,1229,31,11,2025-08-05,productpage,View,200.25
1229,1230,58,1,2023-06-19,homepage,View,100.0
1230,1231,10,8,2024-06-21,homepage,View,196.25
1231,1232,100,13,2025-11-04,homepage,View,161.125
1232,1233,52,18,2024-08-16,homepage,View,151.25
1233,1234,84,7,2023-05-17,productpage,View,63.666666666666664
1234,1235,13,18,2025-07-25,productpage,View,170.75
1235,1236,59,18,2025-12-10,checkout,Drop-off,201.0
1236,1237,68,11,2025-04-04,productpage,View,149.2
1237,1238,34,6,2025-08-21,homepage,View,143.0
1238,1239,44,10,2025-12-12,productpage,View,127.5
1239,1240,44,1,2024-10-03,homepage,Click,148.8
1240,1241,57,1,2023-03-04,productpage,Click,208.75
1241,1242,83,8,2023-07-06,checkout,Purchase,74.0
1242,1243,45,19,2023-05-05,homepage,Click,204.0
1243,1244,92,16,2025-08-15,productpage,Click,143.875
1244,1245,32,20,2023-01-21,checkout,Purchase,148.33333333333334
1245,1246,31,4,2025-10-03,productpage,View,96.2
1246,1247,98,15,2024-06-25,homepage,View,289.0
1247,1248,17,8,2023-12-13,homepage,Click,137.33333333333334
1248,1249,17,1,2025-07-12,productpage,Drop-off,192.25
1249,1250,65,12,2024-04-25,productpage,View,140.0
1250,1251,15,18,2024-04-24,homepage,View,171.0
1251,1252,56,17,2024-03-05,productpage,View,120.33333333333333
1252,1253,78,17,2023-08-10,homepage,Click,174.0
1253,1254,22,1,2023-09-05,productpage,Click,213.33333333333334
1254,1255,27,12,2023-04-01,productpage,Click,209.25
1255,1256,83,18,2024-01-27,homepage,Click,121.33333333333333
1256,1257,87,3,2025-02-06,checkout,Purchase,65.5
1257,1258,100,20,2024-04-26,productpage,View,84.0
1258,1259,18,7,2025-09-24,productpage,View,177.2
1259,1260,62,6,2024-12-30,homepage,View,112.66666666666667
1260,1261,86,11,2025-12-26,productpage,View,135.66666666666666
1261,1262,69,4,2024-10-10,checkout,Drop-off,141.0
1262,1263,37,2,2023-03-01,productpage,View,172.75
1263,1264,84,1,2024-02-09,homepage,Click,240.0
1264,1265,79,12,2023-09-19,homepage,View,109.5
1265,1266,90,10,2023-11-11,productpage,View,117.8
1266,1267,23,9,2023-01-01,productpage,View,237.0
1267,1268,65,6,2023-12-09,productpage,View,141.75
1268,1269,13,7,2023-02-14,homepage,Click,168.5
1269,1270,16,3,2025-04-22,productpage,Click,244.5
1270,1271,87,19,2024-09-25,homepage,Click,169.0
1271,1272,15,9,2023-10-06,productpage,Click,136.85714285714286
1272,1273,65,16,2023-01-19,homepage,Click,161.66666666666666
1273,1274,76,19,2025-01-30,homepage,View,76.0
1274,1275,97,6,2023-12-28,homepage,View,96.66666666666667
1275,1276,45,19,2024-06-16,productpage,View,177.25
1276,1277,95,13,2025-07-02,checkout,Drop-off,116.5
1277,1278,31,8,2025-10-16,homepage,View,145.25
1278,1279,32,8,2024-08-29,productpage,View,180.5
1279,1280,57,7,2025-09-11,homepage,View,158.66666666666666
1280,1281,59,12,2024-06-24,homepage,View,113.5
1281,1282,89,12,2023-01-29,productpage,View,110.33333333333333
1282,1283,6,14,2025-07-10,checkout,Drop-off,129.5
1283,1284,34,14,2023-12-22,productpage,View,161.5
1284,1285,96,14,2023-04-15,productpage,View,156.6
1285,1286,64,12,2024-10-07,homepage,View,195.4
1286,1287,94,14,2023-04-08,checkout,Drop-off,189.5
1287,1288,33,12,2024-03-20,productpage,View,238.25
1288,1289,56,19,2023-12-20,productpage,View,187.33333333333334
1289,1290,38,14,2024-09-27,productpage,View,214.4
1290,1291,2,3,2025-07-09,productpage,View,169.25
1291,1292,42,18,2025-10-08,homepage,Click,161.0
1292,1293,89,18,2023-05-04,homepage,View,121.0
1293,1294,13,12,2025-11-17,homepage,View,129.33333333333334
1294,1295,56,12,2024-09-09,homepage,View,120.33333333333333
1295,1296,90,11,2025-02-20,productpage,View,177.4
1296,1297,63,5,2025-10-01,homepage,Click,158.0
1297,1298,89,2,2024-07-30,homepage,Click,159.5
1298,1299,74,9,2023-06-04,homepage,Click,150.625
1299,1300,43,1,2024-01-19,homepage,View,131.33333333333334
1300,1301,17,4,2025-10-01,productpage,View,158.0
1301,1302,63,20,2024-07-12,homepage,View,45.0
1302,1303,11,14,2023-10-04,productpage,View,48.5
1303,1304,43,4,2024-06-11,checkout,Drop-off,269.0
1304,1305,82,18,2024-04-02,productpage,View,119.5
1305,1306,50,8,2023-08-18,homepage,Click,180.5
1306,1307,54,9,2023-07-10,productpage,Click,224.66666666666666
1307,1308,65,14,2025-04-20,checkout,Purchase,184.0
1308,1309,99,6,2025-10-17,homepage,View,174.66666666666666
1309,1310,94,16,2025-12-29,homepage,Click,145.0
1310,1311,42,13,2025-05-29,productpage,Click,162.55555555555554
1311,1312,89,18,2024-06-28,checkout,Drop-off,150.2
1312,1313,8,5,2023-02-07,productpage,View,105.0
1313,1314,40,18,2023-06-01,homepage,Click,151.75
1314,1315,4,14,2025-03-30,productpage,Click,204.0
1315,1316,60,7,2024-03-19,homepage,Click,56.0
1316,1317,90,17,2024-01-19,productpage,Click,131.33333333333334
1317,1318,24,18,2025-10-09,homepage,View,168.25
1318,1319,84,17,2025-10-12,homepage,View,169.42857142857142
1319,1320,95,2,2025-10-03,productpage,View,96.2
1320,1321,90,9,2023-08-25,productpage,View,212.6
1321,1322,29,8,2025-05-24,checkout,Drop-off,259.0
1322,1323,21,5,2023-07-03,checkout,Drop-off,143.85714285714286
1323,1324,90,18,2025-05-04,productpage,View,189.42857142857142
1324,1325,53,6,2024-08-19,homepage,View,199.33333333333334
1325,1326,92,5,2025-12-25,checkout,Drop-off,283.0
1326,1327,69,8,2024-12-30,homepage,View,112.66666666666667
1327,1328,42,18,2025-02-14,homepage,View,195.0
1328,1329,38,13,2023-07-14,homepage,Click,112.5
1329,1330,39,17,2023-10-06,homepage,View,136.85714285714286
1330,1331,43,2,2023-08-30,homepage,View,199.66666666666666
1331,1332,40,8,2023-04-17,checkout,Drop-off,163.0
1332,1333,18,9,2023-05-05,productpage,View,204.0
1333,1334,93,12,2024-06-23,homepage,View,162.75
1334,1335,90,6,2023-07-21,homepage,View,120.8
1335,1336,56,17,2024-04-19,homepage,View,148.0
1336,1337,41,5,2023-05-12,productpage,View,173.66666666666666
1337,1338,68,2,2023-01-16,homepage,View,161.0
1338,1339,99,6,2025-06-29,homepage,Click,52.0
1339,1340,64,9,2023-08-19,homepage,Click,144.625
1340,1341,31,2,2025-07-28,productpage,Click,117.33333333333333
1341,1342,60,16,2023-09-09,homepage,View,200.0
1342,1343,97,15,2023-02-18,homepage,Click,187.57142857142858
1343,1344,4,12,2025-09-16,productpage,Click,235.5
1344,1345,18,10,2024-06-24,homepage,View,113.5
1345,1346,4,11,2023-02-09,homepage,Click,212.0
1346,1347,77,16,2023-09-27,homepage,View,82.0
1347,1348,3,20,2023-07-19,checkout,Drop-off,149.5
1348,1349,57,10,2023-08-29,homepage,View,208.0
1349,1350,38,16,2024-05-12,productpage,View,136.0
1350,1351,82,2,2023-12-26,productpage,View,145.0
1351,1352,75,13,2023-01-29,productpage,View,110.33333333333333
1352,1353,32,11,2023-12-27,homepage,View,175.8
1353,1354,50,1,2024-10-28,productpage,View,169.0
1354,1355,6,14,2025-07-04,homepage,View,175.83333333333334
1355,1356,35,5,2023-12-30,homepage,View,56.5
1356,1357,49,19,2023-08-20,homepage,View,145.5
1357,1358,88,15,2025-10-13,productpage,View,165.33333333333334
1358,1359,62,15,2023-03-14,homepage,Click,188.0
1359,1360,81,19,2025-06-17,homepage,View,193.66666666666666
1360,1361,94,13,2024-06-17,homepage,Click,207.25
1361,1362,79,6,2024-08-16,homepage,Click,151.25
1362,1363,16,5,2023-11-14,homepage,View,199.66666666666666
1363,1364,93,11,2025-07-15,productpage,View,147.25
1364,1365,86,4,2024-12-30,productpage,View,112.66666666666667
1365,1366,33,18,2025-04-08,productpage,View,199.0
1366,1367,63,17,2024-01-12,productpage,View,109.0
1367,1368,26,10,2024-11-09,productpage,View,158.0
1368,1369,92,2,2024-04-23,productpage,View,168.71428571428572
1369,1370,57,10,2024-08-23,productpage,View,144.625
1370,1371,31,17,2024-03-16,homepage,View,143.0
1371,1372,63,7,2023-08-17,homepage,View,93.0
1372,1373,65,4,2024-01-16,productpage,View,137.0
1373,1374,94,12,2023-07-30,productpage,View,122.5
1374,1375,66,6,2023-09-02,checkout,Drop-off,49.0
1375,1376,56,1,2023-12-22,homepage,View,161.5
1376,1377,30,16,2023-05-14,homepage,View,211.0
1377,1378,17,18,2023-01-08,checkout,Drop-off,36.333333333333336
1378,1379,18,15,2025-12-13,homepage,View,195.0
1379,1380,82,6,2025-02-13,homepage,View,114.33333333333333
1380,1381,37,20,2024-10-01,homepage,View,211.4
1381,1382,82,4,2025-01-19,checkout,Drop-off,176.71428571428572
1382,1383,54,18,2023-05-16,productpage,View,187.5
1383,1384,35,12,2025-01-22,homepage,View,99.5
1384,1385,20,15,2024-07-17,productpage,View,68.33333333333333
1385,1386,89,6,2025-12-11,homepage,View,224.25
1386,1387,95,11,2023-10-31,homepage,View,120.75
1387,1388,74,2,2023-02-10,productpage,View,213.33333333333334
1388,1389,35,7,2023-02-27,homepage,View,114.4
1389,1390,84,18,2024-03-04,homepage,View,188.0
1390,1391,44,12,2023-04-25,productpage,View,190.0
1391,1392,93,8,2024-08-20,checkout,Drop-off,213.0
1392,1393,40,11,2025-02-04,productpage,View,174.0
1393,1394,66,16,2024-05-19,productpage,View,75.0
1394,1395,43,11,2025-08-02,productpage,View,106.8
1395,1396,48,7,2024-08-12,productpage,View,182.75
1396,1397,48,11,2024-06-26,homepage,View,199.6
1397,1398,55,11,2023-06-29,homepage,Click,169.16666666666666
1398,1399,86,9,2024-05-01,productpage,Click,154.66666666666666
1399,1400,54,13,2025-10-22,homepage,Click,169.14285714285714
1400,1401,30,13,2023-09-02,homepage,Click,49.0
1401,1402,13,19,2024-07-02,productpage,Click,208.4
1402,1403,87,2,2024-02-13,homepage,View,201.0
1403,1404,29,4,2024-07-22,homepage,View,177.0
1404,1405,55,11,2024-12-18,productpage,View,261.3333333333333
1405,1406,67,3,2024-12-10,homepage,View,135.6
1406,1407,15,1,2024-03-23,productpage,View,168.25
1407,1408,14,16,2024-10-29,homepage,Click,217.0
1408,1409,52,10,2024-05-29,homepage,View,146.25
1409,1410,22,7,2024-01-26,checkout,Drop-off,155.5
1410,1411,51,6,2023-02-19,productpage,View,105.33333333333333
1411,1412,61,9,2023-10-10,productpage,View,147.75
1412,1413,7,7,2023-02-28,homepage,View,173.0
1413,1414,87,6,2024-06-29,checkout,Drop-off,221.33333333333334
1414,1415,92,16,2024-09-17,homepage,Click,141.8
1415,1416,97,18,2023-07-09,homepage,Click,179.25
1416,1417,18,16,2023-04-10,productpage,Click,184.0
1417,1418,22,4,2023-11-07,checkout,Purchase,239.66666666666666
1418,1419,82,1,2023-04-28,homepage,Click,199.2
1419,1420,89,13,2023-01-06,checkout,Purchase,174.5
1420,1421,38,11,2024-07-23,checkout,Drop-off,160.5
1421,1422,63,7,2023-12-28,productpage,View,96.66666666666667
1422,1423,65,16,2023-01-02,homepage,Click,151.0
1423,1424,32,6,2023-11-03,checkout,Purchase,243.0
1424,1425,18,11,2023-05-03,productpage,View,164.28571428571428
1425,1426,35,12,2025-05-27,homepage,View,160.33333333333334
1426,1427,52,10,2024-06-29,productpage,View,221.33333333333334
1427,1428,46,12,2025-10-01,productpage,View,158.0
1428,1429,93,5,2024-07-27,homepage,View,204.0
1429,1430,88,5,2025-05-27,productpage,View,160.33333333333334
1430,1431,20,8,2023-09-16,checkout,Drop-off,180.66666666666666
1431,1432,21,17,2023-05-22,homepage,View,161.0
1432,1433,78,4,2024-01-06,productpage,View,106.5
1433,1434,63,16,2024-06-06,checkout,Drop-off,130.75
1434,1435,57,5,2024-03-09,productpage,View,232.8
1435,1436,52,8,2023-08-07,homepage,Click,188.33333333333334
1436,1437,35,5,2025-03-27,productpage,Click,44.0
1437,1438,41,10,2023-07-23,checkout,Purchase,189.33333333333334
1438,1439,53,20,2023-03-24,productpage,View,106.8
1439,1440,68,18,2025-11-15,productpage,View,117.0
1440,1441,91,9,2023-03-23,productpage,View,245.33333333333334
1441,1442,73,12,2023-07-15,checkout,Drop-off,93.0
1442,1443,97,12,2023-04-19,productpage,View,108.2
1443,1444,82,1,2023-10-06,productpage,View,136.85714285714286
1444,1445,33,3,2024-09-19,homepage,View,218.5
1445,1446,65,2,2025-05-13,homepage,View,141.0
1446,1447,79,15,2024-05-26,homepage,View,136.8
1447,1448,12,5,2024-03-27,productpage,View,89.66666666666667
1448,1449,77,11,2025-07-02,productpage,View,116.5
1449,1450,49,19,2025-03-14,homepage,View,62.0
1450,1451,1,9,2025-01-25,checkout,Drop-off,144.0
1451,1452,40,2,2025-09-05,homepage,View,91.0
1452,1453,74,15,2024-05-28,homepage,View,136.44444444444446
1453,1454,5,4,2024-06-08,homepage,View,140.5
1454,1455,85,14,2024-10-22,productpage,View,155.33333333333334
1455,1456,80,16,2024-10-16,homepage,View,172.5
1456,1457,64,13,2025-12-21,checkout,Drop-off,85.0
1457,1458,56,3,2024-10-06,productpage,View,136.0
1458,1459,69,6,2024-11-15,checkout,Drop-off,150.5
1459,1460,65,14,2023-03-18,checkout,Drop-off,90.0
1460,1461,91,9,2025-02-10,homepage,View,148.25
1461,1462,25,17,2025-05-28,productpage,View,12.0
1462,1463,100,16,2023-11-08,productpage,View,144.5
1463,1464,26,18,2023-08-23,homepage,View,72.5
1464,1465,11,14,2025-12-16,checkout,Drop-off,
1465,1466,88,11,2025-11-06,productpage,View,245.0
1466,1467,32,17,2023-10-06,homepage,Click,136.85714285714286
1467,1468,70,4,2024-04-29,productpage,Drop-off,202.2
1468,1469,12,12,2023-11-12,productpage,View,208.66666666666666
1469,1470,26,4,2023-05-12,productpage,View,173.66666666666666
1470,1471,87,20,2023-04-08,productpage,View,189.5
1471,1472,5,7,2023-08-13,homepage,View,85.0
1472,1473,33,13,2024-02-14,checkout,Drop-off,141.0
1473,1474,98,4,2023-07-21,productpage,View,120.8
1474,1475,20,13,2025-11-23,homepage,View,126.6
1475,1476,30,5,2025-12-18,checkout,Drop-off,200.5
1476,1477,38,20,2024-04-17,productpage,View,167.2
1477,1478,60,6,2025-11-01,homepage,Click,144.25
1478,1479,51,20,2023-06-17,homepage,View,92.5
1479,1480,74,2,2025-05-08,homepage,View,107.33333333333333
1480,1481,57,11,2023-10-13,checkout,Drop-off,272.0
1481,1482,84,11,2023-02-15,homepage,Click,96.0
1482,1483,59,7,2025-06-01,homepage,Click,200.66666666666666
1483,1484,71,6,2025-03-05,homepage,View,136.0
1484,1485,30,7,2025-03-16,productpage,View,197.0
1485,1486,13,16,2023-09-23,homepage,View,193.0
1486,1487,34,9,2024-03-02,homepage,View,161.5
1487,1488,29,20,2023-08-22,productpage,View,95.71428571428571
1488,1489,67,14,2023-03-24,productpage,View,106.8
1489,1490,85,8,2023-05-23,homepage,View,156.25
1490,1491,92,13,2025-07-16,homepage,Click,215.125
1491,1492,20,17,2024-04-25,homepage,Click,140.0
1492,1493,23,7,2023-03-07,homepage,View,206.33333333333334
1493,1494,33,14,2025-04-10,homepage,Click,140.8
1494,1495,53,4,2024-08-05,productpage,Click,156.33333333333334
1495,1496,32,9,2025-10-21,homepage,View,144.0
1496,1497,32,8,2023-03-18,productpage,View,90.0
1497,1498,76,8,2024-06-20,productpage,View,123.88888888888889
1498,1499,24,14,2023-12-07,productpage,View,230.5
1499,1500,35,19,2025-05-30,checkout,Drop-off,184.0
1500,1501,9,20,2023-11-21,productpage,View,100.25
1501,1502,55,10,2024-09-28,productpage,View,118.25
1502,1503,96,15,2025-09-29,homepage,Click,176.16666666666666
1503,1504,73,13,2024-01-08,productpage,Click,235.0
1504,1505,44,17,2024-04-25,productpage,Click,140.0
1505,1506,57,3,2023-12-06,checkout,Purchase,138.2
1506,1507,38,1,2025-06-06,productpage,View,139.66666666666666
1507,1508,66,2,2024-04-29,homepage,View,202.2
1508,1509,22,19,2023-11-03,homepage,Click,243.0
1509,1510,4,9,2024-12-07,homepage,View,234.66666666666666
1510,1511,39,16,2025-05-26,homepage,View,151.75
1511,1512,59,18,2023-08-29,checkout,Drop-off,208.0
1512,1513,89,16,2025-08-23,productpage,View,172.25
1513,1514,59,7,2024-02-04,homepage,View,157.33333333333334
1514,1515,79,7,2025-07-21,homepage,View,124.75
1515,1516,53,20,2025-10-28,homepage,View,116.33333333333333
1516,1517,69,1,2025-05-17,homepage,View,173.5
1517,1518,94,16,2023-04-16,homepage,View,174.0
1518,1519,68,20,2025-09-22,checkout,Drop-off,202.0
1519,1520,96,3,2024-06-23,checkout,Drop-off,162.75
1520,1521,19,5,2024-07-23,productpage,View,160.5
1521,1522,40,19,2024-02-07,checkout,Drop-off,119.0
1522,1523,57,14,2024-12-03,productpage,View,112.5
1523,1524,86,16,2025-08-29,productpage,View,112.0
1524,1525,54,8,2025-09-05,homepage,Click,91.0
1525,1526,65,20,2023-09-14,productpage,Click,163.0
1526,1527,2,7,2024-10-24,homepage,View,97.33333333333333
1527,1528,26,7,2025-06-12,productpage,View,83.0
1528,1529,34,1,2024-02-03,productpage,View,177.66666666666666
1529,1530,67,10,2024-02-05,homepage,View,94.0
1530,1531,76,12,2025-08-29,productpage,View,112.0
1531,1532,47,13,2023-09-18,checkout,Drop-off,242.66666666666666
1532,1533,71,20,2025-05-05,homepage,View,154.0
1533,1534,11,17,2025-01-02,homepage,View,178.33333333333334
1534,1535,64,9,2025-03-04,homepage,View,287.5
1535,1536,65,3,2025-07-03,homepage,View,128.0
1536,1537,57,10,2024-05-12,checkout,Drop-off,136.0
1537,1538,68,10,2025-02-19,homepage,View,194.2
1538,1539,92,1,2024-11-23,homepage,View,264.5
1539,1540,61,16,2023-08-25,productpage,View,212.6
1540,1541,88,10,2024-02-13,homepage,View,201.0
1541,1542,78,5,2023-08-20,productpage,View,145.5
1542,1543,43,1,2025-03-31,checkout,Drop-off,114.0
1543,1544,90,10,2024-11-01,homepage,Click,81.66666666666667
1544,1545,50,6,2023-01-31,productpage,Click,147.5
1545,1546,68,10,2023-08-12,productpage,Drop-off,130.75
1546,1547,90,7,2025-03-26,homepage,Click,167.75
1547,1548,1,3,2024-11-06,homepage,View,158.25
1548,1549,99,11,2023-12-27,checkout,Drop-off,175.8
1549,1550,95,5,2023-06-24,productpage,View,202.4
1550,1551,12,14,2023-06-26,checkout,Drop-off,197.5
1551,1552,21,7,2023-06-29,productpage,View,169.16666666666666
1552,1553,61,14,2024-12-04,homepage,View,211.75
1553,1554,57,8,2024-11-04,productpage,View,76.0
1554,1555,74,15,2023-10-10,homepage,View,147.75
1555,1556,82,17,2023-06-25,homepage,View,132.0
1556,1557,33,13,2025-01-16,productpage,View,177.0
1557,1558,93,16,2023-04-28,productpage,View,199.2
1558,1559,16,10,2025-07-19,productpage,View,195.0
1559,1560,40,3,2023-07-17,productpage,View,152.0
1560,1561,11,11,2024-11-01,checkout,Drop-off,81.66666666666667
1561,1562,25,5,2025-08-09,productpage,View,167.33333333333334
1562,1563,69,16,2025-09-20,productpage,View,228.33333333333334
1563,1564,88,8,2024-09-06,homepage,Click,285.0
1564,1565,64,20,2024-02-18,productpage,Click,144.83333333333334
1565,1566,21,7,2024-01-29,productpage,Click,131.2
1566,1567,34,18,2024-08-31,homepage,View,241.0
1567,1568,43,14,2025-06-28,productpage,View,84.5
1568,1569,4,18,2025-11-11,homepage,View,184.4
1569,1570,12,17,2025-08-16,productpage,View,160.2
1570,1571,79,2,2023-06-15,homepage,View,127.42857142857143
1571,1572,29,9,2024-11-23,checkout,Drop-off,264.5
1572,1573,49,12,2025-03-06,homepage,Click,195.75
1573,1574,38,15,2023-09-30,productpage,Click,132.0
1574,1575,24,6,2025-11-19,productpage,Click,157.66666666666666
1575,1576,76,7,2024-12-05,checkout,Purchase,90.85714285714286
1576,1577,48,19,2024-03-10,productpage,View,138.0
1577,1578,41,7,2024-08-03,homepage,Click,177.25
1578,1579,70,11,2025-11-30,productpage,Click,165.5
1579,1580,30,2,2024-09-26,checkout,Purchase,279.5
1580,1581,22,18,2024-06-09,homepage,Click,215.2
1581,1582,58,2,2023-08-09,homepage,View,226.42857142857142
1582,1583,66,5,2023-10-07,homepage,Click,104.0
1583,1584,22,17,2024-04-13,productpage,Click,104.0
1584,1585,66,18,2025-11-23,homepage,Click,126.6
1585,1586,75,17,2025-11-16,homepage,Click,214.25
1586,1587,55,16,2024-04-04,homepage,View,139.33333333333334
1587,1588,82,20,2023-07-11,productpage,View,127.6
1588,1589,2,15,2023-08-04,productpage,View,102.33333333333333
1589,1590,55,11,2024-09-02,checkout,Drop-off,224.0
1590,1591,46,10,2025-11-09,homepage,View,15.0
1591,1592,80,17,2023-06-08,productpage,View,197.5
1592,1593,8,20,2023-02-09,homepage,View,212.0
1593,1594,53,2,2023-02-05,homepage,View,229.33333333333334
1594,1595,46,4,2023-10-10,checkout,Drop-off,147.75
1595,1596,28,19,2025-10-08,homepage,Click,161.0
1596,1597,39,8,2024-11-12,productpage,Click,139.5
1597,1598,43,2,2023-04-14,homepage,View,165.4
1598,1599,66,4,2024-11-21,homepage,Click,190.33333333333334
1599,1600,26,3,2023-01-02,homepage,Click,151.0
1600,1601,42,12,2023-10-05,checkout,Purchase,109.75
1601,1602,15,5,2025-01-21,checkout,Drop-off,159.0
1602,1603,11,17,2025-02-18,productpage,View,90.4
1603,1604,45,6,2024-05-28,homepage,View,136.44444444444446
1604,1605,68,10,2025-05-27,productpage,View,160.33333333333334
1605,1606,14,6,2024-06-19,homepage,Click,132.125
1606,1607,45,2,2024-06-19,productpage,Click,132.125
1607,1608,70,18,2025-02-08,productpage,Click,178.66666666666666
1608,1609,33,1,2025-08-10,homepage,Click,103.14285714285714
1609,1610,34,7,2024-10-23,productpage,Click,48.75
1610,1611,40,9,2025-01-07,productpage,Click,108.0
1611,1612,50,9,2023-11-24,homepage,Click,198.5
1612,1613,78,7,2023-03-18,productpage,Click,90.0
1613,1614,94,10,2023-05-12,productpage,Click,173.66666666666666
1614,1615,88,6,2023-04-28,checkout,Purchase,199.2
1615,1616,36,20,2025-10-22,productpage,View,169.14285714285714
1616,1617,89,20,2025-08-05,homepage,View,200.25
1617,1618,87,5,2023-11-02,productpage,View,142.625
1618,1619,5,3,2025-02-15,checkout,Drop-off,142.0
1619,1620,36,9,2025-09-25,homepage,View,174.5
1620,1621,98,15,2025-07-13,checkout,Drop-off,12.0
1621,1622,71,16,2025-08-02,checkout,Drop-off,106.8
1622,1623,72,1,2024-11-15,homepage,View,150.5
1623,1624,75,20,2025-11-12,checkout,Drop-off,184.4
1624,1625,100,14,2025-02-22,productpage,View,132.28571428571428
1625,1626,49,16,2024-02-22,productpage,View,63.666666666666664
1626,1627,81,10,2025-10-27,productpage,View,226.33333333333334
1627,1628,85,2,2024-01-05,checkout,Drop-off,
1628,1629,60,7,2025-10-15,checkout,Drop-off,157.0
1629,1630,95,6,2024-02-06,checkout,Drop-off,142.0
1630,1631,61,15,2025-06-06,productpage,View,139.66666666666666
1631,1632,69,11,2025-07-05,productpage,View,170.5
1632,1633,34,4,2023-12-23,homepage,Click,137.0
1633,1634,27,4,2023-06-28,productpage,Click,57.142857142857146
1634,1635,39,20,2023-08-24,homepage,View,191.25
1635,1636,100,15,2023-05-16,homepage,View,187.5
1636,1637,34,7,2023-07-20,homepage,View,187.6
1637,1638,75,20,2024-04-11,checkout,Drop-off,172.25
1638,1639,6,4,2023-04-21,productpage,View,193.0
1639,1640,76,1,2023-11-01,productpage,View,152.5
1640,1641,15,9,2024-08-17,productpage,View,218.75
1641,1642,70,10,2023-04-13,homepage,View,276.0
1642,1643,30,4,2024-04-25,checkout,Drop-off,140.0
1643,1644,22,1,2024-10-11,productpage,View,196.0
1644,1645,96,8,2025-10-16,homepage,View,145.25
1645,1646,27,5,2023-08-01,homepage,View,127.25
1646,1647,75,13,2024-03-13,checkout,Drop-off,81.5
1647,1648,4,13,2025-01-03,checkout,Drop-off,160.0
1648,1649,1,10,2023-06-21,checkout,Drop-off,74.75
1649,1650,77,7,2023-04-18,homepage,Click,126.0
1650,1651,82,1,2023-01-05,homepage,Click,177.25
1651,1652,94,20,2024-05-18,homepage,View,87.75
1652,1653,13,4,2025-10-08,checkout,Drop-off,161.0
1653,1654,40,5,2024-02-22,homepage,Click,63.666666666666664
1654,1655,56,8,2023-04-23,homepage,View,162.0
1655,1656,49,5,2025-12-03,productpage,View,227.0
1656,1657,90,6,2025-08-09,homepage,View,167.33333333333334
1657,1658,58,12,2023-02-19,homepage,Click,105.33333333333333
1658,1659,83,10,2024-06-10,homepage,Click,132.33333333333334
1659,1660,87,14,2025-10-14,homepage,View,130.5
1660,1661,63,11,2023-07-23,productpage,View,189.33333333333334
1661,1662,24,5,2023-03-23,homepage,View,245.33333333333334
1662,1663,93,11,2025-11-07,checkout,Drop-off,72.33333333333333
1663,1664,62,16,2024-04-09,productpage,View,145.66666666666666
1664,1665,6,15,2023-08-24,homepage,View,191.25
1665,1666,17,7,2023-07-16,homepage,View,164.4
1666,1667,27,8,2025-04-18,productpage,View,151.5
1667,1668,6,16,2023-11-22,productpage,View,179.0
1668,1669,9,15,2024-02-18,homepage,Click,144.83333333333334
1669,1670,66,7,2023-01-12,homepage,Click,149.71428571428572
1670,1671,35,5,2023-04-01,productpage,Click,209.25
1671,1672,18,7,2024-08-21,productpage,Click,121.0
1672,1673,2,12,2025-08-23,productpage,Click,172.25
1673,1674,47,16,2023-10-03,checkout,Purchase,225.5
1674,1675,72,19,2024-10-03,homepage,View,148.8
1675,1676,93,18,2024-05-18,homepage,View,87.75
1676,1677,77,3,2025-06-28,productpage,View,84.5
1677,1678,92,4,2023-01-02,homepage,View,151.0
1678,1679,74,1,2023-07-04,productpage,View,152.16666666666666
1679,1680,50,17,2025-08-02,productpage,View,106.8
1680,1681,56,12,2025-01-15,homepage,View,153.5
1681,1682,58,8,2023-01-04,checkout,Drop-off,183.0
1682,1683,76,4,2024-10-04,homepage,Click,192.83333333333334
1683,1684,76,10,2024-09-22,productpage,Click,173.66666666666666
1684,1685,33,1,2024-12-15,productpage,Click,122.66666666666667
1685,1686,70,5,2023-01-14,checkout,Purchase,204.0
1686,1687,47,10,2025-07-24,productpage,View,146.4
1687,1688,39,20,2025-05-25,productpage,View,155.0
1688,1689,90,14,2023-10-24,productpage,View,121.0
1689,1690,3,10,2023-02-15,productpage,View,96.0
1690,1691,72,8,2025-11-06,checkout,Drop-off,245.0
1691,1692,45,12,2024-12-31,homepage,Click,126.0
1692,1693,66,8,2023-09-03,homepage,View,207.0
1693,1694,89,17,2023-03-23,productpage,View,245.33333333333334
1694,1695,29,5,2024-06-09,productpage,View,215.2
1695,1696,61,11,2025-07-25,homepage,View,170.75
1696,1697,89,13,2025-06-11,productpage,View,89.0
1697,1698,14,18,2025-05-02,checkout,Drop-off,160.0
1698,1699,13,19,2024-04-06,productpage,View,211.75
1699,1700,82,16,2023-03-17,productpage,View,120.28571428571429
1700,1701,9,5,2024-04-25,productpage,View,140.0
1701,1702,68,19,2023-07-30,homepage,View,122.5
1702,1703,25,17,2024-07-29,homepage,View,86.0
1703,1704,85,1,2023-02-23,productpage,View,232.0
1704,1705,54,15,2025-12-14,homepage,View,92.4
1705,1706,22,13,2023-04-05,homepage,View,127.0
1706,1707,70,1,2023-12-19,homepage,View,172.0
1707,1708,47,17,2024-06-13,homepage,Click,121.66666666666667
1708,1709,72,19,2025-02-10,checkout,Purchase,148.25
1709,1710,65,4,2024-08-27,productpage,View,219.66666666666666
1710,1711,100,13,2024-05-28,homepage,View,136.44444444444446
1711,1712,37,2,2024-07-02,homepage,Click,208.4
1712,1713,21,13,2024-04-17,homepage,Click,167.2
1713,1714,43,1,2024-06-20,homepage,View,123.88888888888889
1714,1715,62,5,2025-02-27,homepage,View,64.66666666666667
1715,1716,95,15,2023-09-18,homepage,View,242.66666666666666
1716,1717,63,12,2025-04-25,productpage,View,90.5
1717,1718,76,20,2024-11-25,productpage,View,194.66666666666666
1718,1719,54,10,2024-12-26,homepage,Click,183.5
1719,1720,72,9,2023-11-09,homepage,Click,150.66666666666666
1720,1721,98,13,2023-04-07,homepage,View,180.5
1721,1722,84,5,2023-10-11,checkout,Drop-off,245.0
1722,1723,95,8,2025-07-20,productpage,View,123.0
1723,1724,51,5,2025-03-29,productpage,View,124.5
1724,1725,38,20,2025-11-05,productpage,View,119.0
1725,1726,43,14,2023-02-17,homepage,View,131.0
1726,1727,23,1,2023-01-30,checkout,Drop-off,131.6
1727,1728,94,12,2025-12-19,productpage,View,226.0
1728,1729,54,20,2025-09-01,homepage,View,86.25
1729,1730,21,15,2025-09-29,homepage,View,176.16666666666666
1730,1731,37,5,2025-04-11,homepage,Click,201.0
1731,1732,89,12,2025-02-27,homepage,View,64.66666666666667
1732,1733,99,1,2024-08-22,productpage,View,113.0
1733,1734,49,18,2024-03-21,productpage,View,130.8
1734,1735,66,14,2024-10-23,checkout,Drop-off,48.75
1735,1736,41,2,2023-01-13,homepage,Click,187.66666666666666
1736,1737,64,7,2025-03-16,productpage,Click,197.0
1737,1738,44,10,2023-03-08,productpage,Click,253.5
1738,1739,36,20,2025-06-24,homepage,View,78.0
1739,1740,9,13,2023-05-31,checkout,Drop-off,184.0
1740,1741,44,14,2025-08-04,homepage,Click,203.0
1741,1742,55,11,2025-01-23,productpage,Click,102.0
1742,1743,60,15,2025-11-17,productpage,Click,129.33333333333334
1743,1744,6,14,2025-05-01,checkout,Purchase,60.0
1744,1745,5,4,2024-07-25,homepage,Click,246.0
1745,1746,10,19,2023-02-02,productpage,Click,218.0
1746,1747,2,9,2023-02-08,homepage,Click,234.5
1747,1748,61,20,2023-10-04,checkout,Purchase,48.5
1748,1749,25,9,2024-09-01,checkout,Drop-off,155.0
1749,1750,7,5,2023-11-10,productpage,View,158.66666666666666
1750,1751,47,9,2025-04-04,productpage,View,149.2
1751,1752,2,9,2025-07-12,productpage,View,192.25
1752,1753,18,9,2024-04-17,homepage,View,167.2
1753,1754,21,12,2025-05-17,productpage,View,173.5
1754,1755,97,8,2023-07-30,checkout,Drop-off,122.5
1755,1756,41,17,2023-09-15,productpage,View,117.0
1756,1757,82,9,2024-08-17,productpage,View,218.75
1757,1758,98,16,2025-07-04,productpage,View,175.83333333333334
1758,1759,51,15,2025-08-15,homepage,View,143.875
1759,1760,15,9,2023-08-06,checkout,Drop-off,169.5
1760,1761,47,1,2024-09-09,checkout,Drop-off,120.33333333333333
1761,1762,67,4,2024-05-28,homepage,Click,136.44444444444446
1762,1763,69,14,2023-02-11,checkout,Purchase,104.6
1763,1764,52,3,2023-02-04,productpage,View,232.2
1764,1765,87,5,2023-04-01,productpage,View,209.25
1765,1766,23,5,2025-04-17,homepage,Click,99.66666666666667
1766,1767,87,1,2023-08-22,homepage,View,95.71428571428571
1767,1768,46,4,2024-02-09,checkout,Drop-off,240.0
1768,1769,42,20,2023-05-25,productpage,View,200.0
1769,1770,18,17,2024-10-14,homepage,View,146.0
1770,1771,67,15,2023-01-14,homepage,View,204.0
1771,1772,56,19,2023-12-29,productpage,View,135.0
1772,1773,92,3,2024-02-06,productpage,View,142.0
1773,1774,37,15,2023-06-02,homepage,Click,199.33333333333334
1774,1775,77,10,2023-12-30,productpage,Click,56.5
1775,1776,22,15,2023-09-06,homepage,View,153.0
1776,1777,82,16,2025-10-12,productpage,View,169.42857142857142
1777,1778,28,11,2025-01-10,productpage,View,95.0
1778,1779,47,1,2024-04-27,checkout,Drop-off,101.0
1779,1780,93,14,2024-03-20,productpage,View,238.25
1780,1781,91,5,2023-04-15,productpage,View,156.6
1781,1782,23,2,2024-03-06,checkout,Drop-off,183.0
1782,1783,6,18,2024-11-14,homepage,View,282.3333333333333
1783,1784,50,13,2023-04-03,checkout,Drop-off,209.5
1784,1785,30,10,2025-03-31,homepage,View,114.0
1785,1786,2,18,2025-01-18,checkout,Drop-off,164.33333333333334
1786,1787,2,14,2023-02-16,productpage,View,170.66666666666666
1787,1788,77,7,2023-03-08,homepage,Click,253.5
1788,1789,35,5,2025-10-10,productpage,Click,206.0
1789,1790,10,13,2023-11-01,homepage,View,152.5
1790,1791,75,2,2025-04-23,productpage,View,175.8
1791,1792,32,8,2025-08-23,homepage,View,172.25
1792,1793,75,6,2025-10-29,productpage,View,52.0
1793,1794,50,9,2025-06-02,homepage,View,179.8
1794,1795,10,11,2024-03-15,productpage,View,174.0
1795,1796,44,11,2023-12-19,homepage,Click,172.0
1796,1797,83,11,2023-06-12,checkout,Purchase,150.4
1797,1798,74,2,2024-08-18,homepage,View,150.0
1798,1799,12,11,2023-10-28,homepage,Click,138.0
1799,1800,22,11,2023-12-29,productpage,Click,135.0
1800,1801,24,17,2024-12-20,homepage,Click,97.33333333333333
1801,1802,91,15,2024-07-22,checkout,Purchase,177.0
1802,1803,30,8,2023-07-24,productpage,View,176.25
1803,1804,44,10,2023-10-06,homepage,View,136.85714285714286
1804,1805,87,4,2024-02-07,productpage,View,119.0
1805,1806,2,11,2025-01-11,homepage,View,194.0
1806,1807,30,15,2023-09-28,homepage,View,183.25
1807,1808,74,13,2024-01-24,productpage,View,175.5
1808,1809,35,6,2024-01-15,homepage,Click,104.5
1809,1810,58,19,2024-08-04,checkout,Purchase,128.5
1810,1811,42,7,2023-07-04,checkout,Drop-off,152.16666666666666
1811,1812,5,8,2023-06-27,productpage,View,192.5
1812,1813,28,7,2024-07-22,productpage,View,177.0
1813,1814,87,12,2023-06-14,productpage,View,121.75
1814,1815,81,3,2023-03-22,productpage,View,91.0
1815,1816,9,20,2025-08-10,checkout,Drop-off,103.14285714285714
1816,1817,65,6,2025-05-07,homepage,View,183.25
1817,1818,91,10,2025-05-04,homepage,Click,189.42857142857142
1818,1819,100,2,2025-04-18,productpage,Drop-off,151.5
1819,1820,17,6,2024-02-16,productpage,View,197.75
1820,1821,93,3,2023-12-20,checkout,Drop-off,187.33333333333334
1821,1822,84,4,2023-05-12,productpage,View,173.66666666666666
1822,1823,40,15,2023-09-27,productpage,View,82.0
1823,1824,30,20,2025-07-09,homepage,View,169.25
1824,1825,23,20,2024-10-03,productpage,View,148.8
1825,1826,21,2,2024-10-17,productpage,View,219.5
1826,1827,16,4,2023-10-31,homepage,Click,120.75
1827,1828,59,5,2023-01-03,homepage,View,170.75
1828,1829,90,15,2024-12-11,homepage,Click,154.66666666666666
1829,1830,99,17,2025-03-03,homepage,Click,117.0
1830,1831,3,2,2023-11-13,homepage,View,149.0
1831,1832,33,20,2025-01-12,productpage,View,126.0
1832,1833,9,10,2024-01-30,productpage,View,184.5
1833,1834,78,20,2023-08-30,productpage,View,199.66666666666666
1834,1835,56,9,2024-12-15,checkout,Drop-off,122.66666666666667
1835,1836,1,17,2025-02-21,homepage,View,182.0
1836,1837,94,1,2025-07-28,checkout,Drop-off,117.33333333333333
1837,1838,99,5,2025-02-23,checkout,Drop-off,221.5
1838,1839,41,3,2023-10-17,checkout,Drop-off,183.25
1839,1840,2,8,2023-03-16,homepage,View,169.25
1840,1841,64,11,2025-11-22,homepage,View,121.0
1841,1842,75,1,2024-12-06,productpage,View,189.5
1842,1843,37,13,2025-09-21,checkout,Drop-off,146.33333333333334
1843,1844,88,14,2025-03-23,checkout,Drop-off,145.5
1844,1845,6,15,2023-10-17,homepage,View,183.25
1845,1846,21,2,2023-03-18,productpage,View,90.0
1846,1847,15,3,2025-11-30,homepage,View,165.5
1847,1848,58,17,2024-12-29,checkout,Drop-off,220.375
1848,1849,67,12,2024-09-04,homepage,View,99.25
1849,1850,33,2,2023-10-27,checkout,Drop-off,207.0
1850,1851,36,7,2024-11-07,homepage,View,145.33333333333334
1851,1852,26,8,2024-09-04,homepage,Click,99.25
1852,1853,88,18,2023-10-01,homepage,View,199.5
1853,1854,81,12,2024-12-27,productpage,View,163.5
1854,1855,74,12,2024-11-04,homepage,View,76.0
1855,1856,2,19,2024-07-25,productpage,View,246.0
1856,1857,95,18,2023-03-30,productpage,View,144.2
1857,1858,87,17,2024-07-18,productpage,View,171.16666666666666
1858,1859,92,10,2023-09-05,homepage,View,213.33333333333334
1859,1860,54,11,2024-03-14,homepage,Click,186.0
1860,1861,66,2,2023-08-01,homepage,View,127.25
1861,1862,62,4,2024-09-27,homepage,View,214.4
1862,1863,24,11,2025-05-03,homepage,View,124.8
1863,1864,23,9,2023-08-27,homepage,Click,218.0
1864,1865,74,15,2025-08-24,productpage,Click,106.5
1865,1866,22,20,2025-01-28,homepage,View,196.5
1866,1867,46,18,2024-05-29,homepage,View,146.25
1867,1868,38,14,2025-08-13,checkout,Drop-off,130.0
1868,1869,21,14,2025-06-02,homepage,View,179.8
1869,1870,8,14,2023-03-15,homepage,View,211.33333333333334
1870,1871,21,2,2023-06-24,homepage,Click,202.4
1871,1872,40,20,2025-08-28,homepage,View,137.0
1872,1873,72,12,2025-01-21,homepage,View,159.0
1873,1874,29,13,2024-07-18,productpage,View,171.16666666666666
1874,1875,67,18,2023-08-12,homepage,View,130.75
1875,1876,98,5,2023-10-16,checkout,Drop-off,245.0
1876,1877,34,15,2024-06-28,homepage,Click,150.2
1877,1878,63,14,2023-10-09,checkout,Purchase,147.25
1878,1879,90,16,2024-10-04,homepage,Click,192.83333333333334
1879,1880,53,9,2024-03-16,productpage,Click,143.0
1880,1881,35,7,2025-09-30,homepage,Click,195.25
1881,1882,87,2,2024-02-16,homepage,View,197.75
1882,1883,73,13,2025-12-29,homepage,View,145.0
1883,1884,67,18,2024-12-03,homepage,View,112.5
1884,1885,43,18,2024-12-15,checkout,Drop-off,122.66666666666667
1885,1886,51,18,2025-09-30,productpage,View,195.25
1886,1887,81,16,2025-06-11,homepage,Click,89.0
1887,1888,19,11,2025-10-25,productpage,Click,244.0
1888,1889,51,5,2025-04-20,productpage,Click,184.0
1889,1890,12,11,2023-09-30,homepage,Click,132.0
1890,1891,12,20,2025-07-18,productpage,Click,181.0
1891,1892,92,2,2025-08-10,productpage,Click,103.14285714285714
1892,1893,66,1,2024-11-28,homepage,Click,47.0
1893,1894,88,13,2025-10-21,homepage,View,144.0
1894,1895,81,10,2023-09-16,checkout,Drop-off,180.66666666666666
1895,1896,61,3,2025-11-21,homepage,View,238.0
1896,1897,32,11,2023-03-05,productpage,View,170.0
1897,1898,49,16,2025-05-29,homepage,View,162.55555555555554
1898,1899,92,1,2023-03-24,productpage,View,106.8
1899,1900,48,10,2023-04-07,homepage,View,180.5
1900,1901,34,15,2024-12-15,checkout,Drop-off,122.66666666666667
1901,1902,39,19,2024-01-07,checkout,Drop-off,201.0
1902,1903,37,10,2025-09-26,productpage,View,124.33333333333333
1903,1904,1,14,2025-11-15,homepage,View,117.0
1904,1905,76,10,2024-07-06,productpage,View,134.0
1905,1906,90,8,2025-03-01,checkout,Drop-off,
1906,1907,34,15,2025-07-26,homepage,View,180.5
1907,1908,6,7,2023-04-22,productpage,View,121.25
1908,1909,60,14,2024-06-03,productpage,View,155.0
1909,1910,64,18,2025-07-22,homepage,View,147.5
1910,1911,12,19,2024-03-28,checkout,Drop-off,172.0
1911,1912,33,6,2023-12-18,checkout,Drop-off,181.33333333333334
1912,1913,49,11,2023-11-20,homepage,View,103.85714285714286
1913,1914,55,17,2025-06-19,productpage,View,134.0
1914,1915,48,12,2024-03-05,homepage,Click,120.33333333333333
1915,1916,67,10,2024-01-04,productpage,Click,147.5
1916,1917,2,13,2025-01-21,checkout,Drop-off,159.0
1917,1918,57,17,2024-10-13,homepage,Click,157.0
1918,1919,90,19,2024-08-29,homepage,Click,180.5
1919,1920,10,4,2024-09-05,productpage,Click,96.8
1920,1921,28,12,2023-03-30,productpage,Click,144.2
1921,1922,81,10,2023-12-27,productpage,Click,175.8
1922,1923,95,13,2025-08-07,checkout,Purchase,173.25
1923,1924,25,3,2025-09-30,homepage,View,195.25
1924,1925,96,18,2023-01-12,productpage,View,149.71428571428572
1925,1926,38,9,2023-10-18,productpage,View,201.0
1926,1927,48,12,2023-03-29,productpage,View,176.33333333333334
1927,1928,25,11,2023-06-15,productpage,View,127.42857142857143
1928,1929,1,6,2025-06-25,checkout,Drop-off,185.4
1929,1930,90,18,2024-02-20,checkout,Drop-off,84.66666666666667
1930,1931,26,4,2023-07-22,homepage,View,148.0
1931,1932,56,17,2025-09-04,homepage,View,140.75
1932,1933,23,14,2023-04-06,homepage,Click,122.33333333333333
1933,1934,81,13,2023-06-27,homepage,Click,192.5
1934,1935,68,14,2024-04-05,productpage,Click,187.75
1935,1936,81,20,2025-02-21,homepage,View,182.0
1936,1937,66,2,2023-05-06,productpage,View,111.66666666666667
1937,1938,46,14,2025-05-07,productpage,View,183.25
1938,1939,96,15,2024-06-12,homepage,View,227.0
1939,1940,54,6,2024-10-18,checkout,Drop-off,
1940,1941,54,19,2024-06-18,homepage,Click,140.0
1941,1942,75,12,2023-04-27,homepage,Click,157.0
1942,1943,21,16,2025-10-07,homepage,View,257.3333333333333
1943,1944,59,9,2024-01-16,productpage,View,137.0
1944,1945,22,10,2023-03-16,homepage,View,169.25
1945,1946,68,15,2024-08-10,productpage,View,209.83333333333334
1946,1947,69,1,2025-02-22,productpage,View,132.28571428571428
1947,1948,16,19,2023-12-12,homepage,View,182.2
1948,1949,25,2,2023-04-23,homepage,View,162.0
1949,1950,50,7,2025-12-09,homepage,View,197.0
1950,1951,77,13,2024-06-06,productpage,View,130.75
1951,1952,94,2,2025-02-11,homepage,Click,231.25
1952,1953,20,10,2024-02-26,homepage,View,156.66666666666666
1953,1954,38,11,2023-05-19,homepage,View,155.5
1954,1955,76,2,2025-10-12,homepage,View,169.42857142857142
1955,1956,29,14,2023-07-21,homepage,View,120.8
1956,1957,10,16,2024-03-11,homepage,Click,172.0
1957,1958,98,18,2025-06-25,homepage,Click,185.4
1958,1959,68,2,2023-07-12,productpage,Click,76.33333333333333
1959,1960,2,2,2023-09-24,homepage,Click,55.5
1960,1961,88,5,2023-08-08,homepage,View,151.33333333333334
1961,1962,31,3,2023-12-23,productpage,View,137.0
1962,1963,72,3,2023-07-30,productpage,View,122.5
1963,1964,26,11,2024-06-19,productpage,View,132.125
1964,1965,2,3,2025-11-22,homepage,View,121.0
1965,1966,65,4,2024-03-26,checkout,Drop-off,
1966,1967,60,10,2025-02-07,homepage,Click,168.5
1967,1968,97,9,2025-11-25,homepage,View,135.5
1968,1969,44,2,2023-11-17,productpage,View,105.0
1969,1970,28,3,2023-07-12,checkout,Drop-off,76.33333333333333
1970,1971,100,6,2025-08-18,homepage,Click,63.666666666666664
1971,1972,19,10,2025-01-06,homepage,Click,225.6
1972,1973,83,20,2023-08-20,productpage,Click,145.5
1973,1974,66,18,2024-01-22,homepage,View,124.0
1974,1975,31,1,2024-06-15,productpage,View,124.0
1975,1976,17,13,2024-09-14,productpage,View,153.5
1976,1977,55,5,2023-02-22,productpage,View,222.33333333333334
1977,1978,23,2,2024-12-04,homepage,Click,211.75
1978,1979,61,7,2025-04-09,homepage,Click,166.66666666666666
1979,1980,84,9,2024-01-24,checkout,Purchase,175.5
1980,1981,68,6,2023-10-06,homepage,Click,136.85714285714286
1981,1982,21,20,2025-03-25,homepage,View,171.5
1982,1983,56,15,2024-01-31,homepage,View,165.33333333333334
1983,1984,44,10,2023-11-27,homepage,View,173.83333333333334
1984,1985,56,20,2024-01-02,homepage,View,168.5
1985,1986,98,4,2023-04-11,homepage,Click,106.4
1986,1987,66,14,2023-06-11,productpage,Drop-off,244.5
1987,1988,20,12,2025-09-08,productpage,View,105.8
1988,1989,45,1,2025-11-30,productpage,View,165.5
1989,1990,97,9,2023-05-30,homepage,Click,144.33333333333334
1990,1991,85,15,2023-01-20,homepage,View,161.0
1991,1992,6,17,2023-09-07,homepage,View,190.5
1992,1993,51,13,2024-05-30,homepage,View,166.33333333333334
1993,1994,22,15,2024-09-24,homepage,Click,137.66666666666666
1994,1995,85,18,2023-08-03,homepage,View,256.0
1995,1996,74,17,2023-02-03,checkout,Drop-off,128.2
1996,1997,31,7,2023-05-15,productpage,View,170.8
1997,1998,40,17,2025-03-30,checkout,Drop-off,204.0
1998,1999,26,14,2025-07-09,homepage,View,169.25
1999,2000,32,12,2025-05-23,homepage,View,174.25
2000,2001,29,3,2024-06-04,productpage,View,59.5
2001,2002,73,1,2025-11-24,checkout,Drop-off,278.0
2002,2003,62,7,2024-07-27,homepage,Click,204.0
2003,2004,47,13,2024-12-01,checkout,Purchase,184.5
2004,2005,68,16,2024-04-08,checkout,Drop-off,
2005,2006,71,8,2025-04-22,homepage,Click,244.5
2006,2007,83,19,2023-07-01,checkout,Purchase,97.0
2007,2008,73,7,2024-11-07,productpage,View,145.33333333333334
2008,2009,22,18,2025-08-22,productpage,View,198.0
2009,2010,42,16,2023-12-11,homepage,View,217.5
2010,2011,17,1,2025-11-22,homepage,View,121.0
2011,2012,50,17,2024-10-08,checkout,Drop-off,
2012,2013,38,5,2023-10-07,productpage,View,104.0
2013,2014,59,5,2023-05-22,checkout,Drop-off,161.0
2014,2015,42,20,2025-08-01,checkout,Drop-off,
2015,2016,25,3,2025-07-31,productpage,View,233.75
2016,2017,62,7,2023-08-19,checkout,Drop-off,144.625
2017,2018,95,4,2024-04-20,homepage,Click,200.0
2018,2019,81,15,2024-02-02,homepage,View,151.25
2019,2020,25,6,2024-11-17,productpage,View,212.33333333333334
2020,2021,92,20,2023-03-05,homepage,View,170.0
2021,2022,70,8,2023-11-13,productpage,View,149.0
2022,2023,84,2,2025-02-20,homepage,View,177.4
2023,2024,1,18,2025-09-09,productpage,View,110.5
2024,2025,61,19,2023-07-16,homepage,Click,164.4
2025,2026,10,5,2024-02-15,homepage,Click,197.25
2026,2027,91,4,2023-01-09,checkout,Drop-off,201.0
2027,2028,24,7,2025-05-19,productpage,View,181.66666666666666
2028,2029,90,13,2024-08-01,productpage,View,224.5
2029,2030,21,10,2024-06-10,homepage,View,132.33333333333334
2030,2031,46,2,2023-10-18,checkout,Drop-off,201.0
2031,2032,7,2,2023-07-15,productpage,View,93.0
2032,2033,77,2,2025-09-19,homepage,View,235.33333333333334
2033,2034,36,19,2025-08-17,checkout,Drop-off,215.66666666666666
2034,2035,46,18,2023-08-19,productpage,View,144.625
2035,2036,70,4,2024-08-12,homepage,Click,182.75
2036,2037,72,2,2025-02-10,homepage,View,148.25
2037,2038,96,13,2023-02-12,productpage,View,279.5
2038,2039,23,15,2025-02-25,checkout,Drop-off,104.0
2039,2040,1,1,2023-03-11,homepage,Click,161.0
2040,2041,75,18,2025-09-08,productpage,Click,105.8
2041,2042,85,2,2024-06-17,homepage,Click,207.25
2042,2043,8,20,2023-06-19,homepage,View,100.0
2043,2044,33,7,2025-11-05,productpage,View,119.0
2044,2045,97,20,2024-07-02,productpage,View,208.4
2045,2046,93,12,2023-04-20,productpage,View,93.2
2046,2047,59,18,2024-04-07,productpage,View,115.5
2047,2048,20,6,2024-01-14,checkout,Drop-off,187.5
2048,2049,51,20,2023-12-11,productpage,View,217.5
2049,2050,56,15,2023-07-31,homepage,Click,159.75
2050,2051,88,11,2025-08-12,productpage,Click,102.0
2051,2052,31,11,2025-04-05,homepage,View,83.0
2052,2053,50,4,2024-06-17,productpage,View,207.25
2053,2054,26,1,2023-01-31,checkout,Drop-off,147.5
2054,2055,91,16,2023-10-01,checkout,Drop-off,199.5
2055,2056,5,15,2024-02-15,productpage,View,197.25
2056,2057,72,2,2024-10-06,homepage,Click,136.0
2057,2058,38,19,2023-11-16,productpage,Drop-off,157.0
2058,2059,52,14,2024-09-15,homepage,View,32.0
2059,2060,99,7,2024-06-20,homepage,View,123.88888888888889
2060,2061,46,5,2023-10-05,productpage,View,109.75
2061,2062,34,16,2025-08-27,checkout,Drop-off,226.0
2062,2063,52,13,2023-07-18,homepage,Click,172.16666666666666
2063,2064,30,12,2025-09-09,homepage,Click,110.5
2064,2065,40,4,2025-09-29,homepage,View,176.16666666666666
2065,2066,49,7,2023-10-23,homepage,Click,110.33333333333333
2066,2067,13,1,2023-11-05,homepage,Click,209.66666666666666
2067,2068,26,14,2023-05-17,homepage,View,63.666666666666664
2068,2069,89,12,2023-03-09,productpage,View,167.25
2069,2070,6,10,2025-07-05,homepage,View,170.5
2070,2071,22,3,2025-08-23,checkout,Drop-off,172.25
2071,2072,1,20,2023-05-29,checkout,Drop-off,198.0
2072,2073,18,14,2023-08-12,productpage,View,130.75
2073,2074,38,2,2024-12-29,homepage,View,220.375
2074,2075,21,9,2024-07-09,checkout,Drop-off,145.0
2075,2076,98,3,2023-11-28,productpage,View,121.66666666666667
2076,2077,98,10,2024-11-15,checkout,Drop-off,150.5
2077,2078,84,20,2025-06-15,homepage,Click,106.0
2078,2079,4,13,2023-10-02,productpage,Click,176.0
2079,2080,87,16,2023-10-09,homepage,View,147.25
2080,2081,26,15,2025-11-10,checkout,Drop-off,108.66666666666667
2081,2082,68,11,2024-03-06,homepage,Click,183.0
2082,2083,19,13,2025-01-11,productpage,Click,194.0
2083,2084,88,6,2024-08-17,homepage,View,218.75
2084,2085,50,5,2024-06-24,homepage,Click,113.5
2085,2086,43,10,2024-01-16,homepage,Click,137.0
2086,2087,4,5,2023-07-01,homepage,Click,97.0
2087,2088,32,2,2025-10-05,homepage,View,181.0
2088,2089,85,18,2023-11-20,productpage,View,103.85714285714286
2089,2090,78,2,2023-09-12,productpage,View,95.5
2090,2091,41,9,2023-08-23,productpage,View,72.5
2091,2092,64,12,2025-11-17,homepage,Click,129.33333333333334
2092,2093,52,6,2023-11-05,homepage,Click,209.66666666666666
2093,2094,18,2,2025-02-11,productpage,Click,231.25
2094,2095,7,16,2024-11-10,homepage,Click,82.33333333333333
2095,2096,60,5,2025-01-28,checkout,Purchase,196.5
2096,2097,54,17,2024-06-15,homepage,View,124.0
2097,2098,82,19,2023-11-13,checkout,Drop-off,149.0
2098,2099,89,15,2023-05-24,homepage,View,141.33333333333334
2099,2100,15,17,2023-12-30,productpage,View,56.5
2100,2101,53,15,2024-08-14,homepage,View,226.33333333333334
2101,2102,81,1,2024-05-30,homepage,View,166.33333333333334
2102,2103,1,17,2024-01-29,homepage,Click,131.2
2103,2104,37,14,2025-07-03,checkout,Drop-off,128.0
2104,2105,70,12,2025-08-04,homepage,View,203.0
2105,2106,83,11,2023-02-14,checkout,Drop-off,168.5
2106,2107,58,12,2025-12-29,homepage,Click,145.0
2107,2108,34,5,2025-05-27,homepage,View,160.33333333333334
2108,2109,27,7,2023-07-22,homepage,View,148.0
2109,2110,67,14,2025-06-03,productpage,View,168.0
2110,2111,94,10,2023-07-04,productpage,View,152.16666666666666
2111,2112,30,15,2024-04-15,productpage,View,156.0
2112,2113,11,16,2024-10-12,productpage,View,121.875
2113,2114,40,5,2025-09-28,homepage,View,232.33333333333334
2114,2115,22,17,2024-10-20,homepage,View,127.0
2115,2116,20,8,2025-11-10,productpage,View,108.66666666666667
2116,2117,63,16,2023-12-06,homepage,Click,138.2
2117,2118,70,19,2024-01-27,homepage,View,121.33333333333333
2118,2119,23,17,2024-08-28,homepage,View,183.33333333333334
2119,2120,77,20,2024-05-11,checkout,Drop-off,154.25
2120,2121,66,7,2023-01-26,productpage,View,184.66666666666666
2121,2122,21,5,2023-08-28,homepage,View,174.5
2122,2123,14,17,2025-03-03,homepage,View,117.0
2123,2124,1,3,2023-09-23,productpage,View,193.0
2124,2125,21,14,2025-01-21,checkout,Drop-off,159.0
2125,2126,16,7,2023-07-10,homepage,Click,224.66666666666666
2126,2127,98,16,2024-12-18,checkout,Purchase,261.3333333333333
2127,2128,45,17,2023-12-13,checkout,Drop-off,137.33333333333334
2128,2129,89,11,2025-01-02,checkout,Drop-off,178.33333333333334
2129,2130,30,15,2024-04-14,homepage,View,111.33333333333333
2130,2131,48,4,2024-02-08,checkout,Drop-off,74.0
2131,2132,13,4,2023-03-17,productpage,View,120.28571428571429
2132,2133,73,9,2024-05-24,homepage,Click,222.0
2133,2134,60,4,2025-05-04,productpage,Click,189.42857142857142
2134,2135,53,19,2023-04-24,homepage,View,216.0
2135,2136,16,12,2023-10-17,checkout,Drop-off,183.25
2136,2137,54,16,2025-07-20,productpage,View,123.0
2137,2138,33,18,2024-04-04,productpage,View,139.33333333333334
2138,2139,49,11,2024-04-11,productpage,View,172.25
2139,2140,48,16,2024-06-20,homepage,Click,123.88888888888889
2140,2141,40,3,2025-09-22,productpage,Click,202.0
2141,2142,34,11,2023-07-31,homepage,Click,159.75
2142,2143,46,16,2024-12-04,productpage,Click,211.75
2143,2144,82,14,2024-10-15,homepage,View,217.33333333333334
2144,2145,66,19,2025-06-01,productpage,View,200.66666666666666
2145,2146,54,1,2025-10-01,productpage,View,158.0
2146,2147,83,3,2024-06-12,checkout,Drop-off,227.0
2147,2148,39,10,2024-12-26,productpage,View,183.5
2148,2149,33,14,2023-12-24,homepage,Click,202.0
2149,2150,14,13,2023-10-23,homepage,Click,110.33333333333333
2150,2151,73,9,2024-02-18,homepage,View,144.83333333333334
2151,2152,41,15,2024-12-31,productpage,View,126.0
2152,2153,65,16,2024-02-09,productpage,View,240.0
2153,2154,19,9,2025-01-14,checkout,Drop-off,147.0
2154,2155,70,14,2023-04-24,productpage,View,216.0
2155,2156,30,20,2024-04-05,homepage,View,187.75
2156,2157,90,16,2024-03-10,checkout,Drop-off,138.0
2157,2158,3,14,2023-06-18,productpage,View,83.25
2158,2159,4,8,2025-12-15,productpage,View,271.5
2159,2160,66,10,2025-09-05,homepage,View,91.0
2160,2161,42,17,2023-12-18,productpage,View,181.33333333333334
2161,2162,26,15,2023-06-09,homepage,Click,219.0
2162,2163,46,18,2025-07-26,productpage,Click,180.5
2163,2164,29,3,2023-07-04,checkout,Purchase,152.16666666666666
2164,2165,45,4,2025-10-12,productpage,View,169.42857142857142
2165,2166,99,14,2023-06-24,productpage,View,202.4
2166,2167,29,6,2025-04-08,productpage,View,199.0
2167,2168,84,11,2023-01-17,homepage,View,159.0
2168,2169,5,19,2024-01-13,homepage,View,135.0
2169,2170,67,10,2024-09-08,checkout,Drop-off,
2170,2171,73,7,2023-05-03,checkout,Drop-off,164.28571428571428
2171,2172,61,8,2024-12-01,homepage,Click,184.5
2172,2173,98,2,2023-01-14,productpage,Click,204.0
2173,2174,95,3,2024-07-30,checkout,Purchase,159.5
2174,2175,12,10,2024-03-28,homepage,Click,172.0
2175,2176,63,7,2025-08-02,productpage,Click,106.8
2176,2177,77,19,2025-01-06,productpage,Click,225.6
2177,2178,34,5,2023-08-22,productpage,Click,95.71428571428571
2178,2179,63,6,2024-10-01,checkout,Purchase,211.4
2179,2180,72,14,2023-11-17,homepage,Click,105.0
2180,2181,59,17,2024-09-25,checkout,Purchase,169.0
2181,2182,72,9,2023-06-21,homepage,View,74.75
2182,2183,54,18,2024-10-11,homepage,Click,196.0
2183,2184,34,7,2023-06-02,productpage,Click,199.33333333333334
2184,2185,39,12,2023-03-17,productpage,Click,120.28571428571429
2185,2186,57,20,2023-12-03,productpage,Click,167.33333333333334
2186,2187,1,9,2024-10-23,checkout,Purchase,48.75
2187,2188,95,2,2023-06-06,productpage,View,242.0
2188,2189,49,20,2025-01-06,productpage,View,225.6
2189,2190,33,16,2025-05-10,homepage,Click,210.5
2190,2191,7,8,2024-12-23,productpage,Click,157.33333333333334
2191,2192,93,17,2024-06-21,homepage,Click,196.25
2192,2193,19,20,2024-11-25,homepage,Click,194.66666666666666
2193,2194,33,14,2023-06-04,checkout,Purchase,150.625
2194,2195,75,10,2025-01-24,productpage,View,157.0
2195,2196,46,12,2025-04-21,productpage,View,170.5
2196,2197,58,2,2024-03-25,productpage,View,108.0
2197,2198,34,16,2023-09-01,productpage,View,187.0
2198,2199,7,15,2023-01-31,homepage,View,147.5
2199,2200,93,16,2024-05-08,checkout,Drop-off,123.0
2200,2201,84,6,2025-07-10,productpage,View,129.5
2201,2202,5,3,2024-09-07,homepage,Click,107.6
2202,2203,6,11,2024-08-22,productpage,Click,113.0
2203,2204,81,3,2023-01-18,productpage,Click,264.5
2204,2205,100,9,2024-08-23,homepage,Click,144.625
2205,2206,10,1,2025-03-10,homepage,Click,44.333333333333336
2206,2207,11,14,2025-03-17,homepage,Click,113.0
2207,2208,60,1,2025-06-04,productpage,Click,159.33333333333334
2208,2209,97,4,2025-04-19,checkout,Purchase,107.0
2209,2210,89,17,2024-11-30,checkout,Drop-off,70.0
2210,2211,67,7,2025-04-06,homepage,View,163.25
2211,2212,49,17,2025-01-14,homepage,View,147.0
2212,2213,84,14,2023-07-29,checkout,Drop-off,159.5
2213,2214,92,14,2024-08-15,productpage,View,179.33333333333334
2214,2215,49,19,2023-02-14,checkout,Drop-off,168.5
2215,2216,51,16,2025-08-05,productpage,View,200.25
2216,2217,28,20,2024-06-19,homepage,View,132.125
2217,2218,51,3,2025-12-14,homepage,Click,92.4
2218,2219,14,20,2024-01-02,homepage,Click,168.5
2219,2220,99,3,2024-06-26,productpage,Click,199.6
2220,2221,41,12,2023-07-08,homepage,View,162.5
2221,2222,84,3,2023-05-19,homepage,Click,155.5
2222,2223,61,20,2023-11-11,productpage,Click,117.8
2223,2224,88,4,2023-06-01,checkout,Purchase,151.75
2224,2225,44,10,2023-10-29,productpage,View,107.0
2225,2226,4,9,2024-03-20,homepage,View,238.25
2226,2227,35,13,2025-07-30,checkout,Drop-off,200.5
2227,2228,92,14,2023-08-18,homepage,Click,180.5
2228,2229,7,8,2023-06-11,productpage,Click,244.5
2229,2230,74,3,2023-01-11,checkout,Purchase,157.5
2230,2231,70,2,2023-03-12,homepage,View,116.5
2231,2232,35,16,2023-06-18,homepage,View,83.25
2232,2233,95,6,2024-01-07,homepage,Click,201.0
2233,2234,31,3,2025-07-03,checkout,Purchase,128.0
2234,2235,13,8,2023-05-14,checkout,Drop-off,211.0
2235,2236,41,16,2025-12-20,productpage,View,199.8
2236,2237,72,4,2023-05-02,homepage,View,103.5
2237,2238,22,19,2024-11-14,homepage,View,282.3333333333333
2238,2239,83,18,2025-03-30,homepage,Click,204.0
2239,2240,19,6,2025-06-09,productpage,Click,193.0
2240,2241,84,1,2024-01-12,productpage,Click,109.0
2241,2242,54,6,2024-11-17,homepage,View,212.33333333333334
2242,2243,25,4,2025-03-20,productpage,View,120.0
2243,2244,22,3,2025-05-17,productpage,View,173.5
2244,2245,33,17,2025-02-16,homepage,View,228.0
2245,2246,11,15,2023-06-04,productpage,View,150.625
2246,2247,38,18,2025-04-25,checkout,Drop-off,90.5
2247,2248,36,20,2024-05-16,productpage,View,174.0
2248,2249,61,2,2025-07-21,productpage,View,124.75
2249,2250,25,9,2025-05-29,productpage,View,162.55555555555554
2250,2251,42,14,2025-08-07,productpage,View,173.25
2251,2252,3,7,2023-01-12,homepage,View,149.71428571428572
2252,2253,57,15,2023-05-26,productpage,View,220.0
2253,2254,74,1,2025-08-28,homepage,Click,137.0
2254,2255,13,12,2025-09-23,homepage,View,187.0
2255,2256,3,13,2025-12-15,homepage,View,271.5
2256,2257,37,12,2025-11-10,productpage,View,108.66666666666667
2257,2258,77,9,2023-08-01,homepage,View,127.25
2258,2259,73,15,2025-12-24,productpage,View,148.0
2259,2260,17,18,2025-12-26,homepage,Click,135.66666666666666
2260,2261,93,13,2023-05-13,productpage,Click,172.0
2261,2262,83,9,2025-09-08,checkout,Purchase,105.8
2262,2263,38,1,2024-04-21,productpage,View,102.33333333333333
2263,2264,73,5,2025-04-13,homepage,View,208.33333333333334
2264,2265,1,11,2024-09-01,homepage,View,155.0
2265,2266,97,11,2025-08-27,homepage,Click,226.0
2266,2267,29,18,2023-04-07,homepage,Click,180.5
2267,2268,83,16,2023-12-24,homepage,Click,202.0
2268,2269,59,11,2024-12-23,checkout,Drop-off,157.33333333333334
2269,2270,89,3,2023-11-02,productpage,View,142.625
2270,2271,1,7,2025-09-17,checkout,Drop-off,209.0
2271,2272,57,6,2023-08-20,checkout,Drop-off,145.5
2272,2273,65,18,2023-03-28,productpage,View,189.5
2273,2274,27,1,2024-09-12,checkout,Drop-off,196.5
2274,2275,28,1,2025-07-08,productpage,View,21.0
2275,2276,10,19,2025-11-07,homepage,View,72.33333333333333
2276,2277,45,5,2025-07-14,checkout,Drop-off,
2277,2278,81,9,2024-06-22,homepage,Click,252.33333333333334
2278,2279,33,2,2025-09-05,productpage,Click,91.0
2279,2280,90,16,2023-04-17,homepage,Click,163.0
2280,2281,93,4,2024-04-21,productpage,Click,102.33333333333333
2281,2282,69,2,2023-01-05,homepage,View,177.25
2282,2283,65,15,2023-08-24,productpage,View,191.25
2283,2284,58,3,2023-06-12,productpage,View,150.4
2284,2285,45,7,2024-07-22,productpage,View,177.0
2285,2286,8,19,2023-11-20,homepage,View,103.85714285714286
2286,2287,87,3,2023-02-18,homepage,View,187.57142857142858
2287,2288,29,4,2023-07-27,homepage,Click,96.5
2288,2289,91,12,2023-07-16,productpage,Click,164.4
2289,2290,97,15,2024-01-09,homepage,View,53.0
2290,2291,93,19,2024-03-03,productpage,View,180.33333333333334
2291,2292,19,2,2025-06-25,productpage,View,185.4
2292,2293,73,5,2024-06-27,checkout,Drop-off,49.0
2293,2294,66,7,2025-06-06,productpage,View,139.66666666666666
2294,2295,67,9,2025-07-04,homepage,View,175.83333333333334
2295,2296,44,9,2023-01-22,productpage,View,179.83333333333334
2296,2297,70,15,2023-12-18,homepage,View,181.33333333333334
2297,2298,85,2,2024-11-26,homepage,View,162.0
2298,2299,45,2,2023-07-04,productpage,View,152.16666666666666
2299,2300,45,12,2024-02-10,productpage,View,219.0
2300,2301,24,1,2025-10-06,homepage,View,191.85714285714286
2301,2302,36,2,2025-04-19,checkout,Drop-off,107.0
2302,2303,58,3,2025-09-08,homepage,View,105.8
2303,2304,79,16,2024-05-27,productpage,View,60.75
2304,2305,95,9,2025-09-06,productpage,View,73.55555555555556
2305,2306,37,18,2023-01-21,checkout,Drop-off,148.33333333333334
2306,2307,5,11,2023-06-28,productpage,View,57.142857142857146
2307,2308,34,8,2023-07-16,homepage,Click,164.4
2308,2309,21,7,2025-08-20,productpage,Click,109.33333333333333
2309,2310,31,3,2023-09-23,productpage,Click,193.0
2310,2311,75,8,2023-09-11,checkout,Purchase,112.0
2311,2312,84,17,2025-06-09,productpage,View,193.0
2312,2313,8,16,2023-07-18,productpage,View,172.16666666666666
2313,2314,29,10,2024-04-27,productpage,View,101.0
2314,2315,68,7,2024-08-08,productpage,View,144.66666666666666
2315,2316,62,13,2024-09-24,homepage,View,137.66666666666666
2316,2317,38,8,2024-02-06,productpage,View,142.0
2317,2318,85,13,2024-12-08,productpage,View,87.0
2318,2319,20,5,2023-12-30,productpage,View,56.5
2319,2320,65,18,2023-04-11,homepage,Click,106.4
2320,2321,46,9,2024-05-20,productpage,Click,163.5
2321,2322,84,13,2024-11-10,homepage,Click,82.33333333333333
2322,2323,91,3,2023-03-06,homepage,View,159.0
2323,2324,21,12,2025-04-09,homepage,Click,166.66666666666666
2324,2325,96,11,2023-08-09,checkout,Purchase,226.42857142857142
2325,2326,80,10,2025-06-03,productpage,View,168.0
2326,2327,21,1,2023-11-07,homepage,View,239.66666666666666
2327,2328,85,17,2024-12-27,productpage,View,163.5
2328,2329,17,16,2025-01-17,homepage,Click,63.0
2329,2330,64,6,2025-02-20,productpage,Click,177.4
2330,2331,30,10,2025-07-15,homepage,Click,147.25
2331,2332,40,8,2023-02-23,checkout,Purchase,232.0
2332,2333,67,6,2024-10-22,productpage,View,155.33333333333334
2333,2334,30,12,2025-06-29,productpage,View,52.0
2334,2335,49,5,2025-04-30,productpage,View,143.83333333333334
2335,2336,89,8,2025-02-21,productpage,View,182.0
2336,2337,88,13,2024-12-11,productpage,View,154.66666666666666
2337,2338,80,8,2025-06-21,homepage,View,143.14285714285714
2338,2339,39,2,2023-08-04,homepage,View,102.33333333333333
2339,2340,43,16,2024-08-06,checkout,Drop-off,214.0
2340,2341,17,8,2025-06-11,productpage,View,89.0
2341,2342,90,10,2024-03-25,checkout,Drop-off,108.0
2342,2343,34,14,2024-04-03,productpage,View,223.75
2343,2344,45,5,2025-07-12,checkout,Drop-off,192.25
2344,2345,10,12,2025-06-20,homepage,View,93.5
2345,2346,100,7,2024-03-03,checkout,Drop-off,180.33333333333334
2346,2347,92,14,2023-05-25,productpage,View,200.0
2347,2348,7,6,2024-04-11,checkout,Drop-off,172.25
2348,2349,88,20,2024-10-12,productpage,View,121.875
2349,2350,100,2,2023-02-18,productpage,View,187.57142857142858
2350,2351,83,9,2025-12-21,homepage,View,85.0
2351,2352,33,18,2023-06-14,productpage,View,121.75
2352,2353,41,14,2024-05-28,homepage,View,136.44444444444446
2353,2354,70,5,2023-01-14,homepage,Click,204.0
2354,2355,17,10,2024-09-09,checkout,Purchase,120.33333333333333
2355,2356,47,8,2025-02-18,homepage,View,90.4
2356,2357,82,5,2025-02-19,productpage,View,194.2
2357,2358,96,19,2024-08-27,homepage,View,219.66666666666666
2358,2359,49,1,2025-08-17,checkout,Drop-off,215.66666666666666
2359,2360,82,4,2023-09-26,productpage,View,138.25
2360,2361,71,20,2023-03-20,homepage,View,208.25
2361,2362,25,12,2023-11-15,checkout,Drop-off,66.0
2362,2363,83,16,2023-12-11,productpage,View,217.5
2363,2364,37,18,2025-06-16,checkout,Drop-off,
2364,2365,63,2,2025-01-24,productpage,View,157.0
2365,2366,69,7,2025-10-03,homepage,View,96.2
2366,2367,59,12,2024-04-17,homepage,Click,167.2
2367,2368,79,18,2025-09-14,homepage,View,135.5
2368,2369,94,2,2024-11-15,homepage,Click,150.5
2369,2370,17,1,2024-01-11,homepage,Click,143.25
2370,2371,65,15,2023-05-06,checkout,Purchase,111.66666666666667
2371,2372,98,19,2025-06-26,homepage,View,171.5
2372,2373,80,4,2023-07-21,homepage,View,120.8
2373,2374,8,17,2025-09-12,homepage,View,188.25
2374,2375,29,13,2025-04-03,homepage,View,175.0
2375,2376,24,8,2025-08-14,homepage,Click,16.5
2376,2377,66,20,2023-06-28,checkout,Purchase,57.142857142857146
2377,2378,77,14,2024-08-22,checkout,Drop-off,113.0
2378,2379,42,10,2025-03-29,homepage,Click,124.5
2379,2380,12,9,2023-01-11,checkout,Purchase,157.5
2380,2381,4,19,2023-02-09,homepage,View,212.0
2381,2382,82,3,2023-02-26,productpage,View,184.0
2382,2383,22,2,2023-09-06,homepage,Click,153.0
2383,2384,11,7,2023-01-08,productpage,Click,36.333333333333336
2384,2385,76,15,2025-09-20,checkout,Purchase,228.33333333333334
2385,2386,94,10,2024-09-17,homepage,View,141.8
2386,2387,22,2,2024-06-04,productpage,View,59.5
2387,2388,54,4,2024-11-01,homepage,View,81.66666666666667
2388,2389,88,16,2023-06-04,homepage,Click,150.625
2389,2390,45,1,2024-09-30,checkout,Purchase,141.66666666666666
2390,2391,11,15,2024-07-22,checkout,Drop-off,177.0
2391,2392,58,2,2023-11-11,productpage,View,117.8
2392,2393,52,20,2023-10-02,homepage,Click,176.0
2393,2394,87,5,2025-09-30,productpage,Click,195.25
2394,2395,74,9,2023-10-11,productpage,Click,245.0
2395,2396,59,13,2025-08-10,productpage,Click,103.14285714285714
2396,2397,72,9,2025-11-08,productpage,Click,94.0
2397,2398,97,5,2024-12-02,homepage,Click,165.4
2398,2399,2,17,2024-03-20,checkout,Purchase,238.25
2399,2400,85,18,2024-04-26,productpage,View,84.0
2400,2401,15,4,2023-07-02,homepage,Click,168.0
2401,2402,70,2,2023-07-08,productpage,Click,162.5
2402,2403,63,14,2023-08-09,productpage,Click,226.42857142857142
2403,2404,47,19,2023-12-09,checkout,Purchase,141.75
2404,2405,78,11,2023-08-26,productpage,View,190.6
2405,2406,69,11,2024-01-22,productpage,View,124.0
2406,2407,23,12,2025-02-02,checkout,Drop-off,218.66666666666666
2407,2408,46,8,2023-08-23,productpage,View,72.5
2408,2409,39,18,2025-06-18,homepage,Click,216.0
2409,2410,43,4,2025-10-06,productpage,Click,191.85714285714286
2410,2411,23,1,2024-05-25,checkout,Purchase,107.66666666666667
2411,2412,88,12,2025-01-18,productpage,View,164.33333333333334
2412,2413,30,14,2023-05-02,productpage,View,103.5
2413,2414,75,12,2024-09-03,homepage,Click,199.5
2414,2415,83,16,2024-08-12,productpage,Click,182.75
2415,2416,29,20,2023-03-03,productpage,Click,162.16666666666666
2416,2417,42,12,2023-12-15,checkout,Purchase,153.75
2417,2418,92,6,2025-10-27,homepage,View,226.33333333333334
2418,2419,58,14,2023-02-14,productpage,View,168.5
2419,2420,69,1,2025-12-08,productpage,View,218.0
2420,2421,62,5,2024-02-21,homepage,View,155.66666666666666
2421,2422,15,2,2023-11-29,productpage,View,185.0
2422,2423,97,8,2025-10-15,checkout,Drop-off,157.0
2423,2424,81,17,2023-11-16,productpage,View,157.0
2424,2425,45,11,2024-10-12,productpage,View,121.875
2425,2426,71,19,2024-05-11,productpage,View,154.25
2426,2427,57,1,2023-12-25,homepage,Click,93.0
2427,2428,87,9,2023-07-20,checkout,Purchase,187.6
2428,2429,32,19,2024-02-19,productpage,View,204.0
2429,2430,41,1,2023-08-31,homepage,View,155.5
2430,2431,52,2,2025-05-08,homepage,View,107.33333333333333
2431,2432,76,20,2024-03-29,homepage,Click,107.5
2432,2433,90,8,2024-01-30,productpage,Click,184.5
2433,2434,77,16,2023-05-31,homepage,Click,184.0
2434,2435,71,3,2025-02-25,productpage,Click,104.0
2435,2436,19,16,2023-08-11,homepage,View,181.33333333333334
2436,2437,9,12,2023-04-27,checkout,Drop-off,157.0
2437,2438,41,5,2023-08-11,checkout,Drop-off,181.33333333333334
2438,2439,6,10,2025-01-07,checkout,Drop-off,108.0
2439,2440,69,8,2025-05-09,homepage,View,125.75
2440,2441,43,20,2025-02-19,checkout,Drop-off,194.2
2441,2442,100,15,2025-09-06,productpage,View,73.55555555555556
2442,2443,82,2,2023-09-21,homepage,View,110.0
2443,2444,21,15,2024-05-16,productpage,View,174.0
2444,2445,84,9,2025-05-25,productpage,View,155.0
2445,2446,21,1,2024-11-16,productpage,View,58.5
2446,2447,29,5,2025-11-23,homepage,View,126.6
2447,2448,4,7,2023-10-23,homepage,View,110.33333333333333
2448,2449,64,12,2024-09-18,homepage,View,190.4
2449,2450,98,4,2023-07-20,checkout,Drop-off,187.6
2450,2451,99,13,2024-07-13,productpage,View,153.25
2451,2452,42,7,2024-04-29,productpage,View,202.2
2452,2453,64,11,2025-05-29,homepage,View,162.55555555555554
2453,2454,51,16,2025-05-16,homepage,Click,84.33333333333333
2454,2455,33,9,2025-03-18,productpage,Click,187.4
2455,2456,69,15,2025-03-21,homepage,View,137.33333333333334
2456,2457,31,5,2025-01-12,productpage,View,126.0
2457,2458,25,12,2023-11-04,productpage,View,208.66666666666666
2458,2459,42,15,2023-03-20,homepage,View,208.25
2459,2460,42,8,2023-07-25,productpage,View,104.0
2460,2461,82,9,2024-03-22,productpage,View,151.0
2461,2462,57,8,2025-07-22,checkout,Drop-off,147.5
2462,2463,70,8,2023-07-03,productpage,View,143.85714285714286
2463,2464,45,12,2025-06-15,homepage,View,106.0
2464,2465,65,19,2024-06-27,productpage,View,49.0
2465,2466,24,17,2023-08-11,productpage,View,181.33333333333334
2466,2467,3,1,2024-03-01,homepage,View,205.0
2467,2468,83,7,2024-03-30,checkout,Drop-off,139.0
2468,2469,25,18,2025-11-30,productpage,View,165.5
2469,2470,93,1,2025-11-24,productpage,View,278.0
2470,2471,46,7,2024-02-17,homepage,View,110.66666666666667
2471,2472,61,20,2023-03-24,homepage,Click,106.8
2472,2473,1,10,2023-02-12,checkout,Purchase,279.5
2473,2474,36,9,2025-05-06,checkout,Drop-off,183.25
2474,2475,95,4,2025-08-10,productpage,View,103.14285714285714
2475,2476,20,10,2024-12-05,homepage,View,90.85714285714286
2476,2477,43,1,2023-09-05,homepage,View,213.33333333333334
2477,2478,78,15,2023-08-09,homepage,Click,226.42857142857142
2478,2479,23,16,2024-11-06,productpage,Click,158.25
2479,2480,76,13,2023-12-20,checkout,Purchase,187.33333333333334
2480,2481,51,18,2025-11-19,productpage,View,157.66666666666666
2481,2482,12,1,2025-02-07,homepage,View,168.5
2482,2483,49,11,2023-02-10,productpage,View,213.33333333333334
2483,2484,42,9,2023-10-01,checkout,Drop-off,199.5
2484,2485,4,2,2023-08-07,checkout,Drop-off,188.33333333333334
2485,2486,99,5,2023-02-14,homepage,Click,168.5
2486,2487,82,5,2023-04-26,checkout,Purchase,175.75
2487,2488,31,11,2025-05-31,productpage,View,232.0
2488,2489,55,13,2024-07-12,productpage,View,45.0
2489,2490,1,6,2023-02-19,productpage,View,105.33333333333333
2490,2491,51,14,2024-06-17,productpage,View,207.25
2491,2492,41,4,2024-11-06,productpage,View,158.25
2492,2493,68,6,2025-01-06,productpage,View,225.6
2493,2494,19,20,2024-09-14,homepage,View,153.5
2494,2495,62,6,2023-06-26,homepage,View,197.5
2495,2496,45,1,2024-03-04,checkout,Drop-off,188.0
2496,2497,40,1,2024-01-29,productpage,View,131.2
2497,2498,86,7,2023-09-18,productpage,View,242.66666666666666
2498,2499,40,1,2024-07-16,productpage,View,171.0
2499,2500,22,9,2023-03-17,productpage,View,120.28571428571429
2500,2501,79,3,2023-08-14,productpage,View,155.0
2501,2502,6,4,2024-01-28,homepage,View,131.5
2502,2503,85,8,2023-07-09,checkout,Drop-off,179.25
2503,2504,90,2,2024-12-06,homepage,Click,189.5
2504,2505,52,6,2023-09-09,checkout,Purchase,200.0
2505,2506,100,19,2024-07-22,checkout,Drop-off,177.0
2506,2507,86,1,2025-05-19,homepage,View,181.66666666666666
2507,2508,96,16,2025-03-30,checkout,Drop-off,204.0
2508,2509,91,11,2024-11-16,productpage,View,58.5
2509,2510,34,4,2024-02-14,productpage,View,141.0
2510,2511,5,19,2023-08-30,homepage,View,199.66666666666666
2511,2512,59,8,2023-11-27,homepage,View,173.83333333333334
2512,2513,95,18,2024-05-06,homepage,Click,211.66666666666666
2513,2514,94,9,2024-04-19,homepage,View,148.0
2514,2515,98,20,2023-07-29,productpage,View,159.5
2515,2516,56,9,2023-01-17,checkout,Drop-off,159.0
2516,2517,83,13,2025-10-15,productpage,View,157.0
2517,2518,20,9,2024-08-01,checkout,Drop-off,224.5
2518,2519,8,13,2024-05-22,productpage,View,234.0
2519,2520,64,10,2023-06-22,homepage,View,127.5
2520,2521,62,15,2025-02-22,productpage,View,132.28571428571428
2521,2522,35,11,2023-11-25,productpage,View,131.0
2522,2523,31,2,2024-05-28,homepage,Click,136.44444444444446
2523,2524,52,13,2024-02-12,homepage,View,241.0
2524,2525,92,2,2025-05-14,homepage,View,179.0
2525,2526,44,8,2024-08-20,homepage,View,213.0
2526,2527,92,4,2024-04-12,checkout,Drop-off,
2527,2528,70,3,2024-07-29,productpage,View,86.0
2528,2529,15,1,2024-02-05,checkout,Drop-off,94.0
2529,2530,88,18,2023-06-01,homepage,View,151.75
2530,2531,31,5,2023-08-24,checkout,Drop-off,191.25
2531,2532,50,6,2023-02-06,homepage,Click,85.33333333333333
2532,2533,16,2,2025-10-21,homepage,Click,144.0
2533,2534,45,7,2024-08-13,productpage,Click,105.5
2534,2535,28,4,2024-01-20,homepage,View,217.25
2535,2536,3,12,2024-01-31,homepage,View,165.33333333333334
2536,2537,31,13,2025-06-22,homepage,Click,130.5
2537,2538,62,17,2025-03-16,homepage,Click,197.0
2538,2539,86,2,2024-05-08,checkout,Purchase,123.0
2539,2540,57,14,2025-02-24,checkout,Drop-off,91.0
2540,2541,92,15,2023-10-17,productpage,View,183.25
2541,2542,41,2,2023-04-23,homepage,Click,162.0
2542,2543,10,7,2025-02-13,productpage,Click,114.33333333333333
2543,2544,40,16,2024-06-15,homepage,Click,124.0
2544,2545,43,17,2025-04-12,productpage,Drop-off,195.0
2545,2546,52,14,2023-01-26,homepage,Click,184.66666666666666
2546,2547,1,20,2024-01-10,productpage,Click,70.0
2547,2548,91,5,2023-08-10,checkout,Purchase,174.0
2548,2549,82,14,2024-11-25,homepage,Click,194.66666666666666
2549,2550,10,20,2024-07-29,productpage,Click,86.0
2550,2551,32,14,2025-03-08,checkout,Purchase,151.33333333333334
2551,2552,75,8,2025-11-15,homepage,Click,117.0
2552,2553,14,4,2024-06-21,productpage,Click,196.25
2553,2554,87,9,2023-05-07,checkout,Purchase,257.6666666666667
2554,2555,13,16,2025-10-06,productpage,View,191.85714285714286
2555,2556,1,15,2024-06-15,productpage,View,124.0
2556,2557,76,13,2024-06-14,homepage,View,184.25
2557,2558,35,9,2023-06-28,homepage,View,57.142857142857146
2558,2559,13,9,2023-02-08,checkout,Drop-off,234.5
2559,2560,2,3,2025-10-25,checkout,Drop-off,244.0
2560,2561,59,20,2023-11-20,homepage,View,103.85714285714286
2561,2562,88,14,2025-02-20,homepage,Click,177.4
2562,2563,66,10,2025-12-06,homepage,View,35.5
2563,2564,43,10,2025-03-05,homepage,View,136.0
2564,2565,30,16,2025-01-07,homepage,View,108.0
2565,2566,34,2,2025-06-18,homepage,View,216.0
2566,2567,84,6,2023-06-07,productpage,View,201.75
2567,2568,22,3,2024-07-05,homepage,Click,188.0
2568,2569,9,4,2024-12-16,productpage,Click,98.0
2569,2570,47,2,2024-03-17,productpage,Click,226.0
2570,2571,10,19,2024-01-16,productpage,Click,137.0
2571,2572,41,15,2025-02-17,productpage,Click,224.0
2572,2573,28,15,2025-08-10,homepage,View,103.14285714285714
2573,2574,29,5,2024-10-17,checkout,Drop-off,219.5
2574,2575,3,15,2023-07-16,productpage,View,164.4
2575,2576,40,4,2023-08-26,homepage,View,190.6
2576,2577,84,20,2024-04-22,checkout,Drop-off,126.0
2577,2578,78,7,2023-06-04,homepage,Click,150.625
2578,2579,69,14,2023-12-12,productpage,Click,182.2
2579,2580,32,7,2023-05-05,homepage,View,204.0
2580,2581,82,16,2025-07-26,homepage,View,180.5
2581,2582,79,19,2023-12-13,productpage,View,137.33333333333334
2582,2583,59,18,2025-10-30,homepage,Click,161.5
2583,2584,98,20,2025-07-09,homepage,View,169.25
2584,2585,12,5,2024-10-12,productpage,View,121.875
2585,2586,24,3,2025-07-19,checkout,Drop-off,195.0
2586,2587,89,19,2023-06-05,checkout,Drop-off,
2587,2588,63,5,2025-02-10,homepage,View,148.25
2588,2589,54,19,2023-02-22,checkout,Drop-off,222.33333333333334
2589,2590,48,17,2023-04-23,homepage,Click,162.0
2590,2591,17,12,2024-07-22,homepage,View,177.0
2591,2592,8,12,2023-10-12,productpage,View,103.66666666666667
2592,2593,13,16,2023-01-07,productpage,View,210.33333333333334
2593,2594,57,11,2024-10-28,productpage,View,169.0
2594,2595,27,16,2025-10-19,homepage,Click,160.66666666666666
2595,2596,3,17,2024-07-03,homepage,View,265.5
2596,2597,7,6,2024-07-01,productpage,View,144.0
2597,2598,48,20,2025-02-11,productpage,View,231.25
2598,2599,69,11,2025-11-25,checkout,Drop-off,135.5
2599,2600,78,2,2025-02-08,checkout,Drop-off,178.66666666666666
2600,2601,44,6,2025-12-21,checkout,Drop-off,85.0
2601,2602,76,14,2025-09-22,productpage,View,202.0
2602,2603,4,2,2025-01-16,homepage,View,177.0
2603,2604,66,12,2024-01-12,homepage,View,109.0
2604,2605,19,3,2024-10-07,homepage,View,195.4
2605,2606,9,18,2025-05-29,productpage,View,162.55555555555554
2606,2607,29,11,2024-02-06,homepage,View,142.0
2607,2608,60,15,2025-10-04,homepage,Click,215.0
2608,2609,32,20,2025-10-18,homepage,View,128.5
2609,2610,19,20,2025-11-23,homepage,View,126.6
2610,2611,81,19,2024-03-02,homepage,View,161.5
2611,2612,38,15,2024-08-08,homepage,View,144.66666666666666
2612,2613,66,20,2024-04-05,checkout,Drop-off,187.75
2613,2614,5,5,2025-07-09,homepage,Click,169.25
2614,2615,37,9,2023-02-22,checkout,Purchase,222.33333333333334
2615,2616,6,18,2025-12-20,homepage,View,199.8
2616,2617,12,19,2023-04-15,productpage,View,156.6
2617,2618,61,16,2025-11-01,productpage,View,144.25
2618,2619,88,11,2025-11-13,checkout,Drop-off,205.0
2619,2620,100,3,2025-02-20,checkout,Drop-off,177.4
2620,2621,44,9,2024-12-05,homepage,Click,90.85714285714286
2621,2622,36,7,2023-11-06,homepage,Click,159.25
2622,2623,13,15,2023-04-28,homepage,View,199.2
2623,2624,48,1,2023-04-25,homepage,View,190.0
2624,2625,59,9,2024-06-16,homepage,View,177.25
2625,2626,85,10,2025-05-04,homepage,View,189.42857142857142
2626,2627,92,12,2024-05-25,homepage,View,107.66666666666667
2627,2628,99,19,2023-07-18,productpage,View,172.16666666666666
2628,2629,92,10,2025-11-20,homepage,View,210.5
2629,2630,70,2,2024-09-10,homepage,View,220.0
2630,2631,7,1,2023-03-03,homepage,Click,162.16666666666666
2631,2632,69,5,2025-04-29,productpage,Click,146.0
2632,2633,94,4,2023-04-23,productpage,Click,162.0
2633,2634,84,20,2025-01-31,productpage,Click,185.5
2634,2635,11,14,2025-05-30,checkout,Purchase,184.0
2635,2636,91,12,2024-05-01,productpage,View,154.66666666666666
2636,2637,57,13,2024-03-06,checkout,Drop-off,183.0
2637,2638,28,3,2025-03-07,productpage,View,203.5
2638,2639,53,1,2023-11-23,homepage,View,131.0
2639,2640,76,17,2025-04-03,checkout,Drop-off,175.0
2640,2641,85,18,2024-12-15,productpage,View,122.66666666666667
2641,2642,25,17,2024-06-08,checkout,Drop-off,140.5
2642,2643,8,18,2023-09-26,homepage,View,138.25
2643,2644,17,10,2025-03-29,checkout,Drop-off,124.5
2644,2645,4,2,2023-05-13,homepage,View,172.0
2645,2646,18,8,2024-11-13,homepage,Click,223.0
2646,2647,30,2,2025-10-14,homepage,Click,130.5
2647,2648,50,4,2024-11-09,homepage,View,158.0
2648,2649,82,19,2024-08-11,homepage,Click,232.5
2649,2650,47,3,2024-07-30,productpage,Click,159.5
2650,2651,76,3,2023-07-19,productpage,Click,149.5
2651,2652,21,6,2025-02-14,productpage,Click,195.0
2652,2653,86,2,2023-06-08,productpage,Click,197.5
2653,2654,86,4,2023-07-30,productpage,Click,122.5
2654,2655,84,4,2023-10-09,homepage,View,147.25
2655,2656,41,9,2023-08-30,checkout,Drop-off,199.66666666666666
2656,2657,63,14,2023-09-11,homepage,View,112.0
2657,2658,76,6,2024-11-19,homepage,View,153.75
2658,2659,69,4,2023-12-01,checkout,Drop-off,241.0
2659,2660,28,7,2025-01-21,productpage,View,159.0
2660,2661,41,9,2023-04-12,productpage,View,135.33333333333334
2661,2662,92,10,2023-01-30,homepage,View,131.6
2662,2663,72,2,2023-03-15,checkout,Drop-off,211.33333333333334
2663,2664,60,17,2024-10-30,homepage,Click,134.8
2664,2665,70,6,2024-04-05,productpage,Click,187.75
2665,2666,39,16,2025-04-26,homepage,View,71.66666666666667
2666,2667,61,1,2025-02-22,homepage,View,132.28571428571428
2667,2668,91,9,2025-10-27,checkout,Drop-off,226.33333333333334
2668,2669,22,7,2024-09-14,homepage,Click,153.5
2669,2670,87,19,2023-08-13,productpage,Click,85.0
2670,2671,4,16,2024-09-16,checkout,Purchase,154.0
2671,2672,100,17,2025-06-07,productpage,View,185.33333333333334
2672,2673,87,10,2025-03-26,homepage,Click,167.75
2673,2674,40,1,2024-08-01,productpage,Click,224.5
2674,2675,83,12,2023-11-24,checkout,Purchase,198.5
2675,2676,35,14,2024-01-24,productpage,View,175.5
2676,2677,26,2,2023-07-17,homepage,View,152.0
2677,2678,60,5,2023-01-10,homepage,Click,211.0
2678,2679,85,5,2024-03-27,homepage,View,89.66666666666667
2679,2680,41,2,2024-02-08,homepage,Click,74.0
2680,2681,10,10,2025-05-21,checkout,Purchase,98.33333333333333
2681,2682,91,12,2023-12-19,productpage,View,172.0
2682,2683,67,3,2024-12-28,homepage,Click,269.6666666666667
2683,2684,81,16,2025-07-22,homepage,View,147.5
2684,2685,20,20,2025-03-21,homepage,Click,137.33333333333334
2685,2686,50,9,2025-11-25,productpage,Click,135.5
2686,2687,47,1,2025-12-08,homepage,Click,218.0
2687,2688,6,17,2024-02-15,homepage,Click,197.25
2688,2689,90,8,2024-01-26,productpage,Click,155.5
2689,2690,90,9,2023-08-22,productpage,Click,95.71428571428571
2690,2691,79,13,2024-02-19,productpage,Click,204.0
2691,2692,75,10,2025-02-26,productpage,Click,129.2
2692,2693,41,17,2023-02-22,productpage,Click,222.33333333333334
2693,2694,47,7,2025-08-25,productpage,Click,266.0
2694,2695,90,11,2024-04-02,homepage,View,119.5
2695,2696,1,3,2025-07-09,productpage,View,169.25
2696,2697,76,9,2025-04-21,homepage,Click,170.5
2697,2698,3,14,2024-04-03,homepage,View,223.75
2698,2699,45,19,2025-07-18,productpage,View,181.0
2699,2700,70,2,2023-04-27,productpage,View,157.0
2700,2701,57,1,2024-05-01,homepage,View,154.66666666666666
2701,2702,68,17,2024-08-13,productpage,View,105.5
2702,2703,53,7,2023-09-28,checkout,Drop-off,183.25
2703,2704,10,5,2024-04-23,homepage,View,168.71428571428572
2704,2705,52,12,2025-06-24,productpage,View,78.0
2705,2706,72,14,2023-02-23,checkout,Drop-off,232.0
2706,2707,28,8,2024-06-03,homepage,Click,155.0
2707,2708,12,20,2025-12-30,checkout,Purchase,141.66666666666666
2708,2709,47,11,2024-01-11,homepage,Click,143.25
2709,2710,95,11,2023-01-12,productpage,Click,149.71428571428572
2710,2711,20,14,2024-08-21,homepage,View,121.0
2711,2712,29,19,2025-04-14,productpage,View,218.66666666666666
2712,2713,9,6,2025-06-20,homepage,View,93.5
2713,2714,72,18,2023-02-24,homepage,Click,209.0
2714,2715,79,11,2024-08-30,productpage,Click,245.33333333333334
2715,2716,94,16,2023-11-06,homepage,Click,159.25
2716,2717,14,12,2023-03-02,homepage,View,291.6666666666667
2717,2718,68,2,2025-07-29,productpage,View,162.0
2718,2719,20,5,2024-10-21,homepage,View,199.5
2719,2720,26,6,2025-09-25,homepage,Click,174.5
2720,2721,56,8,2025-09-11,homepage,View,158.66666666666666
2721,2722,76,17,2024-08-28,homepage,View,183.33333333333334
2722,2723,68,6,2025-07-30,productpage,View,200.5
2723,2724,84,3,2025-08-25,checkout,Drop-off,266.0
2724,2725,72,1,2025-09-08,homepage,View,105.8
2725,2726,94,19,2025-09-12,homepage,Click,188.25
2726,2727,50,14,2025-08-14,homepage,View,16.5
2727,2728,15,4,2023-01-12,homepage,Click,149.71428571428572
2728,2729,64,4,2025-12-09,homepage,Click,197.0
2729,2730,32,18,2023-05-23,homepage,Click,156.25
2730,2731,85,3,2024-10-20,homepage,Click,127.0
2731,2732,12,9,2024-09-21,productpage,Click,106.0
2732,2733,55,8,2024-02-27,checkout,Purchase,41.0
2733,2734,68,9,2024-03-27,productpage,View,89.66666666666667
2734,2735,57,1,2023-05-04,checkout,Drop-off,121.0
2735,2736,74,14,2023-12-17,productpage,View,128.0
2736,2737,47,17,2023-08-24,homepage,Click,191.25
2737,2738,29,15,2023-08-29,productpage,Click,208.0
2738,2739,64,13,2024-07-23,productpage,Click,160.5
2739,2740,80,9,2023-05-15,homepage,Click,170.8
2740,2741,100,19,2023-01-11,checkout,Purchase,157.5
2741,2742,8,13,2023-02-20,homepage,Click,292.0
2742,2743,41,1,2023-01-09,checkout,Purchase,201.0
2743,2744,85,6,2023-06-12,productpage,View,150.4
2744,2745,2,7,2024-02-26,homepage,Click,156.66666666666666
2745,2746,80,7,2023-02-27,checkout,Purchase,114.4
2746,2747,77,2,2025-09-07,productpage,View,201.0
2747,2748,82,13,2025-10-09,productpage,View,168.25
2748,2749,41,13,2025-08-01,checkout,Drop-off,
2749,2750,8,19,2024-04-23,homepage,View,168.71428571428572
2750,2751,42,11,2023-03-14,checkout,Drop-off,188.0
2751,2752,55,14,2025-07-16,productpage,View,215.125
2752,2753,35,16,2025-06-04,productpage,View,159.33333333333334
2753,2754,85,11,2025-09-23,homepage,View,187.0
2754,2755,26,7,2024-01-07,productpage,View,201.0
2755,2756,86,5,2023-12-22,productpage,View,161.5
2756,2757,4,9,2025-02-18,homepage,View,90.4
2757,2758,66,8,2025-10-22,homepage,Click,169.14285714285714
2758,2759,81,3,2024-08-23,homepage,View,144.625
2759,2760,48,12,2025-06-10,productpage,View,162.0
2760,2761,61,14,2024-08-16,homepage,Click,151.25
2761,2762,39,1,2023-11-18,homepage,View,109.0
2762,2763,30,10,2024-02-21,homepage,Click,155.66666666666666
2763,2764,91,6,2023-05-08,productpage,Click,130.0
2764,2765,26,16,2023-06-28,productpage,Click,57.142857142857146
2765,2766,95,13,2024-05-25,homepage,Click,107.66666666666667
2766,2767,57,10,2024-05-24,productpage,Click,222.0
2767,2768,37,19,2023-06-07,productpage,Click,201.75
2768,2769,70,17,2023-10-21,productpage,Click,56.0
2769,2770,27,8,2024-01-31,checkout,Purchase,165.33333333333334
2770,2771,28,15,2025-08-30,productpage,View,200.75
2771,2772,98,1,2025-09-03,productpage,View,143.0
2772,2773,23,4,2025-08-15,productpage,View,143.875
2773,2774,96,15,2024-12-21,productpage,View,138.5
2774,2775,86,8,2024-07-18,homepage,View,171.16666666666666
2775,2776,12,17,2024-06-19,homepage,View,132.125
2776,2777,35,20,2024-02-24,checkout,Drop-off,163.0
2777,2778,77,12,2023-12-04,productpage,View,86.66666666666667
2778,2779,11,14,2024-05-19,homepage,View,75.0
2779,2780,80,14,2024-10-25,homepage,Click,153.66666666666666
2780,2781,53,5,2025-10-28,homepage,View,116.33333333333333
2781,2782,32,13,2023-10-07,checkout,Drop-off,104.0
2782,2783,6,8,2023-01-31,productpage,View,147.5
2783,2784,88,2,2024-06-05,productpage,View,43.0
2784,2785,80,18,2024-08-29,checkout,Drop-off,180.5
2785,2786,47,14,2024-09-05,productpage,View,96.8
2786,2787,7,8,2025-07-21,homepage,Click,124.75
2787,2788,31,2,2025-07-13,homepage,View,12.0
2788,2789,62,14,2024-05-20,homepage,View,163.5
2789,2790,24,6,2024-08-04,homepage,View,128.5
2790,2791,36,20,2023-03-01,checkout,Drop-off,172.75
2791,2792,42,2,2025-12-11,productpage,View,224.25
2792,2793,90,5,2025-04-25,homepage,View,90.5
2793,2794,72,4,2025-03-22,productpage,View,203.0
2794,2795,69,7,2023-08-10,checkout,Drop-off,174.0
2795,2796,69,7,2025-05-25,checkout,Drop-off,155.0
2796,2797,54,4,2024-04-23,homepage,Click,168.71428571428572
2797,2798,49,3,2023-07-05,checkout,Purchase,149.0
2798,2799,26,14,2024-09-18,homepage,View,190.4
2799,2800,58,8,2024-05-05,productpage,View,168.4
2800,2801,18,15,2025-06-14,checkout,Drop-off,124.5
2801,2802,3,3,2023-01-20,homepage,View,161.0
2802,2803,76,13,2024-04-24,productpage,View,171.0
2803,2804,88,15,2024-12-05,productpage,View,90.85714285714286
2804,2805,28,9,2025-11-28,checkout,Drop-off,190.5
2805,2806,79,18,2024-06-28,productpage,View,150.2
2806,2807,73,19,2023-05-10,productpage,View,115.0
2807,2808,70,17,2023-10-05,checkout,Drop-off,109.75
2808,2809,80,20,2024-09-11,homepage,View,249.0
2809,2810,46,2,2025-08-02,homepage,Click,106.8
2810,2811,70,16,2025-05-21,productpage,Click,98.33333333333333
2811,2812,3,17,2025-06-28,checkout,Purchase,84.5
2812,2813,65,11,2024-01-11,productpage,View,143.25
2813,2814,9,13,2023-03-09,productpage,View,167.25
2814,2815,26,11,2024-02-28,productpage,View,136.25
2815,2816,42,3,2024-08-18,homepage,Click,150.0
2816,2817,46,5,2024-03-31,homepage,View,153.25
2817,2818,32,4,2023-09-14,homepage,Click,163.0
2818,2819,40,5,2025-05-24,homepage,Click,259.0
2819,2820,45,5,2025-11-08,productpage,Click,94.0
2820,2821,37,12,2023-06-19,checkout,Purchase,100.0
2821,2822,44,4,2025-04-03,homepage,View,175.0
2822,2823,41,19,2023-09-13,checkout,Drop-off,193.33333333333334
2823,2824,42,18,2024-11-17,homepage,View,212.33333333333334
2824,2825,60,18,2024-12-29,productpage,View,220.375
2825,2826,83,1,2023-07-24,homepage,View,176.25
2826,2827,58,7,2024-10-22,homepage,Click,155.33333333333334
2827,2828,33,3,2025-02-09,checkout,Drop-off,255.0
2828,2829,79,2,2025-11-04,productpage,View,161.125
2829,2830,40,17,2023-10-26,productpage,View,123.6
2830,2831,23,14,2024-07-31,checkout,Drop-off,162.33333333333334
2831,2832,40,1,2023-01-11,homepage,View,157.5
2832,2833,43,2,2025-02-01,productpage,View,177.0
2833,2834,29,17,2025-07-24,homepage,Click,146.4
2834,2835,41,13,2025-07-05,homepage,View,170.5
2835,2836,3,14,2025-07-06,productpage,View,200.0
2836,2837,75,3,2023-06-13,productpage,View,165.33333333333334
2837,2838,29,6,2024-05-23,productpage,View,80.0
2838,2839,21,18,2023-05-07,homepage,View,257.6666666666667
2839,2840,69,10,2025-05-24,homepage,Click,259.0
2840,2841,24,11,2025-07-25,checkout,Purchase,170.75
2841,2842,11,3,2025-10-28,productpage,View,116.33333333333333
2842,2843,11,20,2023-07-28,productpage,View,199.66666666666666
2843,2844,62,16,2025-10-09,productpage,View,168.25
2844,2845,33,20,2025-11-13,homepage,View,205.0
2845,2846,8,14,2024-05-29,homepage,View,146.25
2846,2847,90,19,2025-08-15,productpage,View,143.875
2847,2848,15,17,2025-04-27,productpage,View,141.33333333333334
2848,2849,71,18,2024-05-11,productpage,View,154.25
2849,2850,54,7,2024-07-18,productpage,View,171.16666666666666
2850,2851,93,13,2024-03-31,productpage,View,153.25
2851,2852,25,11,2024-08-23,homepage,Click,144.625
2852,2853,30,18,2025-12-03,productpage,Click,227.0
2853,2854,20,15,2025-08-16,checkout,Purchase,160.2
2854,2855,47,9,2023-07-26,homepage,Click,138.0
2855,2856,40,1,2023-01-01,homepage,Click,237.0
2856,2857,42,14,2025-01-05,homepage,View,72.75
2857,2858,45,7,2023-10-12,homepage,Click,103.66666666666667
2858,2859,23,6,2024-06-17,homepage,View,207.25
2859,2860,83,16,2025-02-03,homepage,Click,138.0
2860,2861,38,14,2025-10-23,productpage,Click,117.8
2861,2862,24,16,2024-09-20,homepage,View,117.8
2862,2863,28,10,2023-04-10,homepage,Click,184.0
2863,2864,63,2,2023-02-21,homepage,Click,182.75
2864,2865,73,12,2025-04-02,homepage,View,102.0
2865,2866,43,9,2024-08-24,productpage,View,204.66666666666666
2866,2867,92,4,2023-12-15,homepage,View,153.75
2867,2868,70,10,2023-07-03,productpage,View,143.85714285714286
2868,2869,47,17,2023-02-07,productpage,View,105.0
2869,2870,42,4,2024-01-04,productpage,View,147.5
2870,2871,15,19,2023-12-04,productpage,View,86.66666666666667
2871,2872,71,1,2024-07-13,homepage,View,153.25
2872,2873,17,2,2025-08-13,productpage,View,130.0
2873,2874,36,12,2025-07-03,checkout,Drop-off,128.0
2874,2875,51,19,2023-01-30,homepage,View,131.6
2875,2876,59,4,2023-07-02,checkout,Drop-off,168.0
2876,2877,99,12,2023-09-09,checkout,Drop-off,200.0
2877,2878,26,16,2025-07-23,productpage,View,260.0
2878,2879,94,10,2024-06-10,homepage,View,132.33333333333334
2879,2880,80,16,2023-02-04,productpage,View,232.2
2880,2881,32,5,2024-06-09,homepage,View,215.2
2881,2882,63,14,2023-03-15,checkout,Drop-off,211.33333333333334
2882,2883,20,19,2024-10-03,homepage,Click,148.8
2883,2884,85,9,2023-04-26,productpage,Click,175.75
2884,2885,52,9,2023-08-03,productpage,Click,256.0
2885,2886,71,4,2025-03-13,checkout,Purchase,184.75
2886,2887,84,15,2024-10-29,productpage,View,217.0
2887,2888,71,14,2024-03-10,checkout,Drop-off,138.0
2888,2889,59,4,2023-03-17,homepage,View,120.28571428571429
2889,2890,28,10,2023-01-31,productpage,View,147.5
2890,2891,99,19,2025-11-22,productpage,View,121.0
2891,2892,35,1,2025-09-27,checkout,Drop-off,148.33333333333334
2892,2893,100,9,2023-02-22,homepage,View,222.33333333333334
2893,2894,28,17,2023-02-22,checkout,Drop-off,222.33333333333334
2894,2895,78,5,2025-05-01,homepage,View,60.0
2895,2896,87,15,2023-05-04,homepage,View,121.0
2896,2897,75,13,2023-02-14,homepage,View,168.5
2897,2898,74,9,2023-12-09,homepage,Click,141.75
2898,2899,38,13,2023-05-03,productpage,Click,164.28571428571428
2899,2900,28,10,2024-01-19,homepage,Click,131.33333333333334
2900,2901,53,8,2024-08-08,checkout,Purchase,144.66666666666666
2901,2902,86,1,2024-04-07,homepage,View,115.5
2902,2903,69,7,2023-11-27,productpage,View,173.83333333333334
2903,2904,48,5,2023-03-10,checkout,Drop-off,
2904,2905,18,1,2023-03-12,checkout,Drop-off,116.5
2905,2906,91,1,2023-01-05,homepage,View,177.25
2906,2907,59,11,2023-06-15,homepage,View,127.42857142857143
2907,2908,87,11,2024-09-30,checkout,Drop-off,141.66666666666666
2908,2909,28,3,2025-09-21,homepage,View,146.33333333333334
2909,2910,91,3,2024-02-17,productpage,View,110.66666666666667
2910,2911,43,15,2023-06-24,homepage,View,202.4
2911,2912,64,19,2024-03-08,checkout,Drop-off,108.0
2912,2913,35,10,2023-08-22,homepage,Click,95.71428571428571
2913,2914,79,1,2025-03-28,homepage,View,70.5
2914,2915,75,15,2023-01-24,checkout,Drop-off,
2915,2916,42,6,2023-12-01,productpage,View,241.0
2916,2917,93,2,2023-10-11,checkout,Drop-off,245.0
2917,2918,44,4,2023-02-14,homepage,View,168.5
2918,2919,50,20,2023-10-16,homepage,Click,245.0
2919,2920,83,17,2025-08-15,homepage,View,143.875
2920,2921,55,4,2023-12-28,productpage,View,96.66666666666667
2921,2922,62,11,2025-06-26,productpage,View,171.5
2922,2923,28,15,2023-09-11,productpage,View,112.0
2923,2924,51,3,2025-08-02,homepage,Click,106.8
2924,2925,24,8,2023-11-12,productpage,Click,208.66666666666666
2925,2926,57,18,2024-01-20,productpage,Click,217.25
2926,2927,81,12,2024-12-28,homepage,Click,269.6666666666667
2927,2928,52,15,2024-07-21,homepage,View,159.5
2928,2929,30,8,2025-05-21,homepage,Click,98.33333333333333
2929,2930,37,4,2023-12-06,productpage,Click,138.2
2930,2931,22,7,2025-11-26,productpage,Click,165.33333333333334
2931,2932,22,19,2024-10-04,homepage,Click,192.83333333333334
2932,2933,79,2,2025-06-21,checkout,Purchase,143.14285714285714
2933,2934,40,11,2024-07-31,productpage,View,162.33333333333334
2934,2935,99,3,2023-04-05,homepage,Click,127.0
2935,2936,68,18,2025-06-23,productpage,Drop-off,
2936,2937,89,4,2023-09-30,homepage,Click,132.0
2937,2938,24,18,2024-06-12,checkout,Purchase,227.0
2938,2939,6,9,2024-01-20,productpage,View,217.25
2939,2940,77,1,2023-08-06,homepage,Click,169.5
2940,2941,69,5,2024-05-21,homepage,Click,120.0
2941,2942,74,7,2023-03-19,checkout,Purchase,190.66666666666666
2942,2943,72,16,2023-10-06,homepage,View,136.85714285714286
2943,2944,87,8,2025-02-10,homepage,Click,148.25
2944,2945,50,17,2024-12-29,productpage,Click,220.375
2945,2946,43,7,2024-03-22,productpage,Click,151.0
2946,2947,68,10,2023-11-02,homepage,View,142.625
2947,2948,47,7,2024-02-16,homepage,Click,197.75
2948,2949,55,11,2023-01-22,checkout,Purchase,179.83333333333334
2949,2950,28,8,2023-09-16,homepage,Click,180.66666666666666
2950,2951,54,11,2024-05-07,productpage,Click,168.5
2951,2952,77,19,2023-08-10,homepage,View,174.0
2952,2953,69,8,2023-11-14,checkout,Drop-off,199.66666666666666
2953,2954,54,15,2023-04-17,checkout,Drop-off,163.0
2954,2955,10,3,2023-05-11,homepage,Click,259.5
2955,2956,77,18,2025-11-11,homepage,View,184.4
2956,2957,83,2,2025-04-03,homepage,View,175.0
2957,2958,24,4,2024-09-12,homepage,View,196.5
2958,2959,98,9,2023-01-26,checkout,Drop-off,184.66666666666666
2959,2960,50,17,2025-09-29,checkout,Drop-off,176.16666666666666
2960,2961,2,1,2024-03-07,checkout,Drop-off,147.66666666666666
2961,2962,9,20,2024-12-26,checkout,Drop-off,183.5
2962,2963,35,8,2025-02-06,homepage,Click,65.5
2963,2964,50,8,2025-11-15,homepage,View,117.0
2964,2965,84,10,2024-05-27,homepage,View,60.75
2965,2966,84,11,2025-06-22,checkout,Drop-off,130.5
2966,2967,81,2,2023-04-20,productpage,View,93.2
2967,2968,51,9,2023-05-02,productpage,View,103.5
2968,2969,17,9,2025-10-23,productpage,View,117.8
2969,2970,90,11,2024-08-29,homepage,Click,180.5
2970,2971,10,19,2024-05-05,homepage,View,168.4
2971,2972,87,12,2025-04-16,productpage,View,157.66666666666666
2972,2973,26,15,2024-10-25,productpage,View,153.66666666666666
2973,2974,35,19,2024-05-11,productpage,View,154.25
2974,2975,88,11,2023-03-14,homepage,View,188.0
2975,2976,52,13,2025-11-07,homepage,View,72.33333333333333
2976,2977,8,13,2024-06-09,homepage,Click,215.2
2977,2978,37,16,2024-07-31,homepage,Click,162.33333333333334
2978,2979,71,18,2024-11-02,productpage,Click,164.75
2979,2980,76,5,2024-03-09,homepage,Click,232.8
2980,2981,10,14,2024-04-10,productpage,Click,188.5
2981,2982,92,16,2023-02-06,checkout,Purchase,85.33333333333333
2982,2983,82,20,2023-12-27,homepage,Click,175.8
2983,2984,8,19,2025-12-25,checkout,Purchase,283.0
2984,2985,51,14,2024-04-21,homepage,View,102.33333333333333
2985,2986,77,8,2024-10-27,productpage,View,207.66666666666666
2986,2987,71,15,2024-06-23,homepage,Click,162.75
2987,2988,46,6,2023-05-17,checkout,Purchase,63.666666666666664
2988,2989,17,9,2025-06-14,checkout,Drop-off,124.5
2989,2990,15,12,2024-08-21,checkout,Drop-off,121.0
2990,2991,22,19,2025-01-19,homepage,View,176.71428571428572
2991,2992,63,8,2023-09-29,homepage,View,94.6
2992,2993,75,16,2023-01-22,productpage,View,179.83333333333334
2993,2994,22,8,2024-12-03,homepage,View,112.5
2994,2995,9,7,2025-11-12,homepage,View,184.4
2995,2996,40,15,2025-04-12,homepage,View,195.0
2996,2997,56,18,2023-06-30,homepage,View,54.0
2997,2998,60,16,2023-06-28,homepage,Click,57.142857142857146
2998,2999,63,19,2023-12-04,checkout,Purchase,86.66666666666667
2999,3000,2,12,2025-03-25,homepage,View,171.5
3000,3001,78,3,2025-07-17,homepage,View,105.66666666666667
3001,3002,3,8,2024-03-21,homepage,View,130.8
3002,3003,19,16,2023-01-01,productpage,View,237.0
3003,3004,61,18,2025-11-19,homepage,View,157.66666666666666
3004,3005,30,16,2025-04-09,homepage,View,166.66666666666666
3005,3006,66,10,2023-07-02,checkout,Drop-off,168.0
3006,3007,63,17,2023-04-06,productpage,View,122.33333333333333
3007,3008,46,17,2025-07-24,homepage,View,146.4
3008,3009,58,11,2024-09-04,homepage,View,99.25
3009,3010,91,17,2023-01-22,productpage,View,179.83333333333334
3010,3011,34,19,2024-12-21,checkout,Drop-off,138.5
3011,3012,55,5,2023-12-12,checkout,Drop-off,182.2
3012,3013,60,20,2025-04-09,checkout,Drop-off,166.66666666666666
3013,3014,56,9,2023-05-16,productpage,View,187.5
3014,3015,83,15,2025-02-28,homepage,View,170.5
3015,3016,43,2,2025-04-07,productpage,View,231.66666666666666
3016,3017,88,20,2025-12-29,checkout,Drop-off,145.0
3017,3018,78,13,2023-11-20,productpage,View,103.85714285714286
3018,3019,92,6,2024-02-24,productpage,View,163.0
3019,3020,5,15,2023-04-19,homepage,View,108.2
3020,3021,19,12,2025-04-24,productpage,View,226.5
3021,3022,68,18,2025-01-31,homepage,View,185.5
3022,3023,62,2,2023-04-06,homepage,Click,122.33333333333333
3023,3024,67,14,2023-11-24,homepage,Click,198.5
3024,3025,92,5,2023-08-30,homepage,View,199.66666666666666
3025,3026,51,20,2025-11-11,productpage,View,184.4
3026,3027,93,19,2023-02-28,checkout,Drop-off,173.0
3027,3028,52,9,2023-03-25,productpage,View,178.0
3028,3029,88,16,2025-10-21,homepage,Click,144.0
3029,3030,32,7,2025-07-12,homepage,View,192.25
3030,3031,10,19,2023-07-23,homepage,View,189.33333333333334
3031,3032,60,3,2024-09-10,homepage,Click,220.0
3032,3033,5,6,2024-06-07,productpage,Click,46.0
3033,3034,78,5,2024-08-15,homepage,Click,179.33333333333334
3034,3035,7,7,2023-04-15,homepage,View,156.6
3035,3036,32,20,2023-03-19,productpage,View,190.66666666666666
3036,3037,8,14,2024-08-21,checkout,Drop-off,121.0
3037,3038,11,18,2023-06-03,productpage,View,217.0
3038,3039,15,13,2024-06-13,homepage,Click,121.66666666666667
3039,3040,97,12,2023-03-31,checkout,Purchase,166.66666666666666
3040,3041,48,13,2024-10-26,productpage,View,184.5
3041,3042,33,15,2025-12-27,homepage,Click,149.0
3042,3043,55,3,2025-05-17,productpage,Click,173.5
3043,3044,88,5,2023-03-07,checkout,Purchase,206.33333333333334
3044,3045,31,15,2023-06-28,homepage,View,57.142857142857146
3045,3046,99,12,2024-01-16,productpage,View,137.0
3046,3047,10,9,2024-11-11,homepage,Click,174.5
3047,3048,53,13,2023-09-25,productpage,Click,226.25
3048,3049,49,15,2023-04-17,checkout,Purchase,163.0
3049,3050,84,14,2025-09-10,productpage,View,146.0
3050,3051,94,10,2024-04-09,homepage,Click,145.66666666666666
3051,3052,25,10,2025-12-09,productpage,Click,197.0
3052,3053,33,4,2023-10-05,homepage,View,109.75
3053,3054,74,14,2023-10-25,homepage,View,161.5
3054,3055,100,4,2023-12-29,productpage,View,135.0
3055,3056,82,5,2025-07-31,homepage,Click,233.75
3056,3057,60,1,2024-12-14,homepage,Click,278.0
3057,3058,37,20,2025-03-06,productpage,Click,195.75
3058,3059,45,9,2025-05-15,productpage,Click,275.0
3059,3060,22,6,2023-06-21,checkout,Purchase,74.75
3060,3061,77,13,2023-08-19,homepage,View,144.625
3061,3062,20,16,2023-07-24,checkout,Drop-off,176.25
3062,3063,58,6,2024-01-12,homepage,View,109.0
3063,3064,73,15,2024-10-05,checkout,Drop-off,123.5
3064,3065,10,5,2025-09-17,homepage,View,209.0
3065,3066,63,15,2025-12-30,homepage,View,141.66666666666666
3066,3067,50,10,2025-03-15,homepage,View,27.666666666666668
3067,3068,13,12,2025-06-22,homepage,View,130.5
3068,3069,92,12,2025-07-26,homepage,View,180.5
3069,3070,84,12,2025-04-22,productpage,View,244.5
3070,3071,16,4,2023-09-25,productpage,View,226.25
3071,3072,73,13,2023-01-18,checkout,Drop-off,264.5
3072,3073,50,5,2023-05-31,productpage,View,184.0
3073,3074,82,4,2025-05-04,productpage,View,189.42857142857142
3074,3075,12,8,2023-07-03,productpage,View,143.85714285714286
3075,3076,52,14,2025-07-17,homepage,Click,105.66666666666667
3076,3077,1,1,2024-03-18,homepage,View,124.33333333333333
3077,3078,53,10,2023-10-03,checkout,Drop-off,225.5
3078,3079,45,14,2023-01-26,homepage,Click,184.66666666666666
3079,3080,3,1,2023-01-08,homepage,View,36.333333333333336
3080,3081,5,2,2023-03-20,homepage,Click,208.25
3081,3082,23,1,2025-10-23,homepage,View,117.8
3082,3083,44,19,2023-05-11,checkout,Drop-off,259.5
3083,3084,67,12,2024-02-05,homepage,View,94.0
3084,3085,37,5,2024-10-22,productpage,View,155.33333333333334
3085,3086,47,1,2024-04-14,homepage,Click,111.33333333333333
3086,3087,90,11,2023-05-02,homepage,View,103.5
3087,3088,24,20,2025-06-21,homepage,Click,143.14285714285714
3088,3089,62,14,2023-07-23,homepage,View,189.33333333333334
3089,3090,85,3,2023-12-19,checkout,Drop-off,172.0
3090,3091,10,7,2023-11-27,homepage,View,173.83333333333334
3091,3092,98,10,2023-10-27,homepage,View,207.0
3092,3093,81,6,2024-12-04,homepage,View,211.75
3093,3094,69,12,2024-11-22,productpage,View,101.0
3094,3095,40,8,2025-07-17,checkout,Drop-off,105.66666666666667
3095,3096,24,10,2025-12-19,checkout,Drop-off,226.0
3096,3097,38,18,2023-07-19,productpage,View,149.5
3097,3098,29,19,2024-09-03,homepage,View,199.5
3098,3099,80,15,2024-12-07,productpage,View,234.66666666666666
3099,3100,83,14,2025-04-02,homepage,View,102.0
3100,3101,21,2,2024-05-16,homepage,View,174.0
3101,3102,99,15,2024-06-20,homepage,Click,123.88888888888889
3102,3103,23,20,2025-07-21,productpage,Drop-off,124.75
3103,3104,2,20,2023-04-05,homepage,View,127.0
3104,3105,84,12,2023-09-10,homepage,View,209.0
3105,3106,50,2,2025-07-24,homepage,Click,146.4
3106,3107,39,4,2025-05-29,productpage,Click,162.55555555555554
3107,3108,4,16,2024-11-05,homepage,View,97.0
3108,3109,66,18,2025-08-22,productpage,View,198.0
3109,3110,31,8,2024-10-01,homepage,Click,211.4
3110,3111,38,7,2024-08-10,homepage,View,209.83333333333334
3111,3112,85,13,2023-04-26,productpage,View,175.75
3112,3113,93,1,2025-04-01,productpage,View,163.5
3113,3114,100,20,2024-10-10,productpage,View,141.0
3114,3115,89,2,2025-04-04,productpage,View,149.2
3115,3116,32,4,2023-05-21,checkout,Drop-off,57.0
3116,3117,40,16,2023-01-04,homepage,Click,183.0
3117,3118,7,1,2025-11-11,checkout,Purchase,184.4
3118,3119,90,16,2023-12-13,homepage,Click,137.33333333333334
3119,3120,80,8,2023-11-09,homepage,View,150.66666666666666
3120,3121,42,3,2023-01-19,productpage,View,161.66666666666666
3121,3122,93,19,2024-09-04,checkout,Drop-off,99.25
3122,3123,77,4,2025-03-10,homepage,View,44.333333333333336
3123,3124,70,20,2023-02-23,homepage,View,232.0
3124,3125,64,19,2025-12-04,checkout,Drop-off,236.5
3125,3126,3,5,2023-06-16,productpage,View,170.5
3126,3127,94,20,2024-01-27,homepage,Click,121.33333333333333
3127,3128,90,20,2025-08-07,homepage,Click,173.25
3128,3129,14,15,2023-08-25,productpage,Click,212.6
3129,3130,12,1,2023-02-05,productpage,Drop-off,229.33333333333334
3130,3131,65,20,2023-04-04,checkout,Drop-off,127.6
3131,3132,34,2,2023-11-22,homepage,Click,179.0
3132,3133,71,11,2025-12-18,homepage,Click,200.5
3133,3134,20,4,2023-12-03,homepage,Click,167.33333333333334
3134,3135,50,15,2023-01-30,checkout,Purchase,131.6
3135,3136,39,15,2023-12-10,homepage,View,165.0
3136,3137,39,6,2023-02-14,homepage,View,168.5
3137,3138,59,6,2024-04-28,productpage,View,158.0
3138,3139,71,13,2023-08-27,checkout,Drop-off,218.0
3139,3140,11,20,2024-01-28,homepage,View,131.5
3140,3141,2,10,2024-12-27,productpage,View,163.5
3141,3142,97,2,2023-02-13,homepage,Click,205.5
3142,3143,38,20,2025-03-23,productpage,Click,145.5
3143,3144,79,11,2024-03-08,checkout,Purchase,108.0
3144,3145,53,13,2023-05-15,productpage,View,170.8
3145,3146,83,20,2023-09-29,homepage,Click,94.6
3146,3147,14,7,2024-11-11,productpage,Click,174.5
3147,3148,88,12,2025-07-21,homepage,Click,124.75
3148,3149,70,15,2025-06-21,checkout,Purchase,143.14285714285714
3149,3150,41,1,2025-10-23,homepage,View,117.8
3150,3151,79,3,2024-06-22,homepage,Click,252.33333333333334
3151,3152,86,12,2025-09-06,homepage,Click,73.55555555555556
3152,3153,43,4,2023-05-03,homepage,View,164.28571428571428
3153,3154,49,13,2024-12-25,productpage,View,208.0
3154,3155,66,18,2025-03-12,homepage,View,172.75
3155,3156,88,8,2023-06-15,productpage,View,127.42857142857143
3156,3157,74,10,2025-10-16,checkout,Drop-off,145.25
3157,3158,23,10,2025-04-25,checkout,Drop-off,90.5
3158,3159,84,4,2023-11-08,homepage,View,144.5
3159,3160,71,15,2024-04-27,homepage,View,101.0
3160,3161,78,11,2025-02-15,productpage,View,142.0
3161,3162,92,17,2025-07-04,productpage,View,175.83333333333334
3162,3163,11,14,2024-12-05,checkout,Drop-off,90.85714285714286
3163,3164,95,15,2023-03-14,homepage,View,188.0
3164,3165,84,14,2025-09-27,homepage,View,148.33333333333334
3165,3166,45,9,2024-07-26,homepage,Click,266.0
3166,3167,62,8,2024-10-06,homepage,Click,136.0
3167,3168,84,5,2025-08-08,productpage,Click,53.0
3168,3169,76,15,2025-04-06,homepage,Click,163.25
3169,3170,49,3,2023-01-06,checkout,Purchase,174.5
3170,3171,37,4,2025-04-23,homepage,View,175.8
3171,3172,48,3,2025-05-21,checkout,Drop-off,98.33333333333333
3172,3173,58,5,2024-06-21,checkout,Drop-off,196.25
3173,3174,1,15,2023-05-01,homepage,View,130.75
3174,3175,91,17,2023-01-30,homepage,Click,131.6
3175,3176,41,10,2023-10-03,homepage,View,225.5
3176,3177,100,19,2023-09-06,productpage,View,153.0
3177,3178,53,15,2024-05-11,productpage,View,154.25
3178,3179,100,12,2024-05-10,checkout,Drop-off,96.0
3179,3180,78,5,2023-09-21,productpage,View,110.0
3180,3181,97,10,2023-01-23,homepage,Click,232.5
3181,3182,48,5,2023-12-02,homepage,Click,270.0
3182,3183,14,5,2025-08-09,productpage,Click,167.33333333333334
3183,3184,34,19,2025-08-15,homepage,Click,143.875
3184,3185,80,8,2023-10-09,productpage,Click,147.25
3185,3186,63,4,2025-05-12,homepage,Click,184.0
3186,3187,48,17,2023-05-03,homepage,Click,164.28571428571428
3187,3188,100,15,2025-05-26,productpage,Click,151.75
3188,3189,43,5,2024-05-02,homepage,View,253.0
3189,3190,46,5,2024-09-24,checkout,Drop-off,137.66666666666666
3190,3191,22,16,2025-04-30,homepage,Click,143.83333333333334
3191,3192,57,19,2025-07-28,homepage,Click,117.33333333333333
3192,3193,92,16,2024-04-01,checkout,Purchase,78.0
3193,3194,93,20,2024-01-07,productpage,View,201.0
3194,3195,86,19,2024-08-05,productpage,View,156.33333333333334
3195,3196,28,19,2025-09-02,homepage,View,165.66666666666666
3196,3197,82,17,2023-03-09,productpage,View,167.25
3197,3198,63,16,2023-07-30,checkout,Drop-off,122.5
3198,3199,99,4,2024-12-09,homepage,View,57.0
3199,3200,69,11,2024-07-23,homepage,View,160.5
3200,3201,73,10,2024-07-23,homepage,View,160.5
3201,3202,5,6,2023-12-08,productpage,View,246.0
3202,3203,24,9,2024-07-05,homepage,View,188.0
3203,3204,64,4,2025-06-30,homepage,View,190.33333333333334
3204,3205,98,7,2023-09-12,productpage,View,95.5
3205,3206,95,17,2024-04-03,homepage,View,223.75
3206,3207,68,9,2025-04-30,productpage,View,143.83333333333334
3207,3208,9,12,2024-11-18,homepage,View,29.0
3208,3209,27,17,2024-11-23,checkout,Drop-off,264.5
3209,3210,61,7,2023-01-03,homepage,View,170.75
3210,3211,70,14,2025-05-11,checkout,Drop-off,172.0
3211,3212,100,1,2025-02-28,productpage,View,170.5
3212,3213,23,1,2025-04-13,homepage,View,208.33333333333334
3213,3214,89,1,2023-03-07,checkout,Drop-off,206.33333333333334
3214,3215,74,14,2025-10-16,productpage,View,145.25
3215,3216,41,17,2024-11-29,productpage,View,274.0
3216,3217,92,2,2024-02-03,homepage,View,177.66666666666666
3217,3218,97,10,2024-12-10,homepage,Click,135.6
3218,3219,12,9,2024-08-15,homepage,View,179.33333333333334
3219,3220,73,12,2025-03-02,homepage,Click,175.5
3220,3221,96,4,2025-06-12,homepage,Click,83.0
3221,3222,24,13,2023-04-25,productpage,Click,190.0
3222,3223,57,1,2023-01-20,productpage,Drop-off,161.0
3223,3224,65,13,2025-05-12,homepage,View,184.0
3224,3225,80,13,2023-08-06,productpage,View,169.5
3225,3226,79,15,2023-04-27,checkout,Drop-off,157.0
3226,3227,70,9,2023-11-10,productpage,View,158.66666666666666
3227,3228,63,4,2023-09-15,checkout,Drop-off,117.0
3228,3229,21,8,2024-11-26,homepage,Click,162.0
3229,3230,24,8,2025-03-27,checkout,Purchase,44.0
3230,3231,48,2,2024-11-09,homepage,Click,158.0
3231,3232,84,9,2023-10-28,homepage,View,138.0
3232,3233,69,20,2023-12-19,homepage,View,172.0
3233,3234,15,2,2023-06-21,productpage,View,74.75
3234,3235,28,5,2023-11-21,homepage,View,100.25
3235,3236,59,4,2025-02-12,productpage,View,65.66666666666667
3236,3237,92,12,2023-01-27,productpage,View,130.5
3237,3238,89,18,2024-12-25,checkout,Drop-off,208.0
3238,3239,91,4,2025-01-20,homepage,Click,223.5
3239,3240,25,15,2023-08-02,checkout,Purchase,116.5
3240,3241,69,20,2023-03-11,homepage,View,161.0
3241,3242,22,8,2023-03-22,productpage,View,91.0
3242,3243,81,6,2024-10-16,productpage,View,172.5
3243,3244,28,10,2025-04-12,productpage,View,195.0
3244,3245,20,3,2024-07-25,checkout,Drop-off,246.0
3245,3246,58,17,2025-03-11,homepage,Click,163.33333333333334
3246,3247,27,18,2023-12-14,checkout,Purchase,128.0
3247,3248,60,1,2024-05-01,homepage,View,154.66666666666666
3248,3249,85,10,2024-06-02,productpage,View,188.0
3249,3250,6,20,2024-12-17,homepage,View,161.0
3250,3251,11,8,2025-11-27,productpage,View,97.0
3251,3252,85,16,2024-04-18,checkout,Drop-off,114.0
3252,3253,90,2,2023-03-30,homepage,Click,144.2
3253,3254,95,12,2024-07-06,checkout,Purchase,134.0
3254,3255,47,10,2023-02-06,homepage,Click,85.33333333333333
3255,3256,8,8,2024-05-08,homepage,View,123.0
3256,3257,22,14,2025-08-08,checkout,Drop-off,53.0
3257,3258,90,12,2024-02-11,homepage,View,129.66666666666666
3258,3259,49,12,2024-09-17,productpage,View,141.8
3259,3260,17,12,2023-08-27,productpage,View,218.0
3260,3261,89,7,2024-02-19,checkout,Drop-off,204.0
3261,3262,80,17,2023-03-02,homepage,Click,291.6666666666667
3262,3263,98,12,2024-04-20,productpage,Click,200.0
3263,3264,74,4,2023-10-24,checkout,Purchase,121.0
3264,3265,11,5,2025-05-02,homepage,View,160.0
3265,3266,56,18,2025-09-01,productpage,View,86.25
3266,3267,5,15,2024-09-15,productpage,View,32.0
3267,3268,99,18,2023-03-17,checkout,Drop-off,120.28571428571429
3268,3269,48,8,2025-03-18,homepage,View,187.4
3269,3270,4,2,2024-07-02,productpage,View,208.4
3270,3271,61,19,2023-05-15,homepage,Click,170.8
3271,3272,32,19,2023-05-28,checkout,Purchase,120.0
3272,3273,21,14,2024-03-31,homepage,View,153.25
3273,3274,90,20,2023-07-08,productpage,View,162.5
3274,3275,78,13,2023-11-21,homepage,View,100.25
3275,3276,42,1,2023-12-27,homepage,View,175.8
3276,3277,34,18,2024-06-17,homepage,View,207.25
3277,3278,97,14,2024-10-25,productpage,View,153.66666666666666
3278,3279,14,15,2023-10-31,homepage,Click,120.75
3279,3280,94,17,2025-01-29,checkout,Purchase,204.33333333333334
3280,3281,64,9,2024-11-30,productpage,View,70.0
3281,3282,43,16,2025-01-01,productpage,View,168.5
3282,3283,68,18,2024-05-04,productpage,View,72.5
3283,3284,36,19,2023-05-09,productpage,View,64.0
3284,3285,25,3,2025-12-02,homepage,View,244.0
3285,3286,57,2,2023-11-06,productpage,View,159.25
3286,3287,96,9,2024-01-14,homepage,Click,187.5
3287,3288,74,7,2024-07-07,productpage,Click,201.0
3288,3289,50,9,2023-01-06,productpage,Click,174.5
3289,3290,99,3,2024-06-14,checkout,Purchase,184.25
3290,3291,14,15,2023-11-21,checkout,Drop-off,100.25
3291,3292,42,17,2023-04-18,homepage,Click,126.0
3292,3293,31,4,2024-06-20,productpage,Click,123.88888888888889
3293,3294,34,10,2025-04-25,checkout,Purchase,90.5
3294,3295,59,4,2025-08-31,productpage,View,183.33333333333334
3295,3296,82,14,2023-11-16,checkout,Drop-off,157.0
3296,3297,96,11,2023-08-26,productpage,View,190.6
3297,3298,79,5,2023-07-04,productpage,View,152.16666666666666
3298,3299,85,2,2025-01-29,homepage,View,204.33333333333334
3299,3300,57,13,2023-06-17,homepage,View,92.5
3300,3301,41,9,2025-08-07,homepage,View,173.25
3301,3302,69,4,2023-11-30,checkout,Drop-off,
3302,3303,78,12,2023-03-21,homepage,Click,217.2
3303,3304,67,19,2025-11-26,homepage,Click,165.33333333333334
3304,3305,98,14,2025-05-20,productpage,Click,13.0
3305,3306,99,19,2023-11-14,productpage,Click,199.66666666666666
3306,3307,29,13,2024-07-17,homepage,View,68.33333333333333
3307,3308,25,3,2024-02-04,productpage,View,157.33333333333334
3308,3309,85,2,2023-05-27,homepage,View,94.5
3309,3310,74,12,2023-08-31,homepage,Click,155.5
3310,3311,75,8,2024-06-19,homepage,View,132.125
3311,3312,1,2,2023-03-03,productpage,View,162.16666666666666
3312,3313,46,14,2025-04-16,homepage,View,157.66666666666666
3313,3314,9,9,2024-01-28,homepage,View,131.5
3314,3315,21,4,2023-10-08,homepage,Click,51.333333333333336
3315,3316,17,1,2025-06-05,productpage,Click,140.0
3316,3317,20,20,2023-12-20,checkout,Drop-off,187.33333333333334
3317,3318,78,9,2024-07-13,homepage,View,153.25
3318,3319,48,15,2025-09-19,productpage,View,235.33333333333334
3319,3320,31,5,2023-09-30,checkout,Drop-off,132.0
3320,3321,17,19,2024-04-21,homepage,View,102.33333333333333
3321,3322,41,3,2025-04-28,checkout,Drop-off,131.0
3322,3323,56,19,2023-04-04,homepage,View,127.6
3323,3324,3,6,2025-03-06,homepage,View,195.75
3324,3325,40,13,2025-06-21,productpage,View,143.14285714285714
3325,3326,36,11,2025-04-23,productpage,View,175.8
3326,3327,78,12,2023-03-30,productpage,View,144.2
3327,3328,29,3,2024-12-20,productpage,View,97.33333333333333
3328,3329,21,16,2023-03-04,homepage,View,208.75
3329,3330,16,5,2023-03-13,checkout,Drop-off,
3330,3331,7,4,2023-07-08,homepage,View,162.5
3331,3332,93,16,2023-02-01,productpage,View,125.0
3332,3333,18,10,2024-08-02,productpage,View,231.5
3333,3334,56,3,2025-08-11,homepage,View,57.0
3334,3335,75,12,2024-05-03,homepage,Click,86.0
3335,3336,85,9,2025-09-04,productpage,Click,140.75
3336,3337,38,3,2025-11-04,productpage,Click,161.125
3337,3338,87,12,2023-07-24,checkout,Purchase,176.25
3338,3339,36,5,2025-02-15,productpage,View,142.0
3339,3340,32,7,2025-05-18,productpage,View,110.0
3340,3341,84,1,2025-04-15,checkout,Drop-off,130.0
3341,3342,23,16,2024-01-18,homepage,Click,151.66666666666666
3342,3343,95,14,2023-01-20,homepage,View,161.0
3343,3344,1,5,2023-07-20,checkout,Drop-off,187.6
3344,3345,70,5,2025-05-25,checkout,Drop-off,155.0
3345,3346,57,11,2023-08-17,homepage,Click,93.0
3346,3347,58,4,2025-12-29,homepage,View,145.0
3347,3348,80,19,2024-11-02,homepage,View,164.75
3348,3349,26,20,2024-05-31,checkout,Drop-off,12.0
3349,3350,23,3,2024-01-29,homepage,Click,131.2
3350,3351,60,7,2023-04-14,homepage,Click,165.4
3351,3352,55,6,2025-02-19,checkout,Purchase,194.2
3352,3353,77,5,2024-07-18,homepage,View,171.16666666666666
3353,3354,100,13,2025-10-22,homepage,View,169.14285714285714
3354,3355,58,10,2023-12-22,productpage,View,161.5
3355,3356,49,19,2023-07-09,productpage,View,179.25
3356,3357,36,18,2025-05-29,productpage,View,162.55555555555554
3357,3358,71,15,2025-09-11,productpage,View,158.66666666666666
3358,3359,12,8,2024-01-23,checkout,Drop-off,106.0
3359,3360,71,8,2024-03-05,checkout,Drop-off,120.33333333333333
3360,3361,83,10,2025-12-09,productpage,View,197.0
3361,3362,41,7,2024-01-31,homepage,Click,165.33333333333334
3362,3363,7,13,2024-06-24,homepage,Click,113.5
3363,3364,24,12,2023-11-07,checkout,Purchase,239.66666666666666
3364,3365,10,10,2023-02-11,checkout,Drop-off,104.6
3365,3366,77,3,2025-03-11,homepage,View,163.33333333333334
3366,3367,100,12,2023-10-19,homepage,View,72.5
3367,3368,49,18,2024-09-17,productpage,View,141.8
3368,3369,54,12,2024-01-06,productpage,View,106.5
3369,3370,48,7,2023-03-23,checkout,Drop-off,245.33333333333334
3370,3371,87,2,2024-03-13,homepage,Click,81.5
3371,3372,83,4,2024-09-18,homepage,View,190.4
3372,3373,79,17,2025-04-05,checkout,Drop-off,83.0
3373,3374,86,13,2024-07-17,checkout,Drop-off,68.33333333333333
3374,3375,54,10,2025-05-27,productpage,View,160.33333333333334
3375,3376,57,11,2024-09-06,checkout,Drop-off,285.0
3376,3377,95,16,2025-01-08,homepage,Click,192.0
3377,3378,91,20,2024-08-02,homepage,Click,231.5
3378,3379,56,15,2025-07-27,homepage,View,162.33333333333334
3379,3380,97,18,2025-01-01,productpage,View,168.5
3380,3381,66,2,2024-12-23,homepage,View,157.33333333333334
3381,3382,28,8,2025-09-24,homepage,View,177.2
3382,3383,4,19,2023-06-14,checkout,Drop-off,121.75
3383,3384,18,9,2025-01-01,productpage,View,168.5
3384,3385,71,6,2024-05-06,homepage,View,211.66666666666666
3385,3386,19,16,2024-05-14,productpage,View,228.0
3386,3387,6,11,2025-07-06,checkout,Drop-off,200.0
3387,3388,1,1,2024-06-28,homepage,Click,150.2
3388,3389,66,12,2024-10-10,homepage,View,141.0
3389,3390,73,8,2025-09-29,productpage,View,176.16666666666666
3390,3391,80,15,2024-11-22,checkout,Drop-off,101.0
3391,3392,33,14,2025-06-07,homepage,View,185.33333333333334
3392,3393,16,3,2023-04-28,productpage,View,199.2
3393,3394,70,8,2025-07-24,productpage,View,146.4
3394,3395,44,17,2025-06-30,homepage,Click,190.33333333333334
3395,3396,81,9,2023-01-02,productpage,Click,151.0
3396,3397,49,17,2024-05-23,checkout,Purchase,80.0
3397,3398,86,7,2024-05-26,homepage,View,136.8
3398,3399,70,3,2023-07-03,checkout,Drop-off,143.85714285714286
3399,3400,18,9,2025-07-31,checkout,Drop-off,233.75
3400,3401,10,16,2023-02-27,homepage,Click,114.4
3401,3402,5,20,2025-12-30,homepage,View,141.66666666666666
3402,3403,6,4,2023-07-25,productpage,View,104.0
3403,3404,81,3,2024-09-29,checkout,Drop-off,295.0
3404,3405,88,19,2023-12-06,homepage,View,138.2
3405,3406,86,6,2024-09-27,productpage,View,214.4
3406,3407,96,1,2023-07-11,productpage,View,127.6
3407,3408,67,12,2025-06-10,homepage,Click,162.0
3408,3409,23,13,2025-07-15,homepage,Click,147.25
3409,3410,20,5,2023-02-04,productpage,Click,232.2
3410,3411,36,4,2023-06-20,productpage,Click,75.5
3411,3412,72,2,2023-05-24,homepage,Click,141.33333333333334
3412,3413,51,5,2024-08-27,homepage,View,219.66666666666666
3413,3414,58,15,2024-08-03,productpage,View,177.25
3414,3415,57,1,2025-03-26,homepage,Click,167.75
3415,3416,48,6,2024-08-24,homepage,Click,204.66666666666666
3416,3417,34,20,2023-04-03,productpage,Click,209.5
3417,3418,79,8,2024-04-16,productpage,Click,200.0
3418,3419,25,3,2023-01-01,homepage,Click,237.0
3419,3420,25,4,2024-10-21,homepage,View,199.5
3420,3421,76,11,2023-05-12,checkout,Drop-off,173.66666666666666
3421,3422,43,5,2025-07-01,productpage,View,232.0
3422,3423,48,2,2023-09-28,homepage,View,183.25
3423,3424,48,14,2025-05-03,homepage,View,124.8
3424,3425,41,13,2024-07-18,productpage,View,171.16666666666666
3425,3426,32,1,2023-05-20,homepage,Click,35.0
3426,3427,24,18,2023-07-29,productpage,Click,159.5
3427,3428,30,16,2024-11-07,homepage,View,145.33333333333334
3428,3429,76,7,2025-12-21,checkout,Drop-off,85.0
3429,3430,24,19,2025-04-13,checkout,Drop-off,208.33333333333334
3430,3431,39,16,2023-12-24,homepage,Click,202.0
3431,3432,16,17,2023-02-03,homepage,Click,128.2
3432,3433,41,8,2023-10-02,homepage,Click,176.0
3433,3434,96,14,2025-02-19,checkout,Purchase,194.2
3434,3435,84,12,2025-06-04,checkout,Drop-off,159.33333333333334
3435,3436,24,4,2024-03-12,checkout,Drop-off,273.0
3436,3437,43,9,2024-07-16,homepage,View,171.0
3437,3438,47,19,2024-06-28,productpage,View,150.2
3438,3439,30,11,2023-04-18,checkout,Drop-off,126.0
3439,3440,73,7,2023-01-22,homepage,View,179.83333333333334
3440,3441,18,4,2024-12-17,productpage,View,161.0
3441,3442,47,11,2025-11-30,productpage,View,165.5
3442,3443,62,5,2025-11-08,homepage,Click,94.0
3443,3444,8,18,2025-08-24,homepage,Click,106.5
3444,3445,88,18,2025-12-22,homepage,View,38.0
3445,3446,77,7,2024-09-11,checkout,Drop-off,249.0
3446,3447,96,1,2024-09-22,homepage,Click,173.66666666666666
3447,3448,58,2,2023-06-06,checkout,Purchase,242.0
3448,3449,77,9,2023-11-18,checkout,Drop-off,109.0
3449,3450,85,17,2025-12-08,checkout,Drop-off,218.0
3450,3451,56,1,2024-05-03,productpage,View,86.0
3451,3452,34,8,2023-07-23,homepage,View,189.33333333333334
3452,3453,60,6,2023-02-25,productpage,View,10.0
3453,3454,83,13,2023-08-08,checkout,Drop-off,151.33333333333334
3454,3455,88,15,2023-05-14,homepage,Click,211.0
3455,3456,56,12,2023-03-02,homepage,Click,291.6666666666667
3456,3457,30,10,2023-07-03,homepage,Click,143.85714285714286
3457,3458,51,12,2023-12-23,homepage,View,137.0
3458,3459,37,9,2023-03-25,checkout,Drop-off,178.0
3459,3460,57,9,2023-11-06,homepage,Click,159.25
3460,3461,40,17,2025-01-19,checkout,Purchase,176.71428571428572
3461,3462,24,20,2025-03-15,homepage,Click,27.666666666666668
3462,3463,56,11,2024-05-26,homepage,View,136.8
3463,3464,100,15,2024-03-18,productpage,View,124.33333333333333
3464,3465,86,15,2023-05-16,productpage,View,187.5
3465,3466,69,10,2025-04-23,homepage,Click,175.8
3466,3467,11,1,2024-02-07,productpage,Click,119.0
3467,3468,27,11,2025-06-27,homepage,Click,298.0
3468,3469,94,17,2024-08-22,homepage,View,113.0
3469,3470,55,7,2025-03-25,productpage,View,171.5
3470,3471,43,4,2024-05-25,homepage,View,107.66666666666667
3471,3472,52,2,2024-07-09,productpage,View,145.0
3472,3473,63,15,2023-12-05,productpage,View,131.0
3473,3474,43,9,2023-08-19,productpage,View,144.625
3474,3475,99,7,2023-06-26,homepage,View,197.5
3475,3476,27,14,2024-10-10,homepage,View,141.0
3476,3477,100,6,2024-01-12,homepage,Click,109.0
3477,3478,93,10,2023-01-07,homepage,Click,210.33333333333334
3478,3479,95,17,2023-09-13,productpage,Click,193.33333333333334
3479,3480,40,6,2023-03-06,checkout,Purchase,159.0
3480,3481,49,1,2025-06-17,homepage,Click,193.66666666666666
3481,3482,66,3,2023-09-15,productpage,Drop-off,117.0
3482,3483,78,11,2024-06-23,productpage,View,162.75
3483,3484,95,7,2023-04-26,checkout,Drop-off,175.75
3484,3485,66,1,2024-02-14,productpage,View,141.0
3485,3486,67,2,2025-01-07,productpage,View,108.0
3486,3487,35,16,2023-04-28,checkout,Drop-off,199.2
3487,3488,31,2,2023-09-29,homepage,Click,94.6
3488,3489,71,11,2023-10-08,homepage,View,51.333333333333336
3489,3490,80,6,2025-10-04,checkout,Drop-off,215.0
3490,3491,90,10,2024-11-21,checkout,Drop-off,190.33333333333334
3491,3492,41,7,2023-02-22,checkout,Drop-off,222.33333333333334
3492,3493,27,15,2025-09-19,checkout,Drop-off,235.33333333333334
3493,3494,44,14,2025-07-10,homepage,Click,129.5
3494,3495,69,11,2024-02-21,homepage,Click,155.66666666666666
3495,3496,65,15,2023-04-14,productpage,Click,165.4
3496,3497,91,18,2025-03-12,productpage,Click,172.75
3497,3498,58,11,2024-09-27,homepage,Click,214.4
3498,3499,14,16,2023-06-24,productpage,Click,202.4
3499,3500,26,5,2023-02-13,homepage,View,205.5
3500,3501,87,6,2025-08-16,productpage,View,160.2
3501,3502,28,7,2023-10-14,productpage,View,58.0
3502,3503,88,12,2023-03-06,checkout,Drop-off,159.0
3503,3504,70,19,2024-08-23,homepage,View,144.625
3504,3505,25,3,2025-01-21,homepage,Click,159.0
3505,3506,35,1,2023-06-16,productpage,Click,170.5
3506,3507,100,12,2025-01-22,productpage,Click,99.5
3507,3508,93,20,2025-03-15,productpage,Click,27.666666666666668
3508,3509,84,11,2025-04-15,checkout,Purchase,130.0
3509,3510,87,19,2023-04-27,homepage,Click,157.0
3510,3511,71,13,2024-03-16,homepage,Click,143.0
3511,3512,18,1,2025-01-23,homepage,Click,102.0
3512,3513,24,1,2025-03-12,productpage,Click,172.75
3513,3514,85,9,2024-03-04,productpage,Click,188.0
3514,3515,5,8,2023-02-22,homepage,View,222.33333333333334
3515,3516,86,11,2025-11-12,productpage,View,184.4
3516,3517,34,7,2024-01-14,checkout,Drop-off,187.5
3517,3518,96,18,2025-04-30,productpage,View,143.83333333333334
3518,3519,98,17,2024-04-18,homepage,View,114.0
3519,3520,53,3,2025-01-10,productpage,View,95.0
3520,3521,97,13,2025-02-10,productpage,View,148.25
3521,3522,72,20,2025-06-14,homepage,Click,124.5
3522,3523,58,19,2025-05-04,homepage,View,189.42857142857142
3523,3524,100,2,2024-05-06,homepage,Click,211.66666666666666
3524,3525,87,12,2025-09-15,checkout,Purchase,90.0
3525,3526,52,1,2025-12-10,homepage,View,201.0
3526,3527,14,17,2023-07-07,checkout,Drop-off,297.0
3527,3528,60,13,2023-02-21,homepage,View,182.75
3528,3529,6,16,2025-10-18,productpage,View,128.5
3529,3530,89,12,2023-08-22,homepage,View,95.71428571428571
3530,3531,70,5,2025-08-04,checkout,Drop-off,203.0
3531,3532,25,12,2025-05-29,productpage,View,162.55555555555554
3532,3533,63,17,2024-03-12,homepage,Click,273.0
3533,3534,45,7,2025-11-28,checkout,Purchase,190.5
3534,3535,75,16,2023-11-24,homepage,Click,198.5
3535,3536,16,6,2025-01-18,checkout,Purchase,164.33333333333334
3536,3537,37,14,2024-09-02,homepage,Click,224.0
3537,3538,40,18,2024-08-18,checkout,Purchase,150.0
3538,3539,52,2,2025-10-25,productpage,View,244.0
3539,3540,37,7,2024-09-13,homepage,View,107.5
3540,3541,83,1,2024-06-28,homepage,Click,150.2
3541,3542,47,14,2024-06-15,productpage,Click,124.0
3542,3543,75,6,2024-05-30,checkout,Drop-off,166.33333333333334
3543,3544,93,15,2025-06-20,homepage,Click,93.5
3544,3545,78,6,2024-07-10,productpage,Click,151.0
3545,3546,69,11,2024-10-11,productpage,Click,196.0
3546,3547,97,17,2025-08-20,productpage,Click,109.33333333333333
3547,3548,3,6,2024-09-29,checkout,Purchase,295.0
3548,3549,22,6,2023-09-22,productpage,View,175.5
3549,3550,40,20,2023-06-11,homepage,Click,244.5
3550,3551,58,13,2024-03-31,homepage,View,153.25
3551,3552,22,19,2025-04-04,checkout,Drop-off,149.2
3552,3553,34,20,2025-01-15,checkout,Drop-off,153.5
3553,3554,94,1,2023-01-17,checkout,Drop-off,159.0
3554,3555,92,20,2025-11-26,homepage,Click,165.33333333333334
3555,3556,7,9,2025-09-06,checkout,Purchase,73.55555555555556
3556,3557,36,15,2025-01-13,checkout,Drop-off,183.33333333333334
3557,3558,74,16,2024-08-30,productpage,View,245.33333333333334
3558,3559,84,5,2025-02-01,productpage,View,177.0
3559,3560,77,13,2025-11-19,productpage,View,157.66666666666666
3560,3561,96,1,2025-02-05,homepage,View,138.5
3561,3562,43,14,2025-08-20,homepage,View,109.33333333333333
3562,3563,65,16,2024-10-01,productpage,View,211.4
3563,3564,78,19,2024-03-26,checkout,Drop-off,
3564,3565,67,14,2023-08-15,homepage,Click,129.0
3565,3566,50,3,2024-03-14,productpage,Click,186.0
3566,3567,20,9,2024-06-29,productpage,Click,221.33333333333334
3567,3568,84,7,2024-06-14,homepage,View,184.25
3568,3569,52,19,2024-10-02,productpage,View,221.66666666666666
3569,3570,26,12,2024-04-21,homepage,View,102.33333333333333
3570,3571,11,13,2024-11-02,homepage,View,164.75
3571,3572,6,12,2024-08-11,homepage,Click,232.5
3572,3573,94,9,2024-05-09,productpage,Click,173.0
3573,3574,9,1,2023-07-05,productpage,Click,149.0
3574,3575,68,20,2023-08-29,checkout,Purchase,208.0
3575,3576,97,3,2024-10-30,productpage,View,134.8
3576,3577,65,18,2023-04-19,checkout,Drop-off,108.2
3577,3578,86,18,2024-02-15,homepage,View,197.25
3578,3579,26,15,2025-10-24,checkout,Drop-off,
3579,3580,30,16,2023-06-18,checkout,Drop-off,83.25
3580,3581,87,11,2024-11-12,checkout,Drop-off,139.5
3581,3582,63,14,2024-10-31,checkout,Drop-off,171.5
3582,3583,59,2,2025-05-14,checkout,Drop-off,179.0
3583,3584,44,2,2023-12-27,productpage,View,175.8
3584,3585,47,8,2023-02-03,homepage,Click,128.2
3585,3586,17,9,2024-09-28,homepage,View,118.25
3586,3587,47,13,2023-08-26,productpage,View,190.6
3587,3588,10,6,2025-06-17,productpage,View,193.66666666666666
3588,3589,77,8,2025-02-23,productpage,View,221.5
3589,3590,65,17,2024-06-19,productpage,View,132.125
3590,3591,30,4,2025-10-13,homepage,Click,165.33333333333334
3591,3592,52,19,2025-12-11,checkout,Purchase,224.25
3592,3593,11,2,2025-07-09,homepage,View,169.25
3593,3594,79,4,2024-08-26,productpage,View,71.5
3594,3595,52,8,2024-07-03,checkout,Drop-off,265.5
3595,3596,8,1,2024-03-05,homepage,View,120.33333333333333
3596,3597,14,5,2025-11-10,homepage,View,108.66666666666667
3597,3598,56,19,2024-12-24,productpage,View,11.0
3598,3599,52,5,2024-08-12,homepage,Click,182.75
3599,3600,97,19,2023-11-10,checkout,Purchase,158.66666666666666
3600,3601,78,9,2023-11-14,checkout,Drop-off,199.66666666666666
3601,3602,81,10,2024-01-05,checkout,Drop-off,
3602,3603,35,20,2023-03-21,productpage,View,217.2
3603,3604,4,2,2025-06-25,homepage,View,185.4
3604,3605,64,6,2024-09-04,homepage,Click,99.25
3605,3606,89,11,2023-06-14,homepage,View,121.75
3606,3607,83,20,2023-11-20,homepage,View,103.85714285714286
3607,3608,50,3,2025-08-09,checkout,Drop-off,167.33333333333334
3608,3609,14,5,2023-03-05,checkout,Drop-off,170.0
3609,3610,37,2,2023-07-18,productpage,View,172.16666666666666
3610,3611,33,11,2023-06-20,productpage,View,75.5
3611,3612,89,15,2025-05-06,homepage,View,183.25
3612,3613,66,18,2025-12-06,homepage,Click,35.5
3613,3614,50,3,2025-11-07,homepage,View,72.33333333333333
3614,3615,69,2,2025-11-20,productpage,View,210.5
3615,3616,17,16,2023-12-12,homepage,View,182.2
3616,3617,10,10,2023-02-05,homepage,View,229.33333333333334
3617,3618,67,14,2023-01-03,productpage,View,170.75
3618,3619,95,16,2024-03-25,productpage,View,108.0
3619,3620,92,18,2025-08-17,homepage,View,215.66666666666666
3620,3621,92,6,2025-12-24,productpage,View,148.0
3621,3622,85,17,2023-10-22,productpage,View,172.8
3622,3623,29,6,2024-09-21,productpage,View,106.0
3623,3624,63,20,2024-12-15,productpage,View,122.66666666666667
3624,3625,66,11,2024-06-29,checkout,Drop-off,221.33333333333334
3625,3626,22,14,2024-05-21,productpage,View,120.0
3626,3627,32,5,2025-11-14,homepage,Click,26.0
3627,3628,37,19,2023-07-04,homepage,View,152.16666666666666
3628,3629,86,10,2024-03-01,checkout,Drop-off,205.0
3629,3630,80,20,2024-12-27,productpage,View,163.5
3630,3631,58,6,2025-02-12,productpage,View,65.66666666666667
3631,3632,50,12,2024-10-17,productpage,View,219.5
3632,3633,25,6,2023-09-25,checkout,Drop-off,226.25
3633,3634,31,6,2023-09-06,productpage,View,153.0
3634,3635,48,20,2024-06-22,homepage,Click,252.33333333333334
3635,3636,49,18,2025-05-10,homepage,View,210.5
3636,3637,41,18,2024-07-11,productpage,View,186.33333333333334
3637,3638,93,16,2024-10-12,homepage,View,121.875
3638,3639,65,7,2025-08-06,productpage,View,159.5
3639,3640,67,15,2024-06-03,productpage,View,155.0
3640,3641,96,1,2025-04-02,homepage,Click,102.0
3641,3642,100,4,2025-05-25,productpage,Click,155.0
3642,3643,32,1,2025-10-12,productpage,Click,169.42857142857142
3643,3644,46,12,2025-09-23,productpage,Click,187.0
3644,3645,57,18,2023-09-26,homepage,Click,138.25
3645,3646,66,18,2024-08-14,productpage,Click,226.33333333333334
3646,3647,73,13,2025-03-31,productpage,Click,114.0
3647,3648,70,15,2025-09-18,homepage,View,63.0
3648,3649,7,18,2025-11-29,productpage,View,276.0
3649,3650,42,9,2025-07-13,checkout,Drop-off,12.0
3650,3651,73,4,2024-08-03,homepage,View,177.25
3651,3652,86,17,2024-04-10,checkout,Drop-off,188.5
3652,3653,33,18,2024-12-15,checkout,Drop-off,122.66666666666667
3653,3654,41,8,2025-04-10,homepage,View,140.8
3654,3655,63,13,2025-08-07,checkout,Drop-off,173.25
3655,3656,78,3,2025-02-15,checkout,Drop-off,142.0
3656,3657,74,4,2023-12-08,checkout,Drop-off,246.0
3657,3658,49,5,2024-08-24,productpage,View,204.66666666666666
3658,3659,43,17,2025-02-23,homepage,Click,221.5
3659,3660,19,11,2025-08-03,productpage,Click,197.0
3660,3661,63,15,2025-02-27,productpage,Click,64.66666666666667
3661,3662,65,8,2023-04-12,checkout,Purchase,135.33333333333334
3662,3663,46,10,2024-12-05,homepage,Click,90.85714285714286
3663,3664,73,5,2025-01-02,productpage,Click,178.33333333333334
3664,3665,8,7,2024-06-18,productpage,Click,140.0
3665,3666,1,17,2024-03-07,homepage,Click,147.66666666666666
3666,3667,42,2,2024-04-16,homepage,View,200.0
3667,3668,75,19,2024-02-14,homepage,View,141.0
3668,3669,31,13,2023-07-20,homepage,View,187.6
3669,3670,78,19,2024-10-14,homepage,View,146.0
3670,3671,50,14,2024-02-14,homepage,View,141.0
3671,3672,62,15,2025-12-04,homepage,View,236.5
3672,3673,12,14,2023-10-21,checkout,Drop-off,56.0
3673,3674,57,16,2023-05-03,homepage,View,164.28571428571428
3674,3675,62,9,2025-03-16,productpage,View,197.0
3675,3676,39,2,2025-10-20,productpage,View,101.0
3676,3677,83,14,2025-03-23,homepage,Click,145.5
3677,3678,67,3,2023-05-01,productpage,Click,130.75
3678,3679,14,1,2023-12-17,productpage,Click,128.0
3679,3680,94,16,2025-10-22,homepage,View,169.14285714285714
3680,3681,85,2,2024-11-24,homepage,View,151.66666666666666
3681,3682,42,13,2023-06-07,homepage,Click,201.75
3682,3683,98,6,2024-09-01,homepage,Click,155.0
3683,3684,2,9,2024-08-31,homepage,Click,241.0
3684,3685,74,20,2025-12-26,checkout,Purchase,135.66666666666666
3685,3686,69,1,2025-11-01,productpage,View,144.25
3686,3687,43,16,2023-01-06,productpage,View,174.5
3687,3688,39,2,2024-02-02,productpage,View,151.25
3688,3689,36,16,2024-10-27,homepage,Click,207.66666666666666
3689,3690,44,5,2025-11-12,checkout,Purchase,184.4
3690,3691,58,3,2023-07-05,productpage,View,149.0
3691,3692,46,9,2025-02-11,productpage,View,231.25
3692,3693,28,3,2023-04-14,productpage,View,165.4
3693,3694,3,6,2024-03-18,homepage,View,124.33333333333333
3694,3695,54,14,2025-01-03,homepage,View,160.0
3695,3696,1,2,2024-02-10,productpage,View,219.0
3696,3697,37,2,2023-10-12,productpage,View,103.66666666666667
3697,3698,94,11,2023-03-29,homepage,View,176.33333333333334
3698,3699,81,14,2023-06-18,homepage,View,83.25
3699,3700,68,18,2023-09-16,homepage,Click,180.66666666666666
3700,3701,70,3,2023-02-22,productpage,Click,222.33333333333334
3701,3702,55,19,2025-11-18,homepage,Click,70.0
3702,3703,85,15,2023-09-19,productpage,Click,109.5
3703,3704,56,16,2025-05-17,productpage,Click,173.5
3704,3705,57,19,2023-09-04,homepage,Click,126.5
3705,3706,55,17,2024-12-17,homepage,Click,161.0
3706,3707,65,10,2023-03-14,productpage,Click,188.0
3707,3708,22,5,2024-02-16,homepage,Click,197.75
3708,3709,47,14,2023-12-24,productpage,Click,202.0
3709,3710,18,4,2024-05-28,productpage,Click,136.44444444444446
3710,3711,82,2,2025-09-12,homepage,View,188.25
3711,3712,5,20,2024-05-22,checkout,Drop-off,234.0
3712,3713,51,9,2024-03-10,productpage,View,138.0
3713,3714,39,4,2025-01-18,productpage,View,164.33333333333334
3714,3715,77,2,2024-11-06,productpage,View,158.25
3715,3716,86,6,2023-04-20,productpage,View,93.2
3716,3717,22,1,2023-03-05,productpage,View,170.0
3717,3718,26,7,2024-11-09,homepage,Click,158.0
3718,3719,35,6,2024-03-06,productpage,Click,183.0
3719,3720,57,15,2025-12-20,homepage,Click,199.8
3720,3721,32,5,2024-08-23,productpage,Click,144.625
3721,3722,74,15,2025-02-22,checkout,Purchase,132.28571428571428
3722,3723,40,19,2023-09-21,productpage,View,110.0
3723,3724,70,18,2024-05-19,homepage,View,75.0
3724,3725,59,11,2024-11-01,productpage,View,81.66666666666667
3725,3726,8,5,2024-05-05,homepage,View,168.4
3726,3727,81,10,2024-09-07,productpage,View,107.6
3727,3728,20,2,2025-06-07,checkout,Drop-off,185.33333333333334
3728,3729,66,11,2025-10-16,productpage,View,145.25
3729,3730,18,12,2024-09-24,homepage,Click,137.66666666666666
3730,3731,28,8,2025-03-16,homepage,Click,197.0
3731,3732,60,17,2024-04-21,checkout,Purchase,102.33333333333333
3732,3733,47,1,2023-04-03,homepage,View,209.5
3733,3734,99,15,2025-08-31,productpage,View,183.33333333333334
3734,3735,24,12,2024-11-03,homepage,Click,78.0
3735,3736,19,12,2023-04-02,homepage,View,115.0
3736,3737,86,8,2025-09-06,productpage,View,73.55555555555556
3737,3738,82,17,2024-08-22,homepage,View,113.0
3738,3739,42,15,2025-03-20,homepage,Click,120.0
3739,3740,68,19,2023-01-18,checkout,Purchase,264.5
3740,3741,48,2,2023-08-12,homepage,View,130.75
3741,3742,81,20,2024-06-26,productpage,View,199.6
3742,3743,60,19,2023-04-22,productpage,View,121.25
3743,3744,25,5,2023-02-10,productpage,View,213.33333333333334
3744,3745,17,3,2023-11-28,homepage,Click,121.66666666666667
3745,3746,57,13,2023-08-02,homepage,View,116.5
3746,3747,4,3,2023-03-14,productpage,View,188.0
3747,3748,9,20,2023-02-15,homepage,Click,96.0
3748,3749,69,16,2024-06-06,homepage,View,130.75
3749,3750,34,9,2024-10-30,homepage,View,134.8
3750,3751,27,17,2024-10-30,productpage,View,134.8
3751,3752,8,6,2024-10-30,productpage,View,134.8
3752,3753,72,4,2024-06-05,productpage,View,43.0
3753,3754,24,17,2025-08-16,productpage,View,160.2
3754,3755,94,8,2024-07-02,productpage,View,208.4
3755,3756,88,20,2025-09-21,productpage,View,146.33333333333334
3756,3757,83,8,2023-07-03,checkout,Drop-off,143.85714285714286
3757,3758,87,8,2023-03-28,productpage,View,189.5
3758,3759,15,1,2023-03-04,homepage,View,208.75
3759,3760,76,8,2025-01-11,productpage,View,194.0
3760,3761,36,5,2025-11-13,productpage,View,205.0
3761,3762,72,5,2025-10-16,checkout,Drop-off,145.25
3762,3763,24,8,2023-11-09,productpage,View,150.66666666666666
3763,3764,40,12,2024-07-05,productpage,View,188.0
3764,3765,23,13,2025-08-15,homepage,View,143.875
3765,3766,49,18,2023-01-25,homepage,Click,160.0
3766,3767,82,15,2023-03-30,productpage,Click,144.2
3767,3768,25,1,2024-10-15,homepage,View,217.33333333333334
3768,3769,15,10,2025-03-17,productpage,View,113.0
3769,3770,47,7,2023-11-21,productpage,View,100.25
3770,3771,67,14,2024-10-27,productpage,View,207.66666666666666
3771,3772,76,14,2024-03-24,homepage,Click,158.0
3772,3773,17,16,2024-08-23,homepage,Click,144.625
3773,3774,10,3,2024-02-23,productpage,Click,52.0
3774,3775,43,12,2024-08-10,homepage,Click,209.83333333333334
3775,3776,28,1,2023-10-22,productpage,Drop-off,172.8
3776,3777,58,3,2024-09-20,homepage,Click,117.8
3777,3778,17,10,2023-05-18,productpage,Click,133.0
3778,3779,70,3,2023-11-11,productpage,Click,117.8
3779,3780,68,2,2024-01-12,checkout,Purchase,109.0
3780,3781,54,8,2025-04-14,homepage,View,218.66666666666666
3781,3782,67,12,2025-02-24,homepage,Click,91.0
3782,3783,30,18,2025-02-05,homepage,Click,138.5
3783,3784,31,4,2023-02-05,homepage,View,229.33333333333334
3784,3785,43,4,2024-11-28,checkout,Drop-off,47.0
3785,3786,55,2,2023-02-24,homepage,Click,209.0
3786,3787,19,9,2023-01-31,productpage,Click,147.5
3787,3788,44,1,2023-02-24,checkout,Purchase,209.0
3788,3789,89,5,2025-03-11,homepage,View,163.33333333333334
3789,3790,68,14,2025-10-18,productpage,View,128.5
3790,3791,26,17,2025-06-02,productpage,View,179.8
3791,3792,68,9,2024-06-16,homepage,View,177.25
3792,3793,43,14,2024-03-13,checkout,Drop-off,81.5
3793,3794,86,17,2023-02-14,homepage,View,168.5
3794,3795,25,12,2024-05-08,productpage,View,123.0
3795,3796,85,2,2025-10-25,productpage,View,244.0
3796,3797,60,18,2025-12-07,homepage,View,212.0
3797,3798,47,11,2025-08-28,checkout,Drop-off,137.0
3798,3799,95,6,2023-12-06,homepage,View,138.2
3799,3800,62,17,2023-08-04,productpage,View,102.33333333333333
3800,3801,22,15,2023-02-13,productpage,View,205.5
3801,3802,53,2,2025-09-11,homepage,View,158.66666666666666
3802,3803,1,11,2025-08-10,productpage,View,103.14285714285714
3803,3804,88,12,2023-04-24,productpage,View,216.0
3804,3805,95,14,2024-12-01,checkout,Drop-off,184.5
3805,3806,15,19,2025-01-08,homepage,View,192.0
3806,3807,53,4,2023-01-08,homepage,View,36.333333333333336
3807,3808,63,14,2024-02-03,homepage,Click,177.66666666666666
3808,3809,72,19,2023-11-21,productpage,Drop-off,100.25
3809,3810,9,8,2024-12-06,checkout,Drop-off,189.5
3810,3811,63,7,2024-05-31,checkout,Drop-off,12.0
3811,3812,63,4,2023-05-27,homepage,View,94.5
3812,3813,84,1,2025-02-10,homepage,View,148.25
3813,3814,27,19,2025-06-13,productpage,View,167.0
3814,3815,42,19,2024-10-29,checkout,Drop-off,217.0
3815,3816,98,5,2024-12-13,productpage,View,245.0
3816,3817,36,7,2024-03-27,checkout,Drop-off,89.66666666666667
3817,3818,87,17,2025-12-03,checkout,Drop-off,227.0
3818,3819,87,8,2025-03-03,homepage,Click,117.0
3819,3820,98,10,2024-07-27,homepage,Click,204.0
3820,3821,25,16,2023-04-26,productpage,Click,175.75
3821,3822,39,20,2024-07-20,checkout,Purchase,74.0
3822,3823,41,16,2024-03-01,checkout,Drop-off,205.0
3823,3824,87,9,2023-06-29,productpage,View,169.16666666666666
3824,3825,94,7,2024-05-10,productpage,View,96.0
3825,3826,92,18,2024-06-30,homepage,Click,167.0
3826,3827,10,3,2024-11-24,homepage,View,151.66666666666666
3827,3828,91,15,2025-07-16,homepage,View,215.125
3828,3829,8,5,2024-11-02,checkout,Drop-off,164.75
3829,3830,29,6,2023-10-26,productpage,View,123.6
3830,3831,63,11,2023-11-02,homepage,Click,142.625
3831,3832,87,9,2025-11-11,checkout,Purchase,184.4
3832,3833,29,14,2023-03-07,checkout,Drop-off,206.33333333333334
3833,3834,57,11,2025-04-30,homepage,View,143.83333333333334
3834,3835,96,16,2024-02-04,homepage,Click,157.33333333333334
3835,3836,83,17,2024-02-18,homepage,View,144.83333333333334
3836,3837,94,5,2023-03-28,homepage,View,189.5
3837,3838,89,2,2023-01-28,productpage,View,161.0
3838,3839,16,2,2024-10-12,homepage,View,121.875
3839,3840,88,14,2023-11-13,homepage,Click,149.0
3840,3841,36,8,2023-06-13,productpage,Click,165.33333333333334
3841,3842,19,7,2023-06-29,productpage,Click,169.16666666666666
3842,3843,21,9,2025-03-20,productpage,Click,120.0
3843,3844,97,20,2025-03-18,productpage,Click,187.4
3844,3845,77,16,2025-06-12,productpage,Click,83.0
3845,3846,66,6,2024-04-28,homepage,View,158.0
3846,3847,24,17,2025-02-02,checkout,Drop-off,218.66666666666666
3847,3848,53,4,2023-09-18,homepage,View,242.66666666666666
3848,3849,20,2,2025-05-17,homepage,Click,173.5
3849,3850,91,10,2024-10-15,productpage,Click,217.33333333333334
3850,3851,19,19,2025-09-06,checkout,Purchase,73.55555555555556
3851,3852,99,5,2025-09-07,productpage,View,201.0
3852,3853,100,13,2025-07-18,homepage,View,181.0
3853,3854,68,7,2025-08-16,productpage,View,160.2
3854,3855,100,8,2023-08-13,homepage,Click,85.0
3855,3856,52,7,2024-07-27,productpage,Click,204.0
3856,3857,28,2,2023-04-19,productpage,Drop-off,108.2
3857,3858,7,14,2023-05-12,homepage,View,173.66666666666666
3858,3859,83,20,2025-06-08,checkout,Drop-off,164.0
3859,3860,42,9,2025-09-21,checkout,Drop-off,146.33333333333334
3860,3861,95,20,2023-04-17,homepage,View,163.0
3861,3862,43,9,2023-04-04,homepage,View,127.6
3862,3863,91,8,2024-10-26,homepage,Click,184.5
3863,3864,65,5,2024-01-06,checkout,Purchase,106.5
3864,3865,30,14,2024-09-22,homepage,Click,173.66666666666666
3865,3866,93,8,2025-11-16,productpage,Click,214.25
3866,3867,44,16,2024-02-22,homepage,Click,63.666666666666664
3867,3868,83,3,2023-09-07,homepage,View,190.5
3868,3869,21,20,2024-01-07,productpage,View,201.0
3869,3870,58,17,2023-12-12,homepage,Click,182.2
3870,3871,35,19,2024-10-24,homepage,Click,97.33333333333333
3871,3872,100,3,2025-10-06,homepage,View,191.85714285714286
3872,3873,26,13,2023-12-17,homepage,View,128.0
3873,3874,52,7,2023-11-27,homepage,View,173.83333333333334
3874,3875,73,3,2023-02-11,homepage,Click,104.6
3875,3876,95,17,2025-10-30,checkout,Purchase,161.5
3876,3877,49,13,2024-09-07,homepage,View,107.6
3877,3878,20,1,2025-03-30,productpage,View,204.0
3878,3879,54,18,2025-07-13,checkout,Drop-off,12.0
3879,3880,22,6,2023-10-17,homepage,View,183.25
3880,3881,58,18,2024-08-27,checkout,Drop-off,219.66666666666666
3881,3882,13,20,2023-05-27,checkout,Drop-off,94.5
3882,3883,47,20,2025-04-05,homepage,View,83.0
3883,3884,71,16,2024-04-23,homepage,View,168.71428571428572
3884,3885,96,3,2023-01-02,checkout,Drop-off,151.0
3885,3886,90,9,2024-05-15,homepage,View,150.5
3886,3887,24,14,2024-10-14,checkout,Drop-off,146.0
3887,3888,76,14,2023-11-27,checkout,Drop-off,173.83333333333334
3888,3889,55,13,2023-10-16,productpage,View,245.0
3889,3890,70,11,2024-05-05,productpage,View,168.4
3890,3891,46,14,2024-04-18,productpage,View,114.0
3891,3892,61,14,2023-02-04,homepage,View,232.2
3892,3893,70,17,2025-09-16,productpage,View,235.5
3893,3894,47,8,2023-02-18,homepage,Click,187.57142857142858
3894,3895,26,1,2024-11-14,homepage,View,282.3333333333333
3895,3896,3,20,2025-07-11,productpage,View,139.0
3896,3897,39,18,2023-11-06,checkout,Drop-off,159.25
3897,3898,22,17,2025-09-21,homepage,View,146.33333333333334
3898,3899,28,6,2024-08-29,productpage,View,180.5
3899,3900,40,7,2024-04-29,productpage,View,202.2
3900,3901,3,4,2023-05-01,homepage,View,130.75
3901,3902,48,4,2024-11-21,homepage,Click,190.33333333333334
3902,3903,67,10,2023-09-17,homepage,Click,219.0
3903,3904,74,13,2023-03-18,productpage,Click,90.0
3904,3905,84,19,2025-07-29,productpage,Click,162.0
3905,3906,60,13,2024-10-31,productpage,Click,171.5
3906,3907,21,16,2024-10-24,productpage,Click,97.33333333333333
3907,3908,49,17,2024-01-28,homepage,View,131.5
3908,3909,36,4,2023-07-18,productpage,View,172.16666666666666
3909,3910,16,2,2025-07-26,checkout,Drop-off,180.5
3910,3911,85,6,2024-07-16,homepage,View,171.0
3911,3912,99,9,2025-06-13,homepage,Click,167.0
3912,3913,45,9,2023-11-15,checkout,Purchase,66.0
3913,3914,11,6,2023-02-18,productpage,View,187.57142857142858
3914,3915,28,19,2025-04-26,homepage,View,71.66666666666667
3915,3916,85,6,2023-10-14,productpage,View,58.0
3916,3917,5,1,2025-10-04,homepage,View,215.0
3917,3918,50,16,2023-02-08,homepage,Click,234.5
3918,3919,94,5,2025-04-19,homepage,Click,107.0
3919,3920,19,5,2025-09-06,productpage,Click,73.55555555555556
3920,3921,64,10,2023-09-20,productpage,Click,251.0
3921,3922,68,5,2023-11-13,productpage,Click,149.0
3922,3923,92,19,2025-08-24,homepage,View,106.5
3923,3924,84,16,2023-05-08,checkout,Drop-off,130.0
3924,3925,89,4,2023-05-01,checkout,Drop-off,130.75
3925,3926,72,2,2024-04-06,productpage,View,211.75
3926,3927,71,19,2023-10-10,homepage,View,147.75
3927,3928,39,5,2025-04-06,productpage,View,163.25
3928,3929,64,6,2025-08-06,productpage,View,159.5
3929,3930,2,9,2024-09-22,homepage,Click,173.66666666666666
3930,3931,67,20,2023-06-26,homepage,View,197.5
3931,3932,86,14,2023-11-02,productpage,View,142.625
