,ReviewID,CustomerID,ReviewDate,Rating,ReviewText,CustomerName,Gender,Age,Age_Category,Region,City,ProductName,Category,Price
0,1,77,2023-12-23,3,"Average  experience,  nothing  special.",David Lopez,Male,53,51-60,Spain,Madrid,Volleyball,Sports,42.8
1,2,80,2024-12-25,5,The  quality  is    top-notch.,Laura Jones,Female,25,18-30,Netherlands,Amsterdam,Hockey Stick,Sports,173.83
2,3,50,2025-01-26,4,Five  stars  for  the  quick  delivery.,Olivia Miller,Male,36,31-40,France,Paris,Swim Goggles,Sports,145.97
3,4,78,2025-04-21,3,"Good  quality,  but  could  be  cheaper.",Olivia Smith,Female,24,18-30,Sweden,Stockholm,Climbing Rope,Sports,410.17
4,5,64,2023-07-16,3,"Average  experience,  nothing  special.",Sarah Martinez,Female,62,61-70,Belgium,Brussels,Fitness Tracker,Sports,196.68
5,6,81,2025-12-21,4,Customer  support  was  very  helpful.,Emily Wilson,Male,38,31-40,Switzerland,Zurich,Running Shoes,Sports,223.75
6,7,16,2024-01-29,3,"Average  experience,  nothing  special.",Michael Martinez,Male,40,31-40,Italy,Rome,Running Shoes,Sports,223.75
7,8,55,2024-08-15,5,The  quality    is  top-notch.,Emily Lopez,Female,60,51-60,UK,London,Football Helmet,Sports,44.75
8,9,3,2023-09-01,4,"I  love  this  product,  will  buy  again!",Robert Hernandez,Female,26,18-30,Netherlands,Amsterdam,Swim Goggles,Sports,145.97
9,10,78,2024-06-17,5,"Excellent  product,  highly  recommend!",Olivia Smith,Female,24,18-30,Sweden,Stockholm,Tennis Racket,Sports,36.07
10,11,54,2023-07-17,4,"Great  purchase,  very  satisfied.",Michael Gonzalez,Female,24,18-30,Italy,Rome,Baseball Glove,Sports,327.36
11,12,77,2025-01-13,2,Product  did    not  meet  my  expectations.,David Lopez,Male,53,51-60,Spain,Madrid,Fitness Tracker,Sports,196.68
12,13,93,2024-08-20,5,"Great  purchase,  very  satisfied.",Jane Rodriguez,Female,41,41-50,Spain,Madrid,Tennis Racket,Sports,36.07
13,14,23,2025-06-16,4,"Good  quality,  but  could  be  cheaper.",Isabella Garcia,Female,37,31-40,Italy,Rome,Fitness Tracker,Sports,196.68
14,15,29,2023-01-27,5,"Great  purchase,  very  satisfied.",Sophia Anderson,Female,26,18-30,Italy,Rome,Ski Boots,Sports,340.2
15,16,95,2023-01-06,5,"Excellent  product,  highly  recommend!",James Jones,Male,43,41-50,Germany,Berlin,Surfboard,Sports,275.43
16,17,88,2025-10-29,3,Not  worth  the  money.,James Brown,Male,42,41-50,France,Paris,Dumbbells,Sports,26.21
17,18,17,2024-11-23,4,Shipping  was  fast  and  the  item  was  well-packaged.,Daniel Thomas,Female,46,41-50,Germany,Berlin,Kayak,Sports,259.4
18,19,34,2024-01-04,4,The  quality  is  top-notch.,Daniel Miller,Male,57,51-60,France,Paris,Swim Goggles,Sports,145.97
19,20,34,2023-04-29,1,I  had  a  bad  experience  with  this  product.,Daniel Miller,Male,57,51-60,France,Paris,Tennis Racket,Sports,36.07
20,21,22,2023-04-08,5,Amazing  value  for  the  price.,Alex Wilson,Male,53,51-60,Germany,Berlin,Climbing Rope,Sports,410.17
21,22,52,2025-10-30,4,The  quality  is  top-notch.,Robert Williams,Female,41,41-50,Switzerland,Zurich,Yoga Mat,Sports,485.32
22,23,69,2023-07-02,5,Five  stars  for  the  quick  delivery.,Emma Gonzalez,Male,26,18-30,Spain,Madrid,Volleyball,Sports,42.8
23,24,100,2025-07-18,3,"I  love  this    product,  will  buy  again!",Jane Brown,Female,45,41-50,Austria,Vienna,Dumbbells,Sports,26.21
24,25,55,2024-12-19,4,Shipping  was  fast  and  the  item  was  well-packaged.,Emily Lopez,Female,60,51-60,UK,London,Boxing Gloves,Sports,262.32
25,26,76,2024-08-21,4,Five  stars  for  the  quick  delivery.,Michael Lopez,Female,26,18-30,Austria,Vienna,Ski Boots,Sports,340.2
26,27,56,2025-11-24,4,The  quality  is  top-notch.,Sophia Davis,Female,66,61-70,Switzerland,Zurich,Tennis Racket,Sports,36.07
27,28,76,2025-05-27,5,Five  stars  for  the  quick  delivery.,Michael Lopez,Female,26,18-30,Austria,Vienna,Football Helmet,Sports,44.75
28,29,38,2023-05-31,4,"I  love  this  product,  will  buy  again!",John Garcia,Male,28,18-30,Spain,Madrid,Swim Goggles,Sports,145.97
29,30,84,2024-03-18,4,Five  stars  for  the  quick  delivery.,Michael Williams,Female,34,31-40,Spain,Madrid,Tennis Racket,Sports,36.07
30,31,93,2025-08-25,3,"Good  quality,  but  could  be    cheaper.",Jane Rodriguez,Female,41,41-50,Spain,Madrid,Dumbbells,Sports,26.21
31,32,91,2023-07-15,4,The  quality  is  top-notch.,John Brown,Female,62,61-70,Spain,Madrid,Running Shoes,Sports,223.75
32,33,30,2023-02-21,4,Shipping  was  fast  and  the  item  was  well-packaged.,Alex Garcia,Female,33,31-40,Belgium,Brussels,Fitness Tracker,Sports,196.68
33,34,81,2024-03-30,5,"Excellent  product,  highly  recommend!",Emily Wilson,Male,38,31-40,Switzerland,Zurich,Climbing Rope,Sports,410.17
34,35,27,2024-03-13,3,"Average  experience,  nothing  special.",John Rodriguez,Male,23,18-30,UK,London,Ice Skates,Sports,37.56
35,36,96,2025-12-05,3,"Good  quality,  but  could  be  cheaper.",Emily Gonzalez,Female,38,31-40,Austria,Vienna,Baseball Glove,Sports,327.36
36,37,38,2023-09-11,3,"Average  experience,  nothing    special.",John Garcia,Male,28,18-30,Spain,Madrid,Yoga Mat,Sports,485.32
37,38,45,2024-05-07,5,"Great  purchase,  very  satisfied.",Sarah Hernandez,Female,36,31-40,Italy,Rome,Surfboard,Sports,275.43
38,39,54,2023-10-02,5,Customer  support  was  very  helpful.,Michael Gonzalez,Female,24,18-30,Italy,Rome,Running Shoes,Sports,223.75
39,40,33,2025-01-03,5,Five  stars    for  the  quick  delivery.,David Thomas,Male,22,18-30,Spain,Madrid,Fitness Tracker,Sports,196.68
40,41,93,2025-05-15,3,"Average  experience,  nothing  special.",Jane Rodriguez,Female,41,41-50,Spain,Madrid,Surfboard,Sports,275.43
41,42,72,2023-03-21,5,Five  stars  for  the  quick  delivery.,Sophia Miller,Female,34,31-40,Sweden,Stockholm,Climbing Rope,Sports,410.17
42,43,84,2025-02-02,4,Exceeded  my    expectations!,Michael Williams,Female,34,31-40,Spain,Madrid,Climbing Rope,Sports,410.17
43,44,44,2023-04-20,5,"Excellent  product,    highly  recommend!",Olivia Brown,Female,59,51-60,Switzerland,Zurich,Surfboard,Sports,275.43
44,45,11,2023-03-23,3,Not  worth  the  money.,Emma Garcia,Male,54,51-60,Austria,Vienna,Kayak,Sports,259.4
45,46,27,2025-05-07,4,Five  stars  for  the  quick  delivery.,John Rodriguez,Male,23,18-30,UK,London,Soccer Ball,Sports,41.26
46,47,19,2024-06-01,4,Five  stars  for  the  quick  delivery.,Emma Wilson,Female,36,31-40,Netherlands,Amsterdam,Swim Goggles,Sports,145.97
47,48,70,2023-10-08,4,Shipping  was  fast  and  the  item    was  well-packaged.,James Garcia,Female,31,31-40,Belgium,Brussels,Surfboard,Sports,275.43
48,49,3,2025-06-09,3,"Good  quality,  but  could    be  cheaper.",Robert Hernandez,Female,26,18-30,Netherlands,Amsterdam,Basketball,Sports,225.12
49,50,62,2023-01-07,1,The  product  stopped  working  after  a  month.,Michael Hernandez,Male,60,51-60,Sweden,Stockholm,Dumbbells,Sports,26.21
50,51,49,2023-04-14,4,Five  stars  for  the  quick  delivery.,Michael Smith,Female,61,61-70,Spain,Madrid,Surfboard,Sports,275.43
51,52,75,2024-04-07,4,"I  love  this  product,  will  buy  again!",David Smith,Female,43,41-50,Netherlands,Amsterdam,Ski Boots,Sports,340.2
52,53,73,2025-12-28,4,Five  stars  for    the  quick  delivery.,Sarah Gonzalez,Male,40,31-40,Spain,Madrid,Volleyball,Sports,42.8
53,54,33,2023-05-03,5,"Excellent  product,  highly  recommend!",David Thomas,Male,22,18-30,Spain,Madrid,Football Helmet,Sports,44.75
54,55,57,2025-11-03,3,Customer  support  was    very  helpful.,James Rodriguez,Male,48,41-50,Spain,Madrid,Baseball Glove,Sports,327.36
55,56,15,2025-12-11,3,Shipping  was  fast  and  the  item  was  well-packaged.,Emma Martinez,Male,32,31-40,Switzerland,Zurich,Golf Clubs,Sports,81.59
56,57,41,2024-04-06,2,Disappointed  with  the  performance.,Laura Wilson,Male,45,41-50,Germany,Berlin,Golf Clubs,Sports,81.59
57,58,78,2024-07-16,2,"The  product    is  okay,  but  the  instructions  were  unclear.",Olivia Smith,Female,24,18-30,Sweden,Stockholm,Basketball,Sports,225.12
58,59,98,2024-09-01,4,The  build  quality  is  impressive.,Chris Lopez,Female,55,51-60,Austria,Vienna,Baseball Glove,Sports,327.36
59,60,11,2023-12-27,4,"Great  purchase,  very  satisfied.",Emma Garcia,Male,54,51-60,Austria,Vienna,Kayak,Sports,259.4
60,61,50,2023-02-24,4,"Great  purchase,    very  satisfied.",Olivia Miller,Male,36,31-40,France,Paris,Hockey Stick,Sports,173.83
61,62,35,2023-03-18,2,"Average  experience,  nothing  special.",Robert Rodriguez,Female,46,41-50,Germany,Berlin,Surfboard,Sports,275.43
62,63,93,2025-01-05,4,Five  stars  for  the  quick  delivery.,Jane Rodriguez,Female,41,41-50,Spain,Madrid,Fitness Tracker,Sports,196.68
63,64,86,2025-10-30,4,Customer  support  was  very  helpful.,James Hernandez,Male,63,61-70,Austria,Vienna,Ski Boots,Sports,340.2
64,65,34,2024-06-15,1,Not  worth  the  money.,Daniel Miller,Male,57,51-60,France,Paris,Yoga Mat,Sports,485.32
65,66,94,2023-06-17,4,"I  love  this  product,  will  buy    again!",Jane Anderson,Male,48,41-50,Belgium,Brussels,Kayak,Sports,259.4
66,67,67,2025-04-12,3,"Average  experience,  nothing  special.",Alex Johnson,Female,56,51-60,Spain,Madrid,Swim Goggles,Sports,145.97
67,68,38,2023-03-23,3,"The  product  is  okay,  but  the  instructions  were  unclear.",John Garcia,Male,28,18-30,Spain,Madrid,Basketball,Sports,225.12
68,69,77,2025-08-03,3,Five  stars  for  the  quick  delivery.,David Lopez,Male,53,51-60,Spain,Madrid,Ice Skates,Sports,37.56
69,70,93,2024-01-30,4,Shipping  was  fast    and  the  item  was  well-packaged.,Jane Rodriguez,Female,41,41-50,Spain,Madrid,Soccer Ball,Sports,41.26
70,71,24,2025-07-28,3,"Good  quality,  but  could  be  cheaper.",Chris Hernandez,Male,25,18-30,Italy,Rome,Ski Boots,Sports,340.2
71,72,29,2023-05-29,5,The    build  quality  is  impressive.,Sophia Anderson,Female,26,18-30,Italy,Rome,Dumbbells,Sports,26.21
72,73,68,2025-05-05,5,"I  love  this  product,  will  buy  again!",David Gonzalez,Female,57,51-60,Netherlands,Amsterdam,Hockey Stick,Sports,173.83
73,74,59,2023-05-16,3,"The  product  is  okay,  but  the  instructions  were  unclear.",James Smith,Female,44,41-50,Netherlands,Amsterdam,Baseball Glove,Sports,327.36
74,75,22,2024-01-13,5,Shipping  was  fast  and  the  item  was  well-packaged.,Alex Wilson,Male,53,51-60,Germany,Berlin,Yoga Mat,Sports,485.32
75,76,9,2025-08-31,4,"Great  purchase,  very  satisfied.",Emily Thomas,Male,29,18-30,Austria,Vienna,Golf Clubs,Sports,81.59
76,77,74,2023-03-15,4,"Great  purchase,    very  satisfied.",Jane Smith,Male,33,31-40,UK,London,Soccer Ball,Sports,41.26
77,78,6,2024-12-09,5,Five  stars  for  the  quick  delivery.,Daniel Rodriguez,Male,31,31-40,Belgium,Brussels,Golf Clubs,Sports,81.59
78,79,84,2024-05-28,2,The  product  arrived    late.,Michael Williams,Female,34,31-40,Spain,Madrid,Climbing Rope,Sports,410.17
79,80,98,2025-05-24,3,Not  worth  the  money.,Chris Lopez,Female,55,51-60,Austria,Vienna,Kayak,Sports,259.4
80,81,3,2024-09-04,4,Five  stars  for  the  quick  delivery.,Robert Hernandez,Female,26,18-30,Netherlands,Amsterdam,Hockey Stick,Sports,173.83
81,82,78,2023-05-02,4,Shipping    was  fast  and  the  item  was  well-packaged.,Olivia Smith,Female,24,18-30,Sweden,Stockholm,Swim Goggles,Sports,145.97
82,83,32,2025-05-26,4,The  quality  is    top-notch.,Laura Anderson,Female,29,18-30,Spain,Madrid,Ski Boots,Sports,340.2
83,84,40,2023-07-17,4,"Good  quality,  but  could  be  cheaper.",Olivia Thomas,Female,67,61-70,Germany,Berlin,Boxing Gloves,Sports,262.32
84,85,17,2025-10-25,5,Five  stars  for  the  quick  delivery.,Daniel Thomas,Female,46,41-50,Germany,Berlin,Tennis Racket,Sports,36.07
85,86,78,2025-10-06,5,"Excellent  product,  highly  recommend!",Olivia Smith,Female,24,18-30,Sweden,Stockholm,Yoga Mat,Sports,485.32
86,87,89,2023-05-26,3,Not    worth  the  money.,Alex Rodriguez,Male,22,18-30,Sweden,Stockholm,Surfboard,Sports,275.43
87,88,93,2025-08-26,4,Exceeded  my  expectations!,Jane Rodriguez,Female,41,41-50,Spain,Madrid,Hockey Stick,Sports,173.83
88,89,60,2024-07-08,3,The  quality  is  top-notch.,John Thomas,Male,53,51-60,Netherlands,Amsterdam,Yoga Mat,Sports,485.32
89,90,47,2025-11-12,4,Five  stars  for  the  quick  delivery.,Sophia Thomas,Male,69,61-70,Netherlands,Amsterdam,Surfboard,Sports,275.43
90,91,4,2025-09-27,3,"Great  purchase,  very  satisfied.",David Garcia,Male,25,18-30,Sweden,Stockholm,Kayak,Sports,259.4
91,92,2,2023-11-21,3,Not  worth  the  money.,Sarah Brown,Female,37,31-40,Spain,Madrid,Kayak,Sports,259.4
92,93,60,2024-09-05,3,Not  worth  the  money.,John Thomas,Male,53,51-60,Netherlands,Amsterdam,Swim Goggles,Sports,145.97
93,94,2,2025-03-14,4,The  quality  is  top-notch.,Sarah Brown,Female,37,31-40,Spain,Madrid,Kayak,Sports,259.4
94,95,16,2024-04-07,4,Shipping  was  fast  and  the  item  was  well-packaged.,Michael Martinez,Male,40,31-40,Italy,Rome,Kayak,Sports,259.4
95,96,19,2023-09-02,3,"Good  quality,  but  could  be  cheaper.",Emma Wilson,Female,36,31-40,Netherlands,Amsterdam,Swim Goggles,Sports,145.97
96,97,64,2024-01-19,3,"The  product  is  okay,  but  the  instructions  were  unclear.",Sarah Martinez,Female,62,61-70,Belgium,Brussels,Tennis Racket,Sports,36.07
97,98,96,2025-11-20,5,Exceeded  my  expectations!,Emily Gonzalez,Female,38,31-40,Austria,Vienna,Yoga Mat,Sports,485.32
98,99,79,2025-01-29,2,"Average  experience,  nothing  special.",John Jones,Female,35,31-40,Netherlands,Amsterdam,Kayak,Sports,259.4
99,100,9,2025-06-20,3,Not  worth  the  money.,Emily Thomas,Male,29,18-30,Austria,Vienna,Fitness Tracker,Sports,196.68
100,101,61,2024-09-11,5,The  build  quality  is  impressive.,Emma Rodriguez,Female,67,61-70,Germany,Berlin,Volleyball,Sports,42.8
101,102,4,2025-08-22,5,"Excellent  product,  highly  recommend!",David Garcia,Male,25,18-30,Sweden,Stockholm,Fitness Tracker,Sports,196.68
102,103,82,2024-11-17,5,The  quality  is  top-notch.,Laura Gonzalez,Male,43,41-50,UK,London,Cycling Helmet,Sports,472.32
103,104,96,2023-01-06,4,"I  love    this  product,  will  buy  again!",Emily Gonzalez,Female,38,31-40,Austria,Vienna,Soccer Ball,Sports,41.26
104,105,32,2024-08-27,2,The  product    arrived  late.,Laura Anderson,Female,29,18-30,Spain,Madrid,Ice Skates,Sports,37.56
105,106,94,2024-02-25,2,"Average  experience,  nothing  special.",Jane Anderson,Male,48,41-50,Belgium,Brussels,Surfboard,Sports,275.43
106,107,26,2025-02-17,5,Five  stars  for    the  quick  delivery.,Isabella Thomas,Male,31,31-40,UK,London,Golf Clubs,Sports,81.59
107,108,80,2023-12-22,5,Five  stars  for  the    quick  delivery.,Laura Jones,Female,25,18-30,Netherlands,Amsterdam,Surfboard,Sports,275.43
108,109,38,2023-07-25,4,Customer  support  was  very  helpful.,John Garcia,Male,28,18-30,Spain,Madrid,Golf Clubs,Sports,81.59
109,110,54,2024-08-02,4,Customer    support  was  very  helpful.,Michael Gonzalez,Female,24,18-30,Italy,Rome,Ice Skates,Sports,37.56
110,111,43,2023-11-05,4,Five  stars  for  the  quick  delivery.,Olivia Hernandez,Male,53,51-60,Sweden,Stockholm,Basketball,Sports,225.12
111,112,87,2023-05-26,5,"Excellent  product,  highly  recommend!",Emma Hernandez,Male,41,41-50,Spain,Madrid,Yoga Mat,Sports,485.32
112,113,27,2024-03-31,2,Disappointed  with  the  performance.,John Rodriguez,Male,23,18-30,UK,London,Baseball Glove,Sports,327.36
113,114,52,2025-05-04,2,"Average  experience,  nothing  special.",Robert Williams,Female,41,41-50,Switzerland,Zurich,Hockey Stick,Sports,173.83
114,115,82,2023-09-28,4,Five  stars  for  the  quick  delivery.,Laura Gonzalez,Male,43,41-50,UK,London,Baseball Glove,Sports,327.36
115,116,70,2023-07-23,4,The  quality  is  top-notch.,James Garcia,Female,31,31-40,Belgium,Brussels,Volleyball,Sports,42.8
116,117,20,2025-04-19,4,Customer  support  was  very  helpful.,David Johnson,Male,22,18-30,UK,London,Cycling Helmet,Sports,472.32
117,118,59,2024-05-01,1,The  product  arrived  late.,James Smith,Female,44,41-50,Netherlands,Amsterdam,Tennis Racket,Sports,36.07
118,119,34,2025-09-06,4,"Great  purchase,  very    satisfied.",Daniel Miller,Male,57,51-60,France,Paris,Soccer Ball,Sports,41.26
119,120,3,2024-08-18,4,The  quality  is  top-notch.,Robert Hernandez,Female,26,18-30,Netherlands,Amsterdam,Boxing Gloves,Sports,262.32
120,121,91,2025-11-02,2,"Good  quality,  but  could  be  cheaper.",John Brown,Female,62,61-70,Spain,Madrid,Running Shoes,Sports,223.75
121,122,83,2024-09-27,2,Not  worth  the  money.,Emily Jones,Male,20,18-30,Switzerland,Zurich,Cycling Helmet,Sports,472.32
122,123,93,2025-09-22,4,"Good  quality,  but  could  be  cheaper.",Jane Rodriguez,Female,41,41-50,Spain,Madrid,Running Shoes,Sports,223.75
123,124,36,2023-07-17,5,Customer  support  was  very  helpful.,Emma Johnson,Female,63,61-70,France,Paris,Kayak,Sports,259.4
124,125,55,2025-12-20,5,"I  love  this  product,  will  buy  again!",Emily Lopez,Female,60,51-60,UK,London,Ski Boots,Sports,340.2
125,126,32,2024-08-12,5,Exceeded  my  expectations!,Laura Anderson,Female,29,18-30,Spain,Madrid,Golf Clubs,Sports,81.59
126,127,47,2025-03-25,4,"Great  purchase,  very  satisfied.",Sophia Thomas,Male,69,61-70,Netherlands,Amsterdam,Football Helmet,Sports,44.75
127,128,71,2023-12-13,2,"Average  experience,  nothing  special.",Isabella Miller,Female,25,18-30,Italy,Rome,Boxing Gloves,Sports,262.32
128,129,46,2025-02-14,4,"Good  quality,  but  could  be  cheaper.",Chris Johnson,Male,52,51-60,Spain,Madrid,Swim Goggles,Sports,145.97
129,130,88,2025-09-22,5,"Great    purchase,  very  satisfied.",James Brown,Male,42,41-50,France,Paris,Yoga Mat,Sports,485.32
130,131,42,2023-06-16,5,Amazing  value  for  the  price.,John Gonzalez,Female,69,61-70,UK,London,Soccer Ball,Sports,41.26
131,132,21,2025-11-13,2,Product  did  not  meet  my  expectations.,Olivia Gonzalez,Female,40,31-40,Spain,Madrid,Basketball,Sports,225.12
132,133,40,2025-05-24,4,The  quality  is  top-notch.,Olivia Thomas,Female,67,61-70,Germany,Berlin,Dumbbells,Sports,26.21
133,134,74,2024-03-27,3,"Good  quality,  but  could    be  cheaper.",Jane Smith,Male,33,31-40,UK,London,Dumbbells,Sports,26.21
134,135,48,2023-06-08,4,"I  love  this  product,  will  buy  again!",Alex Gonzalez,Female,48,41-50,Belgium,Brussels,Cycling Helmet,Sports,472.32
135,136,17,2025-03-27,5,Amazing  value  for    the  price.,Daniel Thomas,Female,46,41-50,Germany,Berlin,Yoga Mat,Sports,485.32
136,137,88,2023-03-02,4,"Good  quality,  but  could    be  cheaper.",James Brown,Male,42,41-50,France,Paris,Tennis Racket,Sports,36.07
137,138,28,2023-01-18,5,Five  stars  for  the  quick  delivery.,Emily Davis,Female,18,,Switzerland,Zurich,Climbing Rope,Sports,410.17
138,139,36,2023-04-20,4,Customer  support  was  very  helpful.,Emma Johnson,Female,63,61-70,France,Paris,Kayak,Sports,259.4
139,140,53,2023-12-03,3,"Good  quality,  but  could  be  cheaper.",Emma Thomas,Female,19,18-30,Germany,Berlin,Volleyball,Sports,42.8
140,141,98,2024-10-15,5,Amazing  value  for  the    price.,Chris Lopez,Female,55,51-60,Austria,Vienna,Baseball Glove,Sports,327.36
141,142,15,2023-08-04,5,"Excellent  product,  highly  recommend!",Emma Martinez,Male,32,31-40,Switzerland,Zurich,Basketball,Sports,225.12
142,143,3,2023-04-12,3,"Average  experience,  nothing  special.",Robert Hernandez,Female,26,18-30,Netherlands,Amsterdam,Ice Skates,Sports,37.56
143,144,27,2025-08-16,4,The  build  quality  is  impressive.,John Rodriguez,Male,23,18-30,UK,London,Climbing Rope,Sports,410.17
144,145,27,2024-03-05,3,"The    product  is  okay,  but  the  instructions  were  unclear.",John Rodriguez,Male,23,18-30,UK,London,Golf Clubs,Sports,81.59
145,146,5,2025-01-09,4,"I  love  this  product,  will  buy  again!",Emma Miller,Female,41,41-50,Spain,Madrid,Swim Goggles,Sports,145.97
146,147,100,2025-01-25,2,"Average  experience,  nothing  special.",Jane Brown,Female,45,41-50,Austria,Vienna,Boxing Gloves,Sports,262.32
147,148,17,2024-11-05,1,"Average  experience,  nothing  special.",Daniel Thomas,Female,46,41-50,Germany,Berlin,Volleyball,Sports,42.8
148,149,50,2023-12-20,4,The  quality  is  top-notch.,Olivia Miller,Male,36,31-40,France,Paris,Yoga Mat,Sports,485.32
149,150,4,2024-06-18,5,"I  love  this  product,  will  buy    again!",David Garcia,Male,25,18-30,Sweden,Stockholm,Climbing Rope,Sports,410.17
150,151,21,2023-10-30,3,"Good  quality,  but  could  be  cheaper.",Olivia Gonzalez,Female,40,31-40,Spain,Madrid,Hockey Stick,Sports,173.83
151,152,32,2025-12-15,3,"Good  quality,  but    could  be  cheaper.",Laura Anderson,Female,29,18-30,Spain,Madrid,Kayak,Sports,259.4
152,153,95,2023-11-06,5,Amazing  value  for  the  price.,James Jones,Male,43,41-50,Germany,Berlin,Ski Boots,Sports,340.2
153,154,3,2023-12-19,4,The  quality  is  top-notch.,Robert Hernandez,Female,26,18-30,Netherlands,Amsterdam,Ice Skates,Sports,37.56
154,155,89,2025-12-10,4,Customer  support  was  very  helpful.,Alex Rodriguez,Male,22,18-30,Sweden,Stockholm,Yoga Mat,Sports,485.32
155,156,5,2025-01-26,5,The  build  quality  is  impressive.,Emma Miller,Female,41,41-50,Spain,Madrid,Basketball,Sports,225.12
156,157,10,2025-10-14,2,The  product  arrived  late.,Chris Davis,Female,46,41-50,Germany,Berlin,Surfboard,Sports,275.43
157,158,37,2024-04-16,5,"Great  purchase,  very  satisfied.",Olivia Lopez,Female,44,41-50,Germany,Berlin,Fitness Tracker,Sports,196.68
158,159,23,2023-09-01,5,"I  love  this  product,    will  buy  again!",Isabella Garcia,Female,37,31-40,Italy,Rome,Ice Skates,Sports,37.56
159,160,71,2024-01-02,2,Not  worth  the  money.,Isabella Miller,Female,25,18-30,Italy,Rome,Baseball Glove,Sports,327.36
160,161,9,2025-08-05,2,The  product  arrived    late.,Emily Thomas,Male,29,18-30,Austria,Vienna,Volleyball,Sports,42.8
161,162,64,2023-07-25,3,"Average  experience,  nothing  special.",Sarah Martinez,Female,62,61-70,Belgium,Brussels,Boxing Gloves,Sports,262.32
162,163,89,2023-05-27,5,The  quality  is  top-notch.,Alex Rodriguez,Male,22,18-30,Sweden,Stockholm,Basketball,Sports,225.12
163,164,25,2024-03-16,2,Product  did  not    meet  my  expectations.,David Anderson,Male,26,18-30,Italy,Rome,Hockey Stick,Sports,173.83
164,165,97,2025-06-03,4,The  quality  is  top-notch.,Emily Rodriguez,Female,51,51-60,France,Paris,Yoga Mat,Sports,485.32
165,166,87,2023-11-01,3,"Good    quality,  but  could  be  cheaper.",Emma Hernandez,Male,41,41-50,Spain,Madrid,Yoga Mat,Sports,485.32
166,167,28,2023-08-02,2,Product  did  not  meet    my  expectations.,Emily Davis,Female,18,,Switzerland,Zurich,Kayak,Sports,259.4
167,168,72,2025-12-13,3,Customer  support  was  very  helpful.,Sophia Miller,Female,34,31-40,Sweden,Stockholm,Fitness Tracker,Sports,196.68
168,169,26,2025-09-28,5,Five  stars  for  the  quick    delivery.,Isabella Thomas,Male,31,31-40,UK,London,Football Helmet,Sports,44.75
169,170,53,2024-06-23,5,The  build  quality  is  impressive.,Emma Thomas,Female,19,18-30,Germany,Berlin,Swim Goggles,Sports,145.97
170,171,2,2024-02-16,3,Not  worth  the  money.,Sarah Brown,Female,37,31-40,Spain,Madrid,Kayak,Sports,259.4
171,172,79,2024-11-23,3,Not  worth  the  money.,John Jones,Female,35,31-40,Netherlands,Amsterdam,Fitness Tracker,Sports,196.68
172,173,15,2025-05-30,5,Customer  support  was  very  helpful.,Emma Martinez,Male,32,31-40,Switzerland,Zurich,Kayak,Sports,259.4
173,174,91,2024-06-23,4,"I  love  this  product,  will  buy  again!",John Brown,Female,62,61-70,Spain,Madrid,Football Helmet,Sports,44.75
174,175,3,2024-11-02,3,"Good  quality,  but  could  be  cheaper.",Robert Hernandez,Female,26,18-30,Netherlands,Amsterdam,Tennis Racket,Sports,36.07
175,176,21,2023-11-23,3,"The  product  is  okay,  but  the  instructions  were  unclear.",Olivia Gonzalez,Female,40,31-40,Spain,Madrid,Ski Boots,Sports,340.2
176,177,93,2025-07-03,4,"I  love  this  product,  will  buy  again!",Jane Rodriguez,Female,41,41-50,Spain,Madrid,Hockey Stick,Sports,173.83
177,178,17,2025-05-25,4,The  quality  is    top-notch.,Daniel Thomas,Female,46,41-50,Germany,Berlin,Boxing Gloves,Sports,262.32
178,179,46,2025-11-26,4,"Great  purchase,  very  satisfied.",Chris Johnson,Male,52,51-60,Spain,Madrid,Boxing Gloves,Sports,262.32
179,180,77,2023-03-08,4,"Great  purchase,    very  satisfied.",David Lopez,Male,53,51-60,Spain,Madrid,Soccer Ball,Sports,41.26
180,181,4,2024-08-09,4,The  build  quality  is  impressive.,David Garcia,Male,25,18-30,Sweden,Stockholm,Yoga Mat,Sports,485.32
181,182,21,2024-03-08,5,"Excellent  product,  highly  recommend!",Olivia Gonzalez,Female,40,31-40,Spain,Madrid,Ski Boots,Sports,340.2
182,183,13,2025-06-08,4,"Great  purchase,  very  satisfied.",David Wilson,Male,50,41-50,UK,London,Soccer Ball,Sports,41.26
183,184,59,2024-12-29,4,Shipping  was  fast  and  the  item  was  well-packaged.,James Smith,Female,44,41-50,Netherlands,Amsterdam,Soccer Ball,Sports,41.26
184,185,8,2023-11-13,2,Product  did  not  meet  my  expectations.,James Gonzalez,Female,18,,Sweden,Stockholm,Tennis Racket,Sports,36.07
185,186,22,2023-02-17,4,The  quality  is  top-notch.,Alex Wilson,Male,53,51-60,Germany,Berlin,Swim Goggles,Sports,145.97
186,187,58,2025-05-01,4,The  quality  is  top-notch.,Jane Williams,Male,34,31-40,Austria,Vienna,Volleyball,Sports,42.8
187,188,70,2025-09-19,5,Exceeded  my  expectations!,James Garcia,Female,31,31-40,Belgium,Brussels,Soccer Ball,Sports,41.26
188,189,83,2025-03-13,2,The  product    arrived  late.,Emily Jones,Male,20,18-30,Switzerland,Zurich,Basketball,Sports,225.12
189,190,83,2023-08-10,3,"Good  quality,  but  could  be  cheaper.",Emily Jones,Male,20,18-30,Switzerland,Zurich,Yoga Mat,Sports,485.32
190,191,68,2024-09-05,4,"Great  purchase,    very  satisfied.",David Gonzalez,Female,57,51-60,Netherlands,Amsterdam,Yoga Mat,Sports,485.32
191,192,42,2023-08-04,5,"Excellent  product,  highly  recommend!",John Gonzalez,Female,69,61-70,UK,London,Surfboard,Sports,275.43
192,193,84,2024-06-21,3,"The  product  is  okay,  but  the  instructions  were    unclear.",Michael Williams,Female,34,31-40,Spain,Madrid,Boxing Gloves,Sports,262.32
193,194,7,2025-05-19,1,The  product  arrived  late.,Laura Miller,Male,35,31-40,Belgium,Brussels,Basketball,Sports,225.12
194,195,75,2023-10-25,5,Amazing  value  for  the  price.,David Smith,Female,43,41-50,Netherlands,Amsterdam,Soccer Ball,Sports,41.26
195,196,91,2023-10-29,3,"Average  experience,  nothing  special.",John Brown,Female,62,61-70,Spain,Madrid,Fitness Tracker,Sports,196.68
196,197,51,2024-11-27,4,"I  love  this  product,    will  buy  again!",Michael Davis,Female,63,61-70,Austria,Vienna,Climbing Rope,Sports,410.17
197,198,57,2023-08-27,5,Five  stars  for  the  quick  delivery.,James Rodriguez,Male,48,41-50,Spain,Madrid,Football Helmet,Sports,44.75
198,199,6,2024-08-20,5,The    quality  is  top-notch.,Daniel Rodriguez,Male,31,31-40,Belgium,Brussels,Swim Goggles,Sports,145.97
199,200,30,2025-01-09,3,"Good  quality,  but  could  be  cheaper.",Alex Garcia,Female,33,31-40,Belgium,Brussels,Surfboard,Sports,275.43
200,201,59,2023-05-23,2,Not  worth  the  money.,James Smith,Female,44,41-50,Netherlands,Amsterdam,Tennis Racket,Sports,36.07
201,202,33,2023-09-06,5,Amazing  value  for  the  price.,David Thomas,Male,22,18-30,Spain,Madrid,Baseball Glove,Sports,327.36
202,203,66,2023-11-22,3,"Average  experience,  nothing  special.",Isabella Martinez,Female,24,18-30,Sweden,Stockholm,Volleyball,Sports,42.8
203,204,95,2024-11-29,4,"Great  purchase,  very    satisfied.",James Jones,Male,43,41-50,Germany,Berlin,Cycling Helmet,Sports,472.32
204,205,88,2023-04-06,5,Amazing  value  for  the  price.,James Brown,Male,42,41-50,France,Paris,Ice Skates,Sports,37.56
205,206,72,2023-08-22,4,Shipping  was  fast  and  the  item  was  well-packaged.,Sophia Miller,Female,34,31-40,Sweden,Stockholm,Cycling Helmet,Sports,472.32
206,207,95,2025-06-07,4,"I  love  this  product,  will  buy  again!",James Jones,Male,43,41-50,Germany,Berlin,Volleyball,Sports,42.8
207,208,94,2023-03-25,4,"Great  purchase,  very  satisfied.",Jane Anderson,Male,48,41-50,Belgium,Brussels,Football Helmet,Sports,44.75
208,209,70,2025-11-05,3,"Average  experience,  nothing  special.",James Garcia,Female,31,31-40,Belgium,Brussels,Football Helmet,Sports,44.75
209,210,28,2023-12-10,2,The  product  arrived  late.,Emily Davis,Female,18,,Switzerland,Zurich,Running Shoes,Sports,223.75
210,211,84,2025-03-07,4,Five  stars  for  the  quick  delivery.,Michael Williams,Female,34,31-40,Spain,Madrid,Ice Skates,Sports,37.56
211,212,87,2023-01-03,1,"Terrible  customer  service,  would  not  buy  again.",Emma Hernandez,Male,41,41-50,Spain,Madrid,Golf Clubs,Sports,81.59
212,213,7,2024-04-09,5,Shipping  was  fast  and    the  item  was  well-packaged.,Laura Miller,Male,35,31-40,Belgium,Brussels,Swim Goggles,Sports,145.97
213,214,53,2025-04-13,3,Five  stars  for  the  quick  delivery.,Emma Thomas,Female,19,18-30,Germany,Berlin,Volleyball,Sports,42.8
214,215,55,2024-01-07,2,Product  did  not  meet  my  expectations.,Emily Lopez,Female,60,51-60,UK,London,Golf Clubs,Sports,81.59
215,216,49,2023-11-14,3,"The  product  is  okay,  but  the  instructions  were  unclear.",Michael Smith,Female,61,61-70,Spain,Madrid,Basketball,Sports,225.12
216,217,62,2023-08-19,5,Amazing  value    for  the  price.,Michael Hernandez,Male,60,51-60,Sweden,Stockholm,Ski Boots,Sports,340.2
217,218,35,2024-09-14,4,The  quality  is  top-notch.,Robert Rodriguez,Female,46,41-50,Germany,Berlin,Football Helmet,Sports,44.75
218,219,90,2023-02-18,4,Five  stars  for  the  quick  delivery.,John Wilson,Male,54,51-60,UK,London,Baseball Glove,Sports,327.36
219,220,78,2025-08-12,2,Disappointed  with  the  performance.,Olivia Smith,Female,24,18-30,Sweden,Stockholm,Baseball Glove,Sports,327.36
220,221,26,2024-10-21,4,The  build  quality  is  impressive.,Isabella Thomas,Male,31,31-40,UK,London,Fitness Tracker,Sports,196.68
221,222,54,2024-02-28,5,Customer  support  was  very  helpful.,Michael Gonzalez,Female,24,18-30,Italy,Rome,Cycling Helmet,Sports,472.32
222,223,37,2023-07-31,5,Exceeded  my  expectations!,Olivia Lopez,Female,44,41-50,Germany,Berlin,Kayak,Sports,259.4
223,224,68,2023-03-27,4,"Great  purchase,    very  satisfied.",David Gonzalez,Female,57,51-60,Netherlands,Amsterdam,Climbing Rope,Sports,410.17
224,225,80,2025-09-08,3,"The  product  is  okay,  but  the  instructions  were  unclear.",Laura Jones,Female,25,18-30,Netherlands,Amsterdam,Running Shoes,Sports,223.75
225,226,60,2023-08-23,2,The  product  arrived  late.,John Thomas,Male,53,51-60,Netherlands,Amsterdam,Baseball Glove,Sports,327.36
226,227,74,2024-08-10,4,"Good    quality,  but  could  be  cheaper.",Jane Smith,Male,33,31-40,UK,London,Ski Boots,Sports,340.2
227,228,20,2025-10-23,2,"The  product  is  okay,  but  the  instructions  were  unclear.",David Johnson,Male,22,18-30,UK,London,Hockey Stick,Sports,173.83
228,229,69,2023-02-07,4,The    quality  is  top-notch.,Emma Gonzalez,Male,26,18-30,Spain,Madrid,Ice Skates,Sports,37.56
229,230,54,2023-10-19,2,The  product  arrived  late.,Michael Gonzalez,Female,24,18-30,Italy,Rome,Ski Boots,Sports,340.2
230,231,15,2025-04-15,5,Five  stars  for  the  quick  delivery.,Emma Martinez,Male,32,31-40,Switzerland,Zurich,Kayak,Sports,259.4
231,232,17,2025-10-11,5,Five  stars  for  the  quick  delivery.,Daniel Thomas,Female,46,41-50,Germany,Berlin,Yoga Mat,Sports,485.32
232,233,81,2024-11-14,2,The  product  arrived  late.,Emily Wilson,Male,38,31-40,Switzerland,Zurich,Dumbbells,Sports,26.21
233,234,80,2023-03-06,5,The  build  quality  is  impressive.,Laura Jones,Female,25,18-30,Netherlands,Amsterdam,Baseball Glove,Sports,327.36
234,235,54,2024-03-18,4,Customer  support  was  very  helpful.,Michael Gonzalez,Female,24,18-30,Italy,Rome,Yoga Mat,Sports,485.32
235,236,55,2025-03-03,5,"Great  purchase,  very  satisfied.",Emily Lopez,Female,60,51-60,UK,London,Kayak,Sports,259.4
236,237,44,2025-09-29,4,The  quality  is  top-notch.,Olivia Brown,Female,59,51-60,Switzerland,Zurich,Fitness Tracker,Sports,196.68
237,238,47,2023-04-18,4,"Great  purchase,  very  satisfied.",Sophia Thomas,Male,69,61-70,Netherlands,Amsterdam,Baseball Glove,Sports,327.36
238,239,45,2024-01-28,5,Exceeded  my  expectations!,Sarah Hernandez,Female,36,31-40,Italy,Rome,Baseball Glove,Sports,327.36
239,240,20,2024-11-09,5,Five  stars  for  the  quick  delivery.,David Johnson,Male,22,18-30,UK,London,Kayak,Sports,259.4
240,241,61,2024-04-22,4,Five  stars  for  the  quick  delivery.,Emma Rodriguez,Female,67,61-70,Germany,Berlin,Climbing Rope,Sports,410.17
241,242,20,2025-06-07,4,The  quality  is  top-notch.,David Johnson,Male,22,18-30,UK,London,Boxing Gloves,Sports,262.32
242,243,24,2023-02-17,1,I  had  a  bad  experience  with  this  product.,Chris Hernandez,Male,25,18-30,Italy,Rome,Ski Boots,Sports,340.2
243,244,36,2023-08-25,4,"Great  purchase,  very  satisfied.",Emma Johnson,Female,63,61-70,France,Paris,Dumbbells,Sports,26.21
244,245,50,2023-03-23,3,"Good  quality,  but  could  be  cheaper.",Olivia Miller,Male,36,31-40,France,Paris,Yoga Mat,Sports,485.32
245,246,71,2023-07-23,4,The    quality  is  top-notch.,Isabella Miller,Female,25,18-30,Italy,Rome,Ice Skates,Sports,37.56
246,247,28,2025-11-24,5,"Excellent  product,  highly    recommend!",Emily Davis,Female,18,,Switzerland,Zurich,Tennis Racket,Sports,36.07
247,248,81,2023-07-15,3,"Good  quality,  but  could  be  cheaper.",Emily Wilson,Male,38,31-40,Switzerland,Zurich,Tennis Racket,Sports,36.07
248,249,75,2023-01-04,1,"Not    satisfied,  the  product  broke  after  a  week.",David Smith,Female,43,41-50,Netherlands,Amsterdam,Fitness Tracker,Sports,196.68
249,250,22,2023-09-21,1,The  product  stopped  working  after  a  month.,Alex Wilson,Male,53,51-60,Germany,Berlin,Ski Boots,Sports,340.2
250,251,16,2024-02-01,4,"Good  quality,  but  could  be  cheaper.",Michael Martinez,Male,40,31-40,Italy,Rome,Fitness Tracker,Sports,196.68
251,252,6,2025-03-18,5,The  build  quality  is    impressive.,Daniel Rodriguez,Male,31,31-40,Belgium,Brussels,Tennis Racket,Sports,36.07
252,253,75,2024-08-03,3,"Great  purchase,  very  satisfied.",David Smith,Female,43,41-50,Netherlands,Amsterdam,Climbing Rope,Sports,410.17
253,254,30,2025-12-31,3,"Average  experience,  nothing  special.",Alex Garcia,Female,33,31-40,Belgium,Brussels,Hockey Stick,Sports,173.83
254,255,13,2024-01-23,5,"I  love  this  product,  will  buy  again!",David Wilson,Male,50,41-50,UK,London,Kayak,Sports,259.4
255,256,91,2024-02-11,4,"Good  quality,  but  could  be  cheaper.",John Brown,Female,62,61-70,Spain,Madrid,Yoga Mat,Sports,485.32
256,257,84,2023-10-03,3,"Average  experience,  nothing    special.",Michael Williams,Female,34,31-40,Spain,Madrid,Swim Goggles,Sports,145.97
257,258,34,2025-05-13,4,"Great    purchase,  very  satisfied.",Daniel Miller,Male,57,51-60,France,Paris,Basketball,Sports,225.12
258,259,75,2023-08-24,3,"The  product  is  okay,  but  the  instructions  were  unclear.",David Smith,Female,43,41-50,Netherlands,Amsterdam,Fitness Tracker,Sports,196.68
259,260,44,2024-03-07,3,"Average  experience,  nothing  special.",Olivia Brown,Female,59,51-60,Switzerland,Zurich,Volleyball,Sports,42.8
260,261,29,2024-10-15,4,Customer  support  was  very  helpful.,Sophia Anderson,Female,26,18-30,Italy,Rome,Ice Skates,Sports,37.56
261,262,45,2024-07-07,5,Five  stars  for    the  quick  delivery.,Sarah Hernandez,Female,36,31-40,Italy,Rome,Basketball,Sports,225.12
262,263,47,2024-10-21,4,Customer  support  was  very  helpful.,Sophia Thomas,Male,69,61-70,Netherlands,Amsterdam,Football Helmet,Sports,44.75
263,264,96,2025-08-19,4,Shipping  was  fast  and  the    item  was  well-packaged.,Emily Gonzalez,Female,38,31-40,Austria,Vienna,Volleyball,Sports,42.8
264,265,22,2024-05-14,4,"I  love  this  product,  will  buy  again!",Alex Wilson,Male,53,51-60,Germany,Berlin,Hockey Stick,Sports,173.83
265,266,62,2025-02-22,5,"Excellent  product,    highly  recommend!",Michael Hernandez,Male,60,51-60,Sweden,Stockholm,Soccer Ball,Sports,41.26
266,267,55,2023-12-01,3,"The  product  is    okay,  but  the  instructions  were  unclear.",Emily Lopez,Female,60,51-60,UK,London,Hockey Stick,Sports,173.83
267,268,98,2023-10-28,5,The  build  quality    is  impressive.,Chris Lopez,Female,55,51-60,Austria,Vienna,Surfboard,Sports,275.43
268,269,75,2023-11-18,4,The  quality  is  top-notch.,David Smith,Female,43,41-50,Netherlands,Amsterdam,Dumbbells,Sports,26.21
269,270,46,2023-09-25,1,The  color  was  different  from  what  was  shown.,Chris Johnson,Male,52,51-60,Spain,Madrid,Tennis Racket,Sports,36.07
270,271,21,2025-08-08,5,The    build  quality  is  impressive.,Olivia Gonzalez,Female,40,31-40,Spain,Madrid,Surfboard,Sports,275.43
271,272,39,2023-03-26,5,Shipping  was  fast  and  the  item  was  well-packaged.,Jane Miller,Female,64,61-70,Italy,Rome,Surfboard,Sports,275.43
272,273,10,2024-10-09,5,Shipping  was  fast  and  the  item  was  well-packaged.,Chris Davis,Female,46,41-50,Germany,Berlin,Fitness Tracker,Sports,196.68
273,274,93,2023-04-07,5,"I  love  this  product,  will  buy  again!",Jane Rodriguez,Female,41,41-50,Spain,Madrid,Ski Boots,Sports,340.2
274,275,45,2023-04-03,4,Five  stars  for  the  quick  delivery.,Sarah Hernandez,Female,36,31-40,Italy,Rome,Ice Skates,Sports,37.56
275,276,86,2025-01-29,5,The  quality  is  top-notch.,James Hernandez,Male,63,61-70,Austria,Vienna,Running Shoes,Sports,223.75
276,277,22,2025-03-21,4,The  quality  is  top-notch.,Alex Wilson,Male,53,51-60,Germany,Berlin,Tennis Racket,Sports,36.07
277,278,80,2023-03-01,5,Amazing  value  for  the  price.,Laura Jones,Female,25,18-30,Netherlands,Amsterdam,Boxing Gloves,Sports,262.32
278,279,86,2023-07-21,5,Customer  support  was  very  helpful.,James Hernandez,Male,63,61-70,Austria,Vienna,Soccer Ball,Sports,41.26
279,280,68,2023-11-09,4,"Good  quality,  but  could  be  cheaper.",David Gonzalez,Female,57,51-60,Netherlands,Amsterdam,Hockey Stick,Sports,173.83
280,281,71,2025-11-19,4,"I  love  this  product,  will  buy  again!",Isabella Miller,Female,25,18-30,Italy,Rome,Soccer Ball,Sports,41.26
281,282,59,2023-02-17,3,"Average  experience,  nothing  special.",James Smith,Female,44,41-50,Netherlands,Amsterdam,Soccer Ball,Sports,41.26
282,283,87,2023-02-14,5,"I  love  this  product,  will  buy  again!",Emma Hernandez,Male,41,41-50,Spain,Madrid,Swim Goggles,Sports,145.97
283,284,89,2023-09-01,4,"Great  purchase,  very  satisfied.",Alex Rodriguez,Male,22,18-30,Sweden,Stockholm,Swim Goggles,Sports,145.97
284,285,29,2023-08-25,4,"Good  quality,  but  could    be  cheaper.",Sophia Anderson,Female,26,18-30,Italy,Rome,Yoga Mat,Sports,485.32
285,286,53,2023-05-04,5,"I  love  this  product,  will  buy  again!",Emma Thomas,Female,19,18-30,Germany,Berlin,Kayak,Sports,259.4
286,287,75,2025-02-14,5,"I  love  this  product,  will    buy  again!",David Smith,Female,43,41-50,Netherlands,Amsterdam,Tennis Racket,Sports,36.07
287,288,68,2024-06-21,5,"Excellent  product,  highly  recommend!",David Gonzalez,Female,57,51-60,Netherlands,Amsterdam,Surfboard,Sports,275.43
288,289,87,2023-10-04,5,Customer  support  was    very  helpful.,Emma Hernandez,Male,41,41-50,Spain,Madrid,Climbing Rope,Sports,410.17
289,290,20,2024-09-23,2,"Average  experience,  nothing  special.",David Johnson,Male,22,18-30,UK,London,Cycling Helmet,Sports,472.32
290,291,17,2025-12-06,5,"I  love  this  product,  will  buy  again!",Daniel Thomas,Female,46,41-50,Germany,Berlin,Basketball,Sports,225.12
291,292,15,2025-10-19,5,Customer  support  was  very  helpful.,Emma Martinez,Male,32,31-40,Switzerland,Zurich,Basketball,Sports,225.12
292,293,25,2023-02-14,3,Not  worth    the  money.,David Anderson,Male,26,18-30,Italy,Rome,Swim Goggles,Sports,145.97
293,294,63,2023-11-09,3,Not  worth  the  money.,John Davis,Male,27,18-30,Switzerland,Zurich,Swim Goggles,Sports,145.97
294,295,61,2024-10-13,3,"The  product  is  okay,  but  the  instructions  were  unclear.",Emma Rodriguez,Female,67,61-70,Germany,Berlin,Tennis Racket,Sports,36.07
295,296,85,2023-12-13,4,The    quality  is  top-notch.,Jane Hernandez,Male,68,61-70,Belgium,Brussels,Volleyball,Sports,42.8
296,297,92,2023-08-06,3,"Average  experience,  nothing  special.",David Hernandez,Female,67,61-70,UK,London,Kayak,Sports,259.4
297,298,41,2025-06-13,4,Five  stars  for  the  quick  delivery.,Laura Wilson,Male,45,41-50,Germany,Berlin,Climbing Rope,Sports,410.17
298,299,93,2024-02-01,1,Product  did  not  meet  my  expectations.,Jane Rodriguez,Female,41,41-50,Spain,Madrid,Swim Goggles,Sports,145.97
299,300,22,2023-05-09,2,Disappointed  with  the  performance.,Alex Wilson,Male,53,51-60,Germany,Berlin,Volleyball,Sports,42.8
300,301,6,2023-05-30,4,"I  love  this  product,  will  buy  again!",Daniel Rodriguez,Male,31,31-40,Belgium,Brussels,Basketball,Sports,225.12
301,302,64,2024-10-08,5,The  quality  is  top-notch.,Sarah Martinez,Female,62,61-70,Belgium,Brussels,Hockey Stick,Sports,173.83
302,303,20,2024-04-25,4,"Great  purchase,  very  satisfied.",David Johnson,Male,22,18-30,UK,London,Golf Clubs,Sports,81.59
303,304,66,2023-02-01,3,"Average    experience,  nothing  special.",Isabella Martinez,Female,24,18-30,Sweden,Stockholm,Cycling Helmet,Sports,472.32
304,305,87,2023-08-25,4,Customer  support  was  very  helpful.,Emma Hernandez,Male,41,41-50,Spain,Madrid,Basketball,Sports,225.12
305,306,52,2025-07-19,3,"Average  experience,  nothing  special.",Robert Williams,Female,41,41-50,Switzerland,Zurich,Football Helmet,Sports,44.75
306,307,63,2025-01-08,5,Exceeded  my  expectations!,John Davis,Male,27,18-30,Switzerland,Zurich,Kayak,Sports,259.4
307,308,90,2023-04-02,5,Shipping  was  fast  and  the  item  was  well-packaged.,John Wilson,Male,54,51-60,UK,London,Cycling Helmet,Sports,472.32
308,309,70,2023-02-02,3,"Good  quality,  but  could  be  cheaper.",James Garcia,Female,31,31-40,Belgium,Brussels,Ski Boots,Sports,340.2
309,310,40,2024-11-30,5,Exceeded  my  expectations!,Olivia Thomas,Female,67,61-70,Germany,Berlin,Running Shoes,Sports,223.75
310,311,52,2023-11-14,4,Shipping  was  fast  and  the  item  was  well-packaged.,Robert Williams,Female,41,41-50,Switzerland,Zurich,Ski Boots,Sports,340.2
311,312,90,2023-11-05,2,The  product  arrived  late.,John Wilson,Male,54,51-60,UK,London,Yoga Mat,Sports,485.32
312,313,13,2024-01-14,4,"I    love  this  product,  will  buy  again!",David Wilson,Male,50,41-50,UK,London,Yoga Mat,Sports,485.32
313,314,22,2025-10-06,2,Product  did  not  meet  my  expectations.,Alex Wilson,Male,53,51-60,Germany,Berlin,Surfboard,Sports,275.43
314,315,32,2025-06-13,4,The  quality  is  top-notch.,Laura Anderson,Female,29,18-30,Spain,Madrid,Basketball,Sports,225.12
315,316,48,2025-08-15,5,Five  stars  for  the  quick    delivery.,Alex Gonzalez,Female,48,41-50,Belgium,Brussels,Dumbbells,Sports,26.21
316,317,15,2023-08-04,3,"The  product  is  okay,  but  the  instructions  were  unclear.",Emma Martinez,Male,32,31-40,Switzerland,Zurich,Tennis Racket,Sports,36.07
317,318,97,2023-12-15,4,"Good  quality,  but  could  be  cheaper.",Emily Rodriguez,Female,51,51-60,France,Paris,Dumbbells,Sports,26.21
318,319,86,2024-12-11,5,Shipping  was  fast  and  the  item  was  well-packaged.,James Hernandez,Male,63,61-70,Austria,Vienna,Tennis Racket,Sports,36.07
319,320,79,2023-02-24,4,The  quality  is  top-notch.,John Jones,Female,35,31-40,Netherlands,Amsterdam,Surfboard,Sports,275.43
320,321,58,2024-04-17,4,"Good  quality,  but  could  be  cheaper.",Jane Williams,Male,34,31-40,Austria,Vienna,Ice Skates,Sports,37.56
321,322,76,2024-12-01,4,"Great    purchase,  very  satisfied.",Michael Lopez,Female,26,18-30,Austria,Vienna,Swim Goggles,Sports,145.97
322,323,47,2023-04-24,4,Shipping  was    fast  and  the  item  was  well-packaged.,Sophia Thomas,Male,69,61-70,Netherlands,Amsterdam,Dumbbells,Sports,26.21
323,324,89,2024-07-08,4,Shipping  was  fast  and  the  item    was  well-packaged.,Alex Rodriguez,Male,22,18-30,Sweden,Stockholm,Soccer Ball,Sports,41.26
324,325,78,2023-04-17,4,"Good  quality,  but  could  be  cheaper.",Olivia Smith,Female,24,18-30,Sweden,Stockholm,Tennis Racket,Sports,36.07
325,326,17,2024-06-15,4,The  quality  is  top-notch.,Daniel Thomas,Female,46,41-50,Germany,Berlin,Cycling Helmet,Sports,472.32
326,327,95,2023-08-25,4,The  quality  is  top-notch.,James Jones,Male,43,41-50,Germany,Berlin,Football Helmet,Sports,44.75
327,328,100,2024-02-20,2,Not  worth  the  money.,Jane Brown,Female,45,41-50,Austria,Vienna,Swim Goggles,Sports,145.97
328,329,6,2024-12-07,3,The  quality  is  top-notch.,Daniel Rodriguez,Male,31,31-40,Belgium,Brussels,Baseball Glove,Sports,327.36
329,330,22,2023-03-18,4,The  quality  is  top-notch.,Alex Wilson,Male,53,51-60,Germany,Berlin,Cycling Helmet,Sports,472.32
330,331,68,2023-08-17,5,"I  love  this  product,  will  buy  again!",David Gonzalez,Female,57,51-60,Netherlands,Amsterdam,Dumbbells,Sports,26.21
331,332,2,2024-11-06,5,The  build  quality  is  impressive.,Sarah Brown,Female,37,31-40,Spain,Madrid,Golf Clubs,Sports,81.59
332,333,87,2024-06-02,4,"I  love  this  product,  will  buy  again!",Emma Hernandez,Male,41,41-50,Spain,Madrid,Soccer Ball,Sports,41.26
333,334,70,2025-04-14,5,Five  stars  for  the  quick    delivery.,James Garcia,Female,31,31-40,Belgium,Brussels,Baseball Glove,Sports,327.36
334,335,75,2024-03-12,5,"Great  purchase,  very  satisfied.",David Smith,Female,43,41-50,Netherlands,Amsterdam,Cycling Helmet,Sports,472.32
335,336,8,2024-02-07,2,The  product  arrived  late.,James Gonzalez,Female,18,,Sweden,Stockholm,Football Helmet,Sports,44.75
336,337,32,2024-05-22,3,"The  product  is  okay,  but  the  instructions  were  unclear.",Laura Anderson,Female,29,18-30,Spain,Madrid,Hockey Stick,Sports,173.83
337,338,98,2023-01-22,2,The  product  arrived  late.,Chris Lopez,Female,55,51-60,Austria,Vienna,Dumbbells,Sports,26.21
338,339,38,2025-01-11,5,Exceeded  my    expectations!,John Garcia,Male,28,18-30,Spain,Madrid,Fitness Tracker,Sports,196.68
339,340,95,2025-09-16,5,"I  love  this  product,  will  buy  again!",James Jones,Male,43,41-50,Germany,Berlin,Surfboard,Sports,275.43
340,341,62,2024-11-04,2,Not  worth  the  money.,Michael Hernandez,Male,60,51-60,Sweden,Stockholm,Yoga Mat,Sports,485.32
341,342,19,2025-06-15,4,The  build  quality  is  impressive.,Emma Wilson,Female,36,31-40,Netherlands,Amsterdam,Dumbbells,Sports,26.21
342,343,84,2025-04-13,3,"Average  experience,  nothing  special.",Michael Williams,Female,34,31-40,Spain,Madrid,Dumbbells,Sports,26.21
343,344,21,2025-11-02,3,Not  worth  the  money.,Olivia Gonzalez,Female,40,31-40,Spain,Madrid,Golf Clubs,Sports,81.59
344,345,48,2024-07-24,4,"I  love  this  product,  will  buy  again!",Alex Gonzalez,Female,48,41-50,Belgium,Brussels,Dumbbells,Sports,26.21
345,346,84,2025-06-27,5,The  build  quality  is  impressive.,Michael Williams,Female,34,31-40,Spain,Madrid,Climbing Rope,Sports,410.17
346,347,75,2025-08-19,1,Disappointed    with  the  performance.,David Smith,Female,43,41-50,Netherlands,Amsterdam,Kayak,Sports,259.4
347,348,52,2024-03-05,2,Not  worth  the  money.,Robert Williams,Female,41,41-50,Switzerland,Zurich,Swim Goggles,Sports,145.97
348,349,26,2024-11-19,3,"I  love  this  product,  will  buy  again!",Isabella Thomas,Male,31,31-40,UK,London,Ski Boots,Sports,340.2
349,350,57,2025-08-22,3,Not    worth  the  money.,James Rodriguez,Male,48,41-50,Spain,Madrid,Tennis Racket,Sports,36.07
350,351,55,2023-05-02,3,"The  product  is  okay,  but    the  instructions  were  unclear.",Emily Lopez,Female,60,51-60,UK,London,Soccer Ball,Sports,41.26
351,352,43,2025-12-22,3,"Average  experience,  nothing  special.",Olivia Hernandez,Male,53,51-60,Sweden,Stockholm,Ski Boots,Sports,340.2
352,353,36,2025-09-08,5,"Great    purchase,  very  satisfied.",Emma Johnson,Female,63,61-70,France,Paris,Climbing Rope,Sports,410.17
353,354,50,2024-01-03,2,"Average  experience,  nothing  special.",Olivia Miller,Male,36,31-40,France,Paris,Volleyball,Sports,42.8
354,355,59,2024-03-04,2,"Average  experience,  nothing  special.",James Smith,Female,44,41-50,Netherlands,Amsterdam,Baseball Glove,Sports,327.36
355,356,86,2023-11-23,1,The  product  arrived  late.,James Hernandez,Male,63,61-70,Austria,Vienna,Cycling Helmet,Sports,472.32
356,357,1,2024-04-01,4,Five  stars  for  the  quick  delivery.,Emma Anderson,Male,50,41-50,Germany,Berlin,Yoga Mat,Sports,485.32
357,358,13,2023-11-20,3,"Average  experience,  nothing  special.",David Wilson,Male,50,41-50,UK,London,Climbing Rope,Sports,410.17
358,359,79,2024-05-04,5,Amazing  value  for  the  price.,John Jones,Female,35,31-40,Netherlands,Amsterdam,Climbing Rope,Sports,410.17
359,360,33,2025-09-09,5,"Excellent  product,  highly  recommend!",David Thomas,Male,22,18-30,Spain,Madrid,Climbing Rope,Sports,410.17
360,361,71,2024-02-12,5,"Excellent  product,  highly  recommend!",Isabella Miller,Female,25,18-30,Italy,Rome,Basketball,Sports,225.12
361,362,33,2024-02-11,3,"The  product  is  okay,  but  the  instructions  were  unclear.",David Thomas,Male,22,18-30,Spain,Madrid,Ski Boots,Sports,340.2
362,363,17,2025-04-15,4,"Good  quality,  but  could  be  cheaper.",Daniel Thomas,Female,46,41-50,Germany,Berlin,Climbing Rope,Sports,410.17
363,364,46,2024-04-26,5,The  build  quality  is  impressive.,Chris Johnson,Male,52,51-60,Spain,Madrid,Football Helmet,Sports,44.75
364,365,90,2025-10-24,3,"Good  quality,  but  could  be    cheaper.",John Wilson,Male,54,51-60,UK,London,Boxing Gloves,Sports,262.32
365,366,46,2023-11-14,5,Shipping  was  fast  and  the  item  was  well-packaged.,Chris Johnson,Male,52,51-60,Spain,Madrid,Basketball,Sports,225.12
366,367,96,2024-07-02,3,Not  worth  the    money.,Emily Gonzalez,Female,38,31-40,Austria,Vienna,Running Shoes,Sports,223.75
367,368,34,2025-05-11,1,"Not  satisfied,  the  product  broke  after  a  week.",Daniel Miller,Male,57,51-60,France,Paris,Football Helmet,Sports,44.75
368,369,48,2024-12-19,4,Customer  support  was  very  helpful.,Alex Gonzalez,Female,48,41-50,Belgium,Brussels,Dumbbells,Sports,26.21
369,370,73,2023-04-13,4,The  quality  is  top-notch.,Sarah Gonzalez,Male,40,31-40,Spain,Madrid,Tennis Racket,Sports,36.07
370,371,29,2024-01-20,2,Product  did  not  meet  my  expectations.,Sophia Anderson,Female,26,18-30,Italy,Rome,Running Shoes,Sports,223.75
371,372,91,2023-05-10,4,"I  love  this  product,  will    buy  again!",John Brown,Female,62,61-70,Spain,Madrid,Tennis Racket,Sports,36.07
372,373,92,2025-07-12,1,"Average  experience,  nothing  special.",David Hernandez,Female,67,61-70,UK,London,Cycling Helmet,Sports,472.32
373,374,89,2023-02-08,1,The  product    stopped  working  after  a  month.,Alex Rodriguez,Male,22,18-30,Sweden,Stockholm,Ice Skates,Sports,37.56
374,375,73,2024-12-16,5,The  build  quality  is  impressive.,Sarah Gonzalez,Male,40,31-40,Spain,Madrid,Dumbbells,Sports,26.21
375,376,38,2023-07-03,3,"Good  quality,    but  could  be  cheaper.",John Garcia,Male,28,18-30,Spain,Madrid,Tennis Racket,Sports,36.07
376,377,77,2023-11-29,5,"Excellent  product,  highly  recommend!",David Lopez,Male,53,51-60,Spain,Madrid,Dumbbells,Sports,26.21
377,378,64,2024-03-20,2,The  product  arrived    late.,Sarah Martinez,Female,62,61-70,Belgium,Brussels,Baseball Glove,Sports,327.36
378,379,62,2023-01-27,5,The    quality  is  top-notch.,Michael Hernandez,Male,60,51-60,Sweden,Stockholm,Dumbbells,Sports,26.21
379,380,52,2024-02-23,4,"I  love    this  product,  will  buy  again!",Robert Williams,Female,41,41-50,Switzerland,Zurich,Dumbbells,Sports,26.21
380,381,45,2024-01-24,3,"Good  quality,  but    could  be  cheaper.",Sarah Hernandez,Female,36,31-40,Italy,Rome,Dumbbells,Sports,26.21
381,382,38,2023-09-03,4,"Good  quality,    but  could  be  cheaper.",John Garcia,Male,28,18-30,Spain,Madrid,Basketball,Sports,225.12
382,383,54,2024-09-05,5,Amazing  value  for  the  price.,Michael Gonzalez,Female,24,18-30,Italy,Rome,Swim Goggles,Sports,145.97
383,384,20,2025-06-04,3,Not  worth  the  money.,David Johnson,Male,22,18-30,UK,London,Yoga Mat,Sports,485.32
384,385,81,2023-06-09,4,Five  stars  for  the  quick  delivery.,Emily Wilson,Male,38,31-40,Switzerland,Zurich,Soccer Ball,Sports,41.26
385,386,86,2024-04-09,3,"Good  quality,  but  could  be  cheaper.",James Hernandez,Male,63,61-70,Austria,Vienna,Soccer Ball,Sports,41.26
386,387,42,2025-03-29,5,Shipping  was  fast  and  the    item  was  well-packaged.,John Gonzalez,Female,69,61-70,UK,London,Cycling Helmet,Sports,472.32
387,388,99,2025-12-10,1,Disappointed  with  the  performance.,Laura Hernandez,Male,41,41-50,Italy,Rome,Running Shoes,Sports,223.75
388,389,14,2024-09-14,5,"Excellent  product,  highly  recommend!",Olivia Wilson,Male,60,51-60,Spain,Madrid,Fitness Tracker,Sports,196.68
389,390,30,2023-05-22,3,"Good  quality,  but  could  be  cheaper.",Alex Garcia,Female,33,31-40,Belgium,Brussels,Golf Clubs,Sports,81.59
390,391,98,2024-01-05,3,"Average  experience,  nothing  special.",Chris Lopez,Female,55,51-60,Austria,Vienna,Boxing Gloves,Sports,262.32
391,392,93,2023-06-29,5,Amazing  value  for  the  price.,Jane Rodriguez,Female,41,41-50,Spain,Madrid,Ski Boots,Sports,340.2
392,393,6,2024-04-18,2,Product  did  not  meet  my  expectations.,Daniel Rodriguez,Male,31,31-40,Belgium,Brussels,Boxing Gloves,Sports,262.32
393,394,7,2024-10-19,3,"The  product  is  okay,  but  the  instructions  were  unclear.",Laura Miller,Male,35,31-40,Belgium,Brussels,Dumbbells,Sports,26.21
394,395,35,2025-04-12,4,The  quality  is  top-notch.,Robert Rodriguez,Female,46,41-50,Germany,Berlin,Baseball Glove,Sports,327.36
395,396,75,2025-09-12,3,"Good    quality,  but  could  be  cheaper.",David Smith,Female,43,41-50,Netherlands,Amsterdam,Tennis Racket,Sports,36.07
396,397,11,2024-04-23,4,The  quality  is  top-notch.,Emma Garcia,Male,54,51-60,Austria,Vienna,Cycling Helmet,Sports,472.32
397,398,17,2023-09-02,5,"I  love  this  product,  will  buy  again!",Daniel Thomas,Female,46,41-50,Germany,Berlin,Basketball,Sports,225.12
398,399,68,2024-07-21,3,"Average  experience,  nothing  special.",David Gonzalez,Female,57,51-60,Netherlands,Amsterdam,Running Shoes,Sports,223.75
399,400,42,2023-06-30,3,Not  worth  the  money.,John Gonzalez,Female,69,61-70,UK,London,Golf Clubs,Sports,81.59
400,401,93,2024-04-13,4,"Good  quality,  but  could  be  cheaper.",Jane Rodriguez,Female,41,41-50,Spain,Madrid,Volleyball,Sports,42.8
401,402,68,2025-12-16,4,The  build  quality  is  impressive.,David Gonzalez,Female,57,51-60,Netherlands,Amsterdam,Ice Skates,Sports,37.56
402,403,53,2023-06-18,3,"Good  quality,  but    could  be  cheaper.",Emma Thomas,Female,19,18-30,Germany,Berlin,Cycling Helmet,Sports,472.32
403,404,90,2025-06-04,4,The  quality  is  top-notch.,John Wilson,Male,54,51-60,UK,London,Basketball,Sports,225.12
404,405,43,2025-09-10,5,Exceeded  my    expectations!,Olivia Hernandez,Male,53,51-60,Sweden,Stockholm,Dumbbells,Sports,26.21
405,406,11,2025-12-15,5,Exceeded  my  expectations!,Emma Garcia,Male,54,51-60,Austria,Vienna,Baseball Glove,Sports,327.36
406,407,79,2023-01-12,2,Disappointed  with  the    performance.,John Jones,Female,35,31-40,Netherlands,Amsterdam,Ski Boots,Sports,340.2
407,408,17,2023-12-12,5,The  build  quality  is  impressive.,Daniel Thomas,Female,46,41-50,Germany,Berlin,Dumbbells,Sports,26.21
408,409,59,2023-02-22,5,"I  love  this  product,  will  buy    again!",James Smith,Female,44,41-50,Netherlands,Amsterdam,Hockey Stick,Sports,173.83
409,410,83,2023-01-11,1,Product  did  not  meet  my  expectations.,Emily Jones,Male,20,18-30,Switzerland,Zurich,Running Shoes,Sports,223.75
410,411,32,2023-03-05,3,"The  product  is  okay,  but  the    instructions  were  unclear.",Laura Anderson,Female,29,18-30,Spain,Madrid,Climbing Rope,Sports,410.17
411,412,83,2024-05-10,4,Customer  support  was  very  helpful.,Emily Jones,Male,20,18-30,Switzerland,Zurich,Basketball,Sports,225.12
412,413,60,2023-08-24,5,The  build  quality  is  impressive.,John Thomas,Male,53,51-60,Netherlands,Amsterdam,Ice Skates,Sports,37.56
413,414,59,2025-07-31,4,"I  love  this  product,  will  buy  again!",James Smith,Female,44,41-50,Netherlands,Amsterdam,Cycling Helmet,Sports,472.32
414,415,97,2025-06-04,2,Disappointed  with  the    performance.,Emily Rodriguez,Female,51,51-60,France,Paris,Football Helmet,Sports,44.75
415,416,15,2023-04-19,5,The  quality  is  top-notch.,Emma Martinez,Male,32,31-40,Switzerland,Zurich,Surfboard,Sports,275.43
416,417,9,2024-11-28,3,Not  worth  the  money.,Emily Thomas,Male,29,18-30,Austria,Vienna,Kayak,Sports,259.4
417,418,94,2025-03-02,1,"Not  satisfied,  the  product  broke  after  a    week.",Jane Anderson,Male,48,41-50,Belgium,Brussels,Fitness Tracker,Sports,196.68
418,419,68,2025-09-01,1,The  color  was  different  from  what  was  shown.,David Gonzalez,Female,57,51-60,Netherlands,Amsterdam,Tennis Racket,Sports,36.07
419,420,18,2023-06-10,5,"I  love  this    product,  will  buy  again!",Robert Lopez,Female,38,31-40,Italy,Rome,Ski Boots,Sports,340.2
420,421,75,2025-08-18,5,The  quality  is  top-notch.,David Smith,Female,43,41-50,Netherlands,Amsterdam,Swim Goggles,Sports,145.97
421,422,81,2025-09-30,4,The  quality  is  top-notch.,Emily Wilson,Male,38,31-40,Switzerland,Zurich,Surfboard,Sports,275.43
422,423,76,2023-08-01,2,Product  did  not  meet  my  expectations.,Michael Lopez,Female,26,18-30,Austria,Vienna,Volleyball,Sports,42.8
423,424,53,2024-03-21,4,Customer  support  was  very  helpful.,Emma Thomas,Female,19,18-30,Germany,Berlin,Ski Boots,Sports,340.2
424,425,89,2025-03-04,2,Not  worth  the  money.,Alex Rodriguez,Male,22,18-30,Sweden,Stockholm,Tennis Racket,Sports,36.07
425,426,74,2024-04-07,4,Shipping  was  fast  and  the  item  was  well-packaged.,Jane Smith,Male,33,31-40,UK,London,Surfboard,Sports,275.43
426,427,81,2025-08-20,4,Five  stars  for  the  quick  delivery.,Emily Wilson,Male,38,31-40,Switzerland,Zurich,Ski Boots,Sports,340.2
427,428,58,2025-01-17,5,The  build    quality  is  impressive.,Jane Williams,Male,34,31-40,Austria,Vienna,Baseball Glove,Sports,327.36
428,429,71,2023-06-08,4,Customer    support  was  very  helpful.,Isabella Miller,Female,25,18-30,Italy,Rome,Fitness Tracker,Sports,196.68
429,430,99,2025-08-03,2,"Average  experience,  nothing  special.",Laura Hernandez,Male,41,41-50,Italy,Rome,Baseball Glove,Sports,327.36
430,431,94,2023-02-10,3,Not  worth  the  money.,Jane Anderson,Male,48,41-50,Belgium,Brussels,Ski Boots,Sports,340.2
431,432,31,2025-02-14,4,"I  love  this  product,  will  buy  again!",Daniel Jones,Male,33,31-40,Austria,Vienna,Volleyball,Sports,42.8
432,433,72,2025-06-11,5,The  quality  is  top-notch.,Sophia Miller,Female,34,31-40,Sweden,Stockholm,Fitness Tracker,Sports,196.68
433,434,7,2023-02-25,5,"Great  purchase,  very  satisfied.",Laura Miller,Male,35,31-40,Belgium,Brussels,Volleyball,Sports,42.8
434,435,65,2023-02-28,5,Amazing  value  for  the  price.,Olivia Rodriguez,Female,31,31-40,Italy,Rome,Running Shoes,Sports,223.75
435,436,11,2024-01-03,4,Shipping  was  fast    and  the  item  was  well-packaged.,Emma Garcia,Male,54,51-60,Austria,Vienna,Running Shoes,Sports,223.75
436,437,73,2023-06-24,5,"Excellent  product,  highly  recommend!",Sarah Gonzalez,Male,40,31-40,Spain,Madrid,Dumbbells,Sports,26.21
437,438,72,2023-09-13,5,Five  stars  for  the  quick  delivery.,Sophia Miller,Female,34,31-40,Sweden,Stockholm,Boxing Gloves,Sports,262.32
438,439,67,2025-11-11,3,"The  product  is  okay,  but  the  instructions  were  unclear.",Alex Johnson,Female,56,51-60,Spain,Madrid,Ski Boots,Sports,340.2
439,440,93,2023-07-22,3,Not  worth  the  money.,Jane Rodriguez,Female,41,41-50,Spain,Madrid,Basketball,Sports,225.12
440,441,12,2023-09-03,1,Product  did    not  meet  my  expectations.,James Lopez,Female,43,41-50,Belgium,Brussels,Tennis Racket,Sports,36.07
441,442,28,2025-04-06,1,The  product  stopped  working  after  a  month.,Emily Davis,Female,18,,Switzerland,Zurich,Football Helmet,Sports,44.75
442,443,37,2024-01-19,3,"Good  quality,  but  could  be  cheaper.",Olivia Lopez,Female,44,41-50,Germany,Berlin,Swim Goggles,Sports,145.97
443,444,22,2023-10-20,5,The  build  quality  is  impressive.,Alex Wilson,Male,53,51-60,Germany,Berlin,Kayak,Sports,259.4
444,445,25,2023-05-27,3,"Good  quality,  but  could  be  cheaper.",David Anderson,Male,26,18-30,Italy,Rome,Cycling Helmet,Sports,472.32
445,446,84,2025-06-10,5,The  quality  is  top-notch.,Michael Williams,Female,34,31-40,Spain,Madrid,Cycling Helmet,Sports,472.32
446,447,38,2024-08-19,4,Shipping    was  fast  and  the  item  was  well-packaged.,John Garcia,Male,28,18-30,Spain,Madrid,Fitness Tracker,Sports,196.68
447,448,75,2025-12-25,4,"Excellent  product,  highly  recommend!",David Smith,Female,43,41-50,Netherlands,Amsterdam,Ice Skates,Sports,37.56
448,449,43,2024-03-10,5,Shipping  was  fast  and  the  item  was  well-packaged.,Olivia Hernandez,Male,53,51-60,Sweden,Stockholm,Cycling Helmet,Sports,472.32
449,450,92,2024-08-04,5,Amazing  value  for  the  price.,David Hernandez,Female,67,61-70,UK,London,Dumbbells,Sports,26.21
450,451,68,2023-04-18,5,"Excellent  product,  highly  recommend!",David Gonzalez,Female,57,51-60,Netherlands,Amsterdam,Ski Boots,Sports,340.2
451,452,42,2024-08-28,4,"Good  quality,  but  could  be  cheaper.",John Gonzalez,Female,69,61-70,UK,London,Hockey Stick,Sports,173.83
452,453,100,2023-04-23,4,Customer  support  was  very  helpful.,Jane Brown,Female,45,41-50,Austria,Vienna,Fitness Tracker,Sports,196.68
453,454,27,2025-09-17,4,Customer  support    was  very  helpful.,John Rodriguez,Male,23,18-30,UK,London,Baseball Glove,Sports,327.36
454,455,79,2024-07-30,3,"The  product  is  okay,  but  the  instructions  were  unclear.",John Jones,Female,35,31-40,Netherlands,Amsterdam,Boxing Gloves,Sports,262.32
455,456,2,2024-01-09,2,Product  did  not  meet  my  expectations.,Sarah Brown,Female,37,31-40,Spain,Madrid,Running Shoes,Sports,223.75
456,457,29,2024-12-12,3,"The  product  is  okay,  but  the  instructions  were  unclear.",Sophia Anderson,Female,26,18-30,Italy,Rome,Running Shoes,Sports,223.75
457,458,42,2025-07-05,4,"Good  quality,  but  could  be  cheaper.",John Gonzalez,Female,69,61-70,UK,London,Boxing Gloves,Sports,262.32
458,459,90,2023-06-16,4,Five  stars  for  the  quick  delivery.,John Wilson,Male,54,51-60,UK,London,Surfboard,Sports,275.43
459,460,92,2025-08-09,4,"Good  quality,  but  could  be  cheaper.",David Hernandez,Female,67,61-70,UK,London,Kayak,Sports,259.4
460,461,66,2025-10-11,4,The  quality  is  top-notch.,Isabella Martinez,Female,24,18-30,Sweden,Stockholm,Soccer Ball,Sports,41.26
461,462,85,2023-02-02,5,The    build  quality  is  impressive.,Jane Hernandez,Male,68,61-70,Belgium,Brussels,Cycling Helmet,Sports,472.32
462,463,5,2025-11-02,3,"Great  purchase,  very    satisfied.",Emma Miller,Female,41,41-50,Spain,Madrid,Fitness Tracker,Sports,196.68
463,464,73,2024-05-28,4,"Great  purchase,  very    satisfied.",Sarah Gonzalez,Male,40,31-40,Spain,Madrid,Ski Boots,Sports,340.2
464,465,43,2025-12-14,1,Disappointed    with  the  performance.,Olivia Hernandez,Male,53,51-60,Sweden,Stockholm,Ice Skates,Sports,37.56
465,466,49,2023-02-16,5,Shipping  was  fast  and  the  item  was  well-packaged.,Michael Smith,Female,61,61-70,Spain,Madrid,Kayak,Sports,259.4
466,467,29,2023-07-16,3,"The  product  is  okay,  but  the  instructions  were  unclear.",Sophia Anderson,Female,26,18-30,Italy,Rome,Kayak,Sports,259.4
467,468,12,2024-01-09,5,"Excellent  product,  highly  recommend!",James Lopez,Female,43,41-50,Belgium,Brussels,Ice Skates,Sports,37.56
468,469,54,2023-10-06,4,Customer  support  was  very  helpful.,Michael Gonzalez,Female,24,18-30,Italy,Rome,Swim Goggles,Sports,145.97
469,470,46,2025-10-24,4,Customer  support  was  very  helpful.,Chris Johnson,Male,52,51-60,Spain,Madrid,Running Shoes,Sports,223.75
470,471,88,2024-04-26,5,The  quality  is  top-notch.,James Brown,Male,42,41-50,France,Paris,Dumbbells,Sports,26.21
471,472,69,2024-12-05,4,Shipping  was  fast  and  the  item  was  well-packaged.,Emma Gonzalez,Male,26,18-30,Spain,Madrid,Football Helmet,Sports,44.75
472,473,7,2024-08-03,1,The  product  arrived  late.,Laura Miller,Male,35,31-40,Belgium,Brussels,Hockey Stick,Sports,173.83
473,474,47,2025-05-31,3,"Good  quality,  but  could  be  cheaper.",Sophia Thomas,Male,69,61-70,Netherlands,Amsterdam,Boxing Gloves,Sports,262.32
474,475,74,2023-04-18,4,The  quality  is  top-notch.,Jane Smith,Male,33,31-40,UK,London,Boxing Gloves,Sports,262.32
475,476,54,2023-12-12,4,Customer  support    was  very  helpful.,Michael Gonzalez,Female,24,18-30,Italy,Rome,Golf Clubs,Sports,81.59
476,477,91,2025-04-25,4,The    quality  is  top-notch.,John Brown,Female,62,61-70,Spain,Madrid,Golf Clubs,Sports,81.59
477,478,79,2023-07-23,5,The  build  quality  is  impressive.,John Jones,Female,35,31-40,Netherlands,Amsterdam,Tennis Racket,Sports,36.07
478,479,7,2024-12-28,4,Customer  support  was  very  helpful.,Laura Miller,Male,35,31-40,Belgium,Brussels,Swim Goggles,Sports,145.97
479,480,90,2023-07-22,5,"Great  purchase,  very  satisfied.",John Wilson,Male,54,51-60,UK,London,Baseball Glove,Sports,327.36
480,481,21,2024-12-02,4,Shipping  was  fast  and  the  item  was  well-packaged.,Olivia Gonzalez,Female,40,31-40,Spain,Madrid,Fitness Tracker,Sports,196.68
481,482,49,2025-07-11,5,Amazing  value  for  the  price.,Michael Smith,Female,61,61-70,Spain,Madrid,Golf Clubs,Sports,81.59
482,483,28,2024-06-29,2,The  product  arrived  late.,Emily Davis,Female,18,,Switzerland,Zurich,Boxing Gloves,Sports,262.32
483,484,36,2023-08-22,1,The  product  arrived  late.,Emma Johnson,Female,63,61-70,France,Paris,Golf Clubs,Sports,81.59
484,485,66,2025-06-10,5,"I  love  this  product,  will  buy  again!",Isabella Martinez,Female,24,18-30,Sweden,Stockholm,Volleyball,Sports,42.8
485,486,44,2024-01-20,3,Not  worth  the  money.,Olivia Brown,Female,59,51-60,Switzerland,Zurich,Yoga Mat,Sports,485.32
486,487,78,2025-05-01,1,I  had  a  bad  experience  with  this  product.,Olivia Smith,Female,24,18-30,Sweden,Stockholm,Yoga Mat,Sports,485.32
487,488,89,2025-02-24,5,Exceeded  my  expectations!,Alex Rodriguez,Male,22,18-30,Sweden,Stockholm,Ice Skates,Sports,37.56
488,489,15,2023-11-09,4,Five  stars    for  the  quick  delivery.,Emma Martinez,Male,32,31-40,Switzerland,Zurich,Football Helmet,Sports,44.75
489,490,46,2025-07-05,4,Five  stars  for  the  quick  delivery.,Chris Johnson,Male,52,51-60,Spain,Madrid,Ski Boots,Sports,340.2
490,491,59,2023-06-22,4,"Great  purchase,  very  satisfied.",James Smith,Female,44,41-50,Netherlands,Amsterdam,Tennis Racket,Sports,36.07
491,492,94,2025-03-19,2,"The  product  is  okay,  but  the  instructions  were  unclear.",Jane Anderson,Male,48,41-50,Belgium,Brussels,Boxing Gloves,Sports,262.32
492,493,26,2024-07-16,5,"I  love  this  product,  will  buy  again!",Isabella Thomas,Male,31,31-40,UK,London,Fitness Tracker,Sports,196.68
493,494,2,2025-05-25,5,Five  stars  for  the  quick  delivery.,Sarah Brown,Female,37,31-40,Spain,Madrid,Swim Goggles,Sports,145.97
494,495,56,2023-04-26,4,Customer  support  was  very  helpful.,Sophia Davis,Female,66,61-70,Switzerland,Zurich,Basketball,Sports,225.12
495,496,87,2024-01-29,5,Exceeded  my  expectations!,Emma Hernandez,Male,41,41-50,Spain,Madrid,Running Shoes,Sports,223.75
496,497,90,2024-02-21,4,Customer  support  was  very  helpful.,John Wilson,Male,54,51-60,UK,London,Tennis Racket,Sports,36.07
497,498,81,2025-01-17,3,"The  product  is  okay,  but  the  instructions  were  unclear.",Emily Wilson,Male,38,31-40,Switzerland,Zurich,Surfboard,Sports,275.43
498,499,72,2024-08-26,4,Shipping  was  fast  and  the  item  was  well-packaged.,Sophia Miller,Female,34,31-40,Sweden,Stockholm,Tennis Racket,Sports,36.07
499,500,57,2025-12-20,2,Not  worth  the  money.,James Rodriguez,Male,48,41-50,Spain,Madrid,Baseball Glove,Sports,327.36
500,501,39,2023-12-01,4,Customer  support  was    very  helpful.,Jane Miller,Female,64,61-70,Italy,Rome,Ice Skates,Sports,37.56
501,502,5,2025-11-10,2,Product    did  not  meet  my  expectations.,Emma Miller,Female,41,41-50,Spain,Madrid,Running Shoes,Sports,223.75
502,503,5,2024-07-03,2,Product  did  not  meet    my  expectations.,Emma Miller,Female,41,41-50,Spain,Madrid,Kayak,Sports,259.4
503,504,35,2024-01-18,4,Five  stars  for  the  quick  delivery.,Robert Rodriguez,Female,46,41-50,Germany,Berlin,Football Helmet,Sports,44.75
504,505,82,2024-07-11,5,"Great  purchase,  very  satisfied.",Laura Gonzalez,Male,43,41-50,UK,London,Fitness Tracker,Sports,196.68
505,506,80,2025-10-19,2,"Average  experience,    nothing  special.",Laura Jones,Female,25,18-30,Netherlands,Amsterdam,Football Helmet,Sports,44.75
506,507,66,2024-12-10,3,Customer  support    was  very  helpful.,Isabella Martinez,Female,24,18-30,Sweden,Stockholm,Yoga Mat,Sports,485.32
507,508,64,2025-01-19,3,"Good  quality,  but  could  be    cheaper.",Sarah Martinez,Female,62,61-70,Belgium,Brussels,Cycling Helmet,Sports,472.32
508,509,5,2024-05-25,5,The  quality  is  top-notch.,Emma Miller,Female,41,41-50,Spain,Madrid,Ski Boots,Sports,340.2
509,510,20,2024-11-05,4,"Great  purchase,  very  satisfied.",David Johnson,Male,22,18-30,UK,London,Tennis Racket,Sports,36.07
510,511,55,2025-04-01,1,Not    worth  the  money.,Emily Lopez,Female,60,51-60,UK,London,Climbing Rope,Sports,410.17
511,512,11,2025-01-15,3,Shipping  was  fast  and  the  item  was  well-packaged.,Emma Garcia,Male,54,51-60,Austria,Vienna,Running Shoes,Sports,223.75
512,513,21,2025-11-09,5,Amazing  value    for  the  price.,Olivia Gonzalez,Female,40,31-40,Spain,Madrid,Yoga Mat,Sports,485.32
513,514,72,2023-06-18,2,"Average  experience,  nothing  special.",Sophia Miller,Female,34,31-40,Sweden,Stockholm,Climbing Rope,Sports,410.17
514,515,89,2024-12-06,3,"The  product  is  okay,  but  the  instructions  were  unclear.",Alex Rodriguez,Male,22,18-30,Sweden,Stockholm,Yoga Mat,Sports,485.32
515,516,46,2025-01-03,4,The  quality    is  top-notch.,Chris Johnson,Male,52,51-60,Spain,Madrid,Volleyball,Sports,42.8
516,517,29,2024-03-30,5,"Great  purchase,  very    satisfied.",Sophia Anderson,Female,26,18-30,Italy,Rome,Dumbbells,Sports,26.21
517,518,17,2024-04-27,4,"Good  quality,  but  could  be  cheaper.",Daniel Thomas,Female,46,41-50,Germany,Berlin,Ice Skates,Sports,37.56
518,519,58,2023-03-06,3,"The  product  is  okay,  but  the  instructions  were  unclear.",Jane Williams,Male,34,31-40,Austria,Vienna,Dumbbells,Sports,26.21
519,520,63,2024-08-24,3,"Good  quality,  but  could  be  cheaper.",John Davis,Male,27,18-30,Switzerland,Zurich,Running Shoes,Sports,223.75
520,521,47,2024-03-31,2,Product  did  not  meet  my  expectations.,Sophia Thomas,Male,69,61-70,Netherlands,Amsterdam,Soccer Ball,Sports,41.26
521,522,8,2023-08-04,1,Product    did  not  meet  my  expectations.,James Gonzalez,Female,18,,Sweden,Stockholm,Golf Clubs,Sports,81.59
522,523,8,2023-12-07,5,Shipping  was  fast  and  the  item  was  well-packaged.,James Gonzalez,Female,18,,Sweden,Stockholm,Ice Skates,Sports,37.56
523,524,27,2025-09-01,4,The  quality  is  top-notch.,John Rodriguez,Male,23,18-30,UK,London,Dumbbells,Sports,26.21
524,525,1,2023-11-23,4,"I  love  this  product,  will  buy  again!",Emma Anderson,Male,50,41-50,Germany,Berlin,Running Shoes,Sports,223.75
525,526,74,2025-05-20,3,"Good    quality,  but  could  be  cheaper.",Jane Smith,Male,33,31-40,UK,London,Yoga Mat,Sports,485.32
526,527,27,2024-07-03,3,Not  worth    the  money.,John Rodriguez,Male,23,18-30,UK,London,Cycling Helmet,Sports,472.32
527,528,81,2024-11-09,5,Five  stars  for  the  quick  delivery.,Emily Wilson,Male,38,31-40,Switzerland,Zurich,Kayak,Sports,259.4
528,529,19,2025-05-05,4,Five  stars    for  the  quick  delivery.,Emma Wilson,Female,36,31-40,Netherlands,Amsterdam,Ski Boots,Sports,340.2
529,530,48,2025-11-24,5,"Great  purchase,  very  satisfied.",Alex Gonzalez,Female,48,41-50,Belgium,Brussels,Golf Clubs,Sports,81.59
530,531,65,2024-07-21,5,Exceeded  my  expectations!,Olivia Rodriguez,Female,31,31-40,Italy,Rome,Yoga Mat,Sports,485.32
531,532,6,2023-05-30,5,The  quality  is  top-notch.,Daniel Rodriguez,Male,31,31-40,Belgium,Brussels,Tennis Racket,Sports,36.07
532,533,92,2024-04-06,4,The  quality  is  top-notch.,David Hernandez,Female,67,61-70,UK,London,Tennis Racket,Sports,36.07
533,534,41,2025-07-02,4,"Great  purchase,  very  satisfied.",Laura Wilson,Male,45,41-50,Germany,Berlin,Fitness Tracker,Sports,196.68
534,535,85,2023-03-25,4,"I  love  this  product,  will  buy  again!",Jane Hernandez,Male,68,61-70,Belgium,Brussels,Swim Goggles,Sports,145.97
535,536,33,2024-12-29,2,Not  worth  the  money.,David Thomas,Male,22,18-30,Spain,Madrid,Hockey Stick,Sports,173.83
536,537,8,2023-03-11,4,Shipping  was  fast  and  the  item    was  well-packaged.,James Gonzalez,Female,18,,Sweden,Stockholm,Baseball Glove,Sports,327.36
537,538,29,2025-11-12,4,"Good  quality,  but  could  be  cheaper.",Sophia Anderson,Female,26,18-30,Italy,Rome,Kayak,Sports,259.4
538,539,74,2024-12-02,4,The  quality  is  top-notch.,Jane Smith,Male,33,31-40,UK,London,Surfboard,Sports,275.43
539,540,28,2025-12-09,3,"Good  quality,  but  could  be  cheaper.",Emily Davis,Female,18,,Switzerland,Zurich,Volleyball,Sports,42.8
540,541,73,2025-08-08,5,"I  love  this  product,  will  buy  again!",Sarah Gonzalez,Male,40,31-40,Spain,Madrid,Boxing Gloves,Sports,262.32
541,542,49,2023-07-11,1,"Not    satisfied,  the  product  broke  after  a  week.",Michael Smith,Female,61,61-70,Spain,Madrid,Soccer Ball,Sports,41.26
542,543,64,2023-10-31,5,The  build  quality  is  impressive.,Sarah Martinez,Female,62,61-70,Belgium,Brussels,Surfboard,Sports,275.43
543,544,65,2023-10-29,5,The  quality  is  top-notch.,Olivia Rodriguez,Female,31,31-40,Italy,Rome,Tennis Racket,Sports,36.07
544,545,45,2024-06-11,4,Customer  support  was  very  helpful.,Sarah Hernandez,Female,36,31-40,Italy,Rome,Swim Goggles,Sports,145.97
545,546,33,2024-11-14,5,Exceeded  my  expectations!,David Thomas,Male,22,18-30,Spain,Madrid,Running Shoes,Sports,223.75
546,547,28,2024-05-28,1,The  product  arrived  late.,Emily Davis,Female,18,,Switzerland,Zurich,Ski Boots,Sports,340.2
547,548,40,2023-01-11,5,Amazing  value  for  the  price.,Olivia Thomas,Female,67,61-70,Germany,Berlin,Ice Skates,Sports,37.56
548,549,73,2025-04-06,4,Five  stars  for  the  quick    delivery.,Sarah Gonzalez,Male,40,31-40,Spain,Madrid,Climbing Rope,Sports,410.17
549,550,51,2024-10-07,3,Shipping  was  fast  and  the  item  was  well-packaged.,Michael Davis,Female,63,61-70,Austria,Vienna,Ice Skates,Sports,37.56
550,551,45,2025-04-17,3,"Good  quality,  but  could  be  cheaper.",Sarah Hernandez,Female,36,31-40,Italy,Rome,Fitness Tracker,Sports,196.68
551,552,68,2023-07-28,4,"Great  purchase,  very  satisfied.",David Gonzalez,Female,57,51-60,Netherlands,Amsterdam,Running Shoes,Sports,223.75
552,553,60,2025-04-26,5,Customer  support  was  very  helpful.,John Thomas,Male,53,51-60,Netherlands,Amsterdam,Boxing Gloves,Sports,262.32
553,554,18,2024-08-16,2,The  product  arrived  late.,Robert Lopez,Female,38,31-40,Italy,Rome,Running Shoes,Sports,223.75
554,555,69,2025-11-24,5,Customer  support  was  very  helpful.,Emma Gonzalez,Male,26,18-30,Spain,Madrid,Volleyball,Sports,42.8
555,556,91,2025-01-04,4,"Great  purchase,  very  satisfied.",John Brown,Female,62,61-70,Spain,Madrid,Tennis Racket,Sports,36.07
556,557,55,2024-07-28,3,"Great  purchase,    very  satisfied.",Emily Lopez,Female,60,51-60,UK,London,Golf Clubs,Sports,81.59
557,558,83,2025-02-11,4,"I  love  this  product,  will  buy  again!",Emily Jones,Male,20,18-30,Switzerland,Zurich,Swim Goggles,Sports,145.97
558,559,46,2024-05-16,4,"I  love  this  product,  will  buy  again!",Chris Johnson,Male,52,51-60,Spain,Madrid,Ice Skates,Sports,37.56
559,560,24,2024-11-08,5,Exceeded  my  expectations!,Chris Hernandez,Male,25,18-30,Italy,Rome,Tennis Racket,Sports,36.07
560,561,6,2025-02-27,1,The  product  stopped  working  after  a  month.,Daniel Rodriguez,Male,31,31-40,Belgium,Brussels,Soccer Ball,Sports,41.26
561,562,41,2024-02-25,3,Not  worth  the  money.,Laura Wilson,Male,45,41-50,Germany,Berlin,Soccer Ball,Sports,41.26
562,563,86,2025-02-27,4,"Good  quality,  but  could  be  cheaper.",James Hernandez,Male,63,61-70,Austria,Vienna,Swim Goggles,Sports,145.97
563,564,9,2025-10-13,5,Customer  support  was  very  helpful.,Emily Thomas,Male,29,18-30,Austria,Vienna,Ice Skates,Sports,37.56
564,565,60,2024-06-30,1,"Terrible  customer  service,  would  not    buy  again.",John Thomas,Male,53,51-60,Netherlands,Amsterdam,Boxing Gloves,Sports,262.32
565,566,89,2025-08-15,4,Five    stars  for  the  quick  delivery.,Alex Rodriguez,Male,22,18-30,Sweden,Stockholm,Golf Clubs,Sports,81.59
566,567,78,2024-02-21,5,Shipping  was  fast  and  the  item  was  well-packaged.,Olivia Smith,Female,24,18-30,Sweden,Stockholm,Kayak,Sports,259.4
567,568,17,2024-08-04,4,"I  love  this  product,  will  buy  again!",Daniel Thomas,Female,46,41-50,Germany,Berlin,Swim Goggles,Sports,145.97
568,569,58,2024-07-17,5,Exceeded  my    expectations!,Jane Williams,Male,34,31-40,Austria,Vienna,Baseball Glove,Sports,327.36
569,570,50,2025-04-29,4,Customer  support  was  very  helpful.,Olivia Miller,Male,36,31-40,France,Paris,Climbing Rope,Sports,410.17
570,571,2,2024-10-15,3,"Average  experience,  nothing  special.",Sarah Brown,Female,37,31-40,Spain,Madrid,Football Helmet,Sports,44.75
571,572,37,2025-04-23,4,"Great  purchase,  very    satisfied.",Olivia Lopez,Female,44,41-50,Germany,Berlin,Kayak,Sports,259.4
572,573,57,2024-04-27,4,Customer  support  was  very  helpful.,James Rodriguez,Male,48,41-50,Spain,Madrid,Football Helmet,Sports,44.75
573,574,72,2025-10-13,5,Shipping  was  fast  and  the  item  was  well-packaged.,Sophia Miller,Female,34,31-40,Sweden,Stockholm,Baseball Glove,Sports,327.36
574,575,93,2025-09-19,5,"Great  purchase,  very  satisfied.",Jane Rodriguez,Female,41,41-50,Spain,Madrid,Cycling Helmet,Sports,472.32
575,576,71,2025-10-04,5,Amazing  value  for  the  price.,Isabella Miller,Female,25,18-30,Italy,Rome,Baseball Glove,Sports,327.36
576,577,65,2024-04-18,4,"I  love  this  product,  will  buy  again!",Olivia Rodriguez,Female,31,31-40,Italy,Rome,Baseball Glove,Sports,327.36
577,578,32,2023-08-01,5,The  quality  is  top-notch.,Laura Anderson,Female,29,18-30,Spain,Madrid,Climbing Rope,Sports,410.17
578,579,24,2024-01-16,4,"Good  quality,  but  could  be  cheaper.",Chris Hernandez,Male,25,18-30,Italy,Rome,Football Helmet,Sports,44.75
579,580,48,2025-04-15,3,"Average    experience,  nothing  special.",Alex Gonzalez,Female,48,41-50,Belgium,Brussels,Running Shoes,Sports,223.75
580,581,69,2024-03-19,4,The  quality  is  top-notch.,Emma Gonzalez,Male,26,18-30,Spain,Madrid,Volleyball,Sports,42.8
581,582,65,2023-01-29,5,Exceeded  my    expectations!,Olivia Rodriguez,Female,31,31-40,Italy,Rome,Baseball Glove,Sports,327.36
582,583,88,2025-07-03,5,Five  stars  for  the  quick  delivery.,James Brown,Male,42,41-50,France,Paris,Football Helmet,Sports,44.75
583,584,70,2024-12-04,4,Exceeded  my  expectations!,James Garcia,Female,31,31-40,Belgium,Brussels,Boxing Gloves,Sports,262.32
584,585,87,2025-10-23,4,"I  love  this  product,  will  buy  again!",Emma Hernandez,Male,41,41-50,Spain,Madrid,Ice Skates,Sports,37.56
585,586,7,2023-04-11,2,Not  worth  the  money.,Laura Miller,Male,35,31-40,Belgium,Brussels,Surfboard,Sports,275.43
586,587,31,2025-08-31,3,Not  worth    the  money.,Daniel Jones,Male,33,31-40,Austria,Vienna,Surfboard,Sports,275.43
587,588,39,2025-09-03,3,Shipping  was  fast  and  the  item  was  well-packaged.,Jane Miller,Female,64,61-70,Italy,Rome,Volleyball,Sports,42.8
588,589,64,2024-03-21,3,Not    worth  the  money.,Sarah Martinez,Female,62,61-70,Belgium,Brussels,Dumbbells,Sports,26.21
589,590,27,2024-09-13,3,Not  worth  the  money.,John Rodriguez,Male,23,18-30,UK,London,Dumbbells,Sports,26.21
590,591,65,2024-10-29,5,Five  stars    for  the  quick  delivery.,Olivia Rodriguez,Female,31,31-40,Italy,Rome,Ice Skates,Sports,37.56
591,592,100,2025-01-18,3,"The  product  is  okay,  but  the  instructions  were  unclear.",Jane Brown,Female,45,41-50,Austria,Vienna,Running Shoes,Sports,223.75
592,593,62,2025-06-12,5,The  build  quality  is  impressive.,Michael Hernandez,Male,60,51-60,Sweden,Stockholm,Football Helmet,Sports,44.75
593,594,14,2025-10-01,2,Not  worth  the  money.,Olivia Wilson,Male,60,51-60,Spain,Madrid,Dumbbells,Sports,26.21
594,595,46,2025-09-18,4,Exceeded    my  expectations!,Chris Johnson,Male,52,51-60,Spain,Madrid,Soccer Ball,Sports,41.26
595,596,48,2025-06-27,3,"Good  quality,  but  could    be  cheaper.",Alex Gonzalez,Female,48,41-50,Belgium,Brussels,Climbing Rope,Sports,410.17
596,597,11,2025-09-07,5,The  quality  is  top-notch.,Emma Garcia,Male,54,51-60,Austria,Vienna,Running Shoes,Sports,223.75
597,598,3,2023-08-04,5,Amazing  value  for  the  price.,Robert Hernandez,Female,26,18-30,Netherlands,Amsterdam,Fitness Tracker,Sports,196.68
598,599,94,2025-08-01,5,Customer  support  was  very  helpful.,Jane Anderson,Male,48,41-50,Belgium,Brussels,Hockey Stick,Sports,173.83
599,600,65,2025-01-11,2,Not  worth    the  money.,Olivia Rodriguez,Female,31,31-40,Italy,Rome,Yoga Mat,Sports,485.32
600,601,25,2025-07-31,5,Amazing    value  for  the  price.,David Anderson,Male,26,18-30,Italy,Rome,Ski Boots,Sports,340.2
601,602,56,2023-02-08,3,Not  worth  the  money.,Sophia Davis,Female,66,61-70,Switzerland,Zurich,Football Helmet,Sports,44.75
602,603,88,2024-07-02,5,Exceeded  my  expectations!,James Brown,Male,42,41-50,France,Paris,Dumbbells,Sports,26.21
603,604,87,2023-06-10,3,"Average  experience,  nothing    special.",Emma Hernandez,Male,41,41-50,Spain,Madrid,Fitness Tracker,Sports,196.68
604,605,1,2023-06-17,3,"The  product  is  okay,  but  the  instructions  were  unclear.",Emma Anderson,Male,50,41-50,Germany,Berlin,Yoga Mat,Sports,485.32
605,606,48,2023-10-14,5,The  build  quality  is  impressive.,Alex Gonzalez,Female,48,41-50,Belgium,Brussels,Football Helmet,Sports,44.75
606,607,25,2025-07-07,3,"Great  purchase,  very  satisfied.",David Anderson,Male,26,18-30,Italy,Rome,Cycling Helmet,Sports,472.32
607,608,7,2023-03-21,4,"Great  purchase,  very  satisfied.",Laura Miller,Male,35,31-40,Belgium,Brussels,Baseball Glove,Sports,327.36
608,609,40,2025-10-23,3,"Average  experience,  nothing  special.",Olivia Thomas,Female,67,61-70,Germany,Berlin,Golf Clubs,Sports,81.59
609,610,69,2025-01-29,5,"Great  purchase,  very  satisfied.",Emma Gonzalez,Male,26,18-30,Spain,Madrid,Yoga Mat,Sports,485.32
610,611,6,2023-12-06,2,"Average  experience,  nothing  special.",Daniel Rodriguez,Male,31,31-40,Belgium,Brussels,Dumbbells,Sports,26.21
611,612,38,2025-06-17,4,"I  love  this  product,  will  buy  again!",John Garcia,Male,28,18-30,Spain,Madrid,Fitness Tracker,Sports,196.68
612,613,48,2025-02-10,3,"The  product  is  okay,  but  the  instructions    were  unclear.",Alex Gonzalez,Female,48,41-50,Belgium,Brussels,Ice Skates,Sports,37.56
613,614,23,2025-01-20,3,"I  love  this  product,  will  buy  again!",Isabella Garcia,Female,37,31-40,Italy,Rome,Fitness Tracker,Sports,196.68
614,615,98,2025-01-08,5,"Excellent    product,  highly  recommend!",Chris Lopez,Female,55,51-60,Austria,Vienna,Running Shoes,Sports,223.75
615,616,38,2023-11-14,5,Shipping  was  fast  and  the  item  was  well-packaged.,John Garcia,Male,28,18-30,Spain,Madrid,Boxing Gloves,Sports,262.32
616,617,29,2025-12-22,4,Customer  support  was  very  helpful.,Sophia Anderson,Female,26,18-30,Italy,Rome,Climbing Rope,Sports,410.17
617,618,45,2024-08-21,4,Shipping  was  fast  and  the  item    was  well-packaged.,Sarah Hernandez,Female,36,31-40,Italy,Rome,Basketball,Sports,225.12
618,619,68,2023-12-06,5,Customer  support  was  very  helpful.,David Gonzalez,Female,57,51-60,Netherlands,Amsterdam,Cycling Helmet,Sports,472.32
619,620,100,2024-10-22,5,Five  stars  for  the  quick  delivery.,Jane Brown,Female,45,41-50,Austria,Vienna,Running Shoes,Sports,223.75
620,621,70,2025-05-13,2,The  product  arrived  late.,James Garcia,Female,31,31-40,Belgium,Brussels,Cycling Helmet,Sports,472.32
621,622,30,2025-12-22,4,The  quality    is  top-notch.,Alex Garcia,Female,33,31-40,Belgium,Brussels,Dumbbells,Sports,26.21
622,623,5,2025-06-15,3,"Good  quality,  but  could  be  cheaper.",Emma Miller,Female,41,41-50,Spain,Madrid,Running Shoes,Sports,223.75
623,624,82,2023-11-28,5,Customer  support  was  very  helpful.,Laura Gonzalez,Male,43,41-50,UK,London,Cycling Helmet,Sports,472.32
624,625,32,2023-02-20,5,"Great  purchase,  very    satisfied.",Laura Anderson,Female,29,18-30,Spain,Madrid,Golf Clubs,Sports,81.59
625,626,38,2025-12-18,5,Exceeded  my  expectations!,John Garcia,Male,28,18-30,Spain,Madrid,Ski Boots,Sports,340.2
626,627,18,2023-06-26,5,Amazing  value  for    the  price.,Robert Lopez,Female,38,31-40,Italy,Rome,Tennis Racket,Sports,36.07
627,628,22,2025-08-30,3,"Average  experience,  nothing  special.",Alex Wilson,Male,53,51-60,Germany,Berlin,Dumbbells,Sports,26.21
628,629,16,2024-07-28,5,Exceeded  my    expectations!,Michael Martinez,Male,40,31-40,Italy,Rome,Boxing Gloves,Sports,262.32
629,630,31,2024-08-14,4,The  quality  is    top-notch.,Daniel Jones,Male,33,31-40,Austria,Vienna,Golf Clubs,Sports,81.59
630,631,73,2024-10-30,4,"Good  quality,  but  could  be    cheaper.",Sarah Gonzalez,Male,40,31-40,Spain,Madrid,Ice Skates,Sports,37.56
631,632,40,2023-02-24,3,"Average  experience,    nothing  special.",Olivia Thomas,Female,67,61-70,Germany,Berlin,Boxing Gloves,Sports,262.32
632,633,52,2023-12-26,2,The    product  arrived  late.,Robert Williams,Female,41,41-50,Switzerland,Zurich,Yoga Mat,Sports,485.32
633,634,27,2024-02-25,4,"Good  quality,  but  could  be    cheaper.",John Rodriguez,Male,23,18-30,UK,London,Swim Goggles,Sports,145.97
634,635,85,2023-02-22,3,"The  product  is  okay,  but  the  instructions  were    unclear.",Jane Hernandez,Male,68,61-70,Belgium,Brussels,Kayak,Sports,259.4
635,636,37,2023-12-18,4,Shipping  was  fast  and  the  item  was  well-packaged.,Olivia Lopez,Female,44,41-50,Germany,Berlin,Swim Goggles,Sports,145.97
636,637,17,2024-08-21,3,"Good  quality,  but  could  be  cheaper.",Daniel Thomas,Female,46,41-50,Germany,Berlin,Basketball,Sports,225.12
637,638,63,2025-08-23,2,"Good  quality,  but  could  be  cheaper.",John Davis,Male,27,18-30,Switzerland,Zurich,Kayak,Sports,259.4
638,639,14,2024-07-07,5,Amazing  value  for  the  price.,Olivia Wilson,Male,60,51-60,Spain,Madrid,Ice Skates,Sports,37.56
639,640,23,2024-08-09,3,"The  product  is  okay,    but  the  instructions  were  unclear.",Isabella Garcia,Female,37,31-40,Italy,Rome,Cycling Helmet,Sports,472.32
640,641,58,2024-01-05,1,I  had  a  bad  experience  with  this  product.,Jane Williams,Male,34,31-40,Austria,Vienna,Baseball Glove,Sports,327.36
641,642,53,2025-04-28,2,Disappointed  with  the  performance.,Emma Thomas,Female,19,18-30,Germany,Berlin,Surfboard,Sports,275.43
642,643,89,2024-01-07,5,"Excellent  product,  highly  recommend!",Alex Rodriguez,Male,22,18-30,Sweden,Stockholm,Kayak,Sports,259.4
643,644,97,2023-11-25,5,Customer  support  was  very  helpful.,Emily Rodriguez,Female,51,51-60,France,Paris,Golf Clubs,Sports,81.59
644,645,23,2023-11-02,5,Customer  support    was  very  helpful.,Isabella Garcia,Female,37,31-40,Italy,Rome,Boxing Gloves,Sports,262.32
645,646,75,2023-10-09,5,"I    love  this  product,  will  buy  again!",David Smith,Female,43,41-50,Netherlands,Amsterdam,Fitness Tracker,Sports,196.68
646,647,68,2023-01-03,4,Customer  support  was    very  helpful.,David Gonzalez,Female,57,51-60,Netherlands,Amsterdam,Fitness Tracker,Sports,196.68
647,648,76,2023-03-19,4,"I  love  this  product,  will  buy  again!",Michael Lopez,Female,26,18-30,Austria,Vienna,Soccer Ball,Sports,41.26
648,649,8,2025-02-05,2,Not  worth  the  money.,James Gonzalez,Female,18,,Sweden,Stockholm,Surfboard,Sports,275.43
649,650,28,2024-11-08,4,Five  stars  for  the  quick  delivery.,Emily Davis,Female,18,,Switzerland,Zurich,Yoga Mat,Sports,485.32
650,651,38,2024-09-10,4,"Good  quality,  but  could  be  cheaper.",John Garcia,Male,28,18-30,Spain,Madrid,Baseball Glove,Sports,327.36
651,652,39,2025-05-06,5,The  quality  is  top-notch.,Jane Miller,Female,64,61-70,Italy,Rome,Hockey Stick,Sports,173.83
652,653,66,2025-01-14,5,Amazing  value  for  the  price.,Isabella Martinez,Female,24,18-30,Sweden,Stockholm,Kayak,Sports,259.4
653,654,46,2023-01-01,1,The  color  was  different  from  what  was  shown.,Chris Johnson,Male,52,51-60,Spain,Madrid,Football Helmet,Sports,44.75
654,655,63,2023-04-06,4,The  quality  is  top-notch.,John Davis,Male,27,18-30,Switzerland,Zurich,Kayak,Sports,259.4
655,656,17,2024-07-22,3,"Good  quality,    but  could  be  cheaper.",Daniel Thomas,Female,46,41-50,Germany,Berlin,Ski Boots,Sports,340.2
656,657,35,2025-10-18,5,"Excellent  product,  highly  recommend!",Robert Rodriguez,Female,46,41-50,Germany,Berlin,Ski Boots,Sports,340.2
657,658,3,2025-06-16,1,Not  worth  the    money.,Robert Hernandez,Female,26,18-30,Netherlands,Amsterdam,Volleyball,Sports,42.8
658,659,29,2023-03-16,5,The  build  quality  is  impressive.,Sophia Anderson,Female,26,18-30,Italy,Rome,Boxing Gloves,Sports,262.32
659,660,62,2023-10-06,5,Shipping  was  fast  and  the  item  was  well-packaged.,Michael Hernandez,Male,60,51-60,Sweden,Stockholm,Soccer Ball,Sports,41.26
660,661,40,2025-09-20,2,"Average  experience,  nothing  special.",Olivia Thomas,Female,67,61-70,Germany,Berlin,Volleyball,Sports,42.8
661,662,15,2025-03-24,4,Shipping  was  fast  and  the  item  was  well-packaged.,Emma Martinez,Male,32,31-40,Switzerland,Zurich,Soccer Ball,Sports,41.26
662,663,23,2025-05-26,5,"Excellent  product,  highly    recommend!",Isabella Garcia,Female,37,31-40,Italy,Rome,Golf Clubs,Sports,81.59
663,664,31,2025-08-11,3,"The  product  is  okay,  but  the  instructions  were  unclear.",Daniel Jones,Male,33,31-40,Austria,Vienna,Kayak,Sports,259.4
664,665,99,2024-01-03,2,Product  did  not  meet  my  expectations.,Laura Hernandez,Male,41,41-50,Italy,Rome,Ice Skates,Sports,37.56
665,666,53,2024-05-25,3,Not    worth  the  money.,Emma Thomas,Female,19,18-30,Germany,Berlin,Hockey Stick,Sports,173.83
666,667,80,2024-01-08,4,The  quality    is  top-notch.,Laura Jones,Female,25,18-30,Netherlands,Amsterdam,Cycling Helmet,Sports,472.32
667,668,55,2024-04-25,5,"Excellent  product,    highly  recommend!",Emily Lopez,Female,60,51-60,UK,London,Dumbbells,Sports,26.21
668,669,19,2025-12-31,4,Five  stars  for  the  quick  delivery.,Emma Wilson,Female,36,31-40,Netherlands,Amsterdam,Hockey Stick,Sports,173.83
669,670,53,2024-03-31,5,The  build  quality  is    impressive.,Emma Thomas,Female,19,18-30,Germany,Berlin,Swim Goggles,Sports,145.97
670,671,24,2023-03-28,3,"The  product  is  okay,  but  the  instructions  were  unclear.",Chris Hernandez,Male,25,18-30,Italy,Rome,Soccer Ball,Sports,41.26
671,672,95,2025-02-15,5,"Great    purchase,  very  satisfied.",James Jones,Male,43,41-50,Germany,Berlin,Cycling Helmet,Sports,472.32
672,673,74,2025-10-16,4,Customer  support  was  very  helpful.,Jane Smith,Male,33,31-40,UK,London,Ice Skates,Sports,37.56
673,674,29,2023-08-30,3,"The  product  is  okay,  but  the  instructions  were  unclear.",Sophia Anderson,Female,26,18-30,Italy,Rome,Running Shoes,Sports,223.75
674,675,24,2025-02-07,2,Not  worth  the  money.,Chris Hernandez,Male,25,18-30,Italy,Rome,Baseball Glove,Sports,327.36
675,676,6,2024-03-14,5,The  build  quality  is    impressive.,Daniel Rodriguez,Male,31,31-40,Belgium,Brussels,Ice Skates,Sports,37.56
676,677,6,2024-03-29,4,Five    stars  for  the  quick  delivery.,Daniel Rodriguez,Male,31,31-40,Belgium,Brussels,Surfboard,Sports,275.43
677,678,49,2025-05-19,3,"Average  experience,  nothing  special.",Michael Smith,Female,61,61-70,Spain,Madrid,Baseball Glove,Sports,327.36
678,679,10,2025-09-29,2,Not  worth  the  money.,Chris Davis,Female,46,41-50,Germany,Berlin,Football Helmet,Sports,44.75
679,680,60,2025-06-12,4,Exceeded  my    expectations!,John Thomas,Male,53,51-60,Netherlands,Amsterdam,Boxing Gloves,Sports,262.32
680,681,48,2024-03-21,5,The  quality  is  top-notch.,Alex Gonzalez,Female,48,41-50,Belgium,Brussels,Kayak,Sports,259.4
681,682,80,2023-01-05,1,"Not  satisfied,  the  product  broke  after  a  week.",Laura Jones,Female,25,18-30,Netherlands,Amsterdam,Ski Boots,Sports,340.2
682,683,22,2025-04-06,3,"Good  quality,  but  could  be  cheaper.",Alex Wilson,Male,53,51-60,Germany,Berlin,Golf Clubs,Sports,81.59
683,684,92,2025-01-12,2,Product  did  not  meet  my  expectations.,David Hernandez,Female,67,61-70,UK,London,Ice Skates,Sports,37.56
684,685,86,2024-03-22,1,The  color  was  different  from  what  was  shown.,James Hernandez,Male,63,61-70,Austria,Vienna,Cycling Helmet,Sports,472.32
685,686,31,2023-05-09,5,"I    love  this  product,  will  buy  again!",Daniel Jones,Male,33,31-40,Austria,Vienna,Surfboard,Sports,275.43
686,687,86,2023-07-16,2,Not  worth  the  money.,James Hernandez,Male,63,61-70,Austria,Vienna,Surfboard,Sports,275.43
687,688,32,2025-07-07,4,Customer  support  was  very  helpful.,Laura Anderson,Female,29,18-30,Spain,Madrid,Ice Skates,Sports,37.56
688,689,34,2025-04-23,4,Customer  support  was  very  helpful.,Daniel Miller,Male,57,51-60,France,Paris,Kayak,Sports,259.4
689,690,61,2023-10-11,4,Five  stars  for  the  quick  delivery.,Emma Rodriguez,Female,67,61-70,Germany,Berlin,Hockey Stick,Sports,173.83
690,691,40,2024-07-27,3,Five  stars  for  the  quick  delivery.,Olivia Thomas,Female,67,61-70,Germany,Berlin,Basketball,Sports,225.12
691,692,64,2023-12-22,3,Not  worth  the    money.,Sarah Martinez,Female,62,61-70,Belgium,Brussels,Golf Clubs,Sports,81.59
692,693,58,2023-08-31,5,The  build  quality  is    impressive.,Jane Williams,Male,34,31-40,Austria,Vienna,Golf Clubs,Sports,81.59
693,694,27,2024-07-05,3,"Average  experience,  nothing  special.",John Rodriguez,Male,23,18-30,UK,London,Swim Goggles,Sports,145.97
694,695,13,2023-09-15,4,Customer  support    was  very  helpful.,David Wilson,Male,50,41-50,UK,London,Cycling Helmet,Sports,472.32
695,696,48,2023-10-07,4,Five  stars  for  the  quick  delivery.,Alex Gonzalez,Female,48,41-50,Belgium,Brussels,Ski Boots,Sports,340.2
696,697,13,2024-09-21,4,"Great  purchase,  very  satisfied.",David Wilson,Male,50,41-50,UK,London,Basketball,Sports,225.12
697,698,4,2023-06-28,3,"The  product  is  okay,  but  the  instructions  were  unclear.",David Garcia,Male,25,18-30,Sweden,Stockholm,Volleyball,Sports,42.8
698,699,42,2023-01-30,3,Not  worth  the  money.,John Gonzalez,Female,69,61-70,UK,London,Hockey Stick,Sports,173.83
699,700,14,2023-11-23,4,"I    love  this  product,  will  buy  again!",Olivia Wilson,Male,60,51-60,Spain,Madrid,Fitness Tracker,Sports,196.68
700,701,68,2023-01-02,5,Shipping  was  fast  and  the  item  was  well-packaged.,David Gonzalez,Female,57,51-60,Netherlands,Amsterdam,Dumbbells,Sports,26.21
701,702,92,2025-02-06,3,Not  worth  the  money.,David Hernandez,Female,67,61-70,UK,London,Yoga Mat,Sports,485.32
702,703,3,2024-04-17,5,Five  stars  for  the  quick  delivery.,Robert Hernandez,Female,26,18-30,Netherlands,Amsterdam,Kayak,Sports,259.4
703,704,8,2024-09-26,5,Exceeded  my  expectations!,James Gonzalez,Female,18,,Sweden,Stockholm,Boxing Gloves,Sports,262.32
704,705,88,2025-05-25,5,Exceeded    my  expectations!,James Brown,Male,42,41-50,France,Paris,Ski Boots,Sports,340.2
705,706,75,2024-01-03,5,Exceeded  my    expectations!,David Smith,Female,43,41-50,Netherlands,Amsterdam,Soccer Ball,Sports,41.26
706,707,96,2024-08-08,2,Not  worth  the  money.,Emily Gonzalez,Female,38,31-40,Austria,Vienna,Kayak,Sports,259.4
707,708,70,2024-01-20,5,The  build  quality  is  impressive.,James Garcia,Female,31,31-40,Belgium,Brussels,Surfboard,Sports,275.43
708,709,1,2023-02-25,5,Customer  support  was  very  helpful.,Emma Anderson,Male,50,41-50,Germany,Berlin,Kayak,Sports,259.4
709,710,88,2025-09-26,5,Customer  support  was  very  helpful.,James Brown,Male,42,41-50,France,Paris,Basketball,Sports,225.12
710,711,39,2023-12-07,5,"Excellent    product,  highly  recommend!",Jane Miller,Female,64,61-70,Italy,Rome,Ice Skates,Sports,37.56
711,712,53,2024-09-17,3,Not  worth  the  money.,Emma Thomas,Female,19,18-30,Germany,Berlin,Surfboard,Sports,275.43
712,713,55,2024-12-12,4,"I  love  this  product,  will  buy  again!",Emily Lopez,Female,60,51-60,UK,London,Ice Skates,Sports,37.56
713,714,76,2023-01-11,4,"Good  quality,  but  could  be  cheaper.",Michael Lopez,Female,26,18-30,Austria,Vienna,Fitness Tracker,Sports,196.68
714,715,13,2024-03-26,4,"Great  purchase,  very  satisfied.",David Wilson,Male,50,41-50,UK,London,Fitness Tracker,Sports,196.68
715,716,64,2023-08-12,3,"Good  quality,  but  could  be  cheaper.",Sarah Martinez,Female,62,61-70,Belgium,Brussels,Fitness Tracker,Sports,196.68
716,717,82,2025-03-07,5,Exceeded  my  expectations!,Laura Gonzalez,Male,43,41-50,UK,London,Running Shoes,Sports,223.75
717,718,30,2023-05-19,1,"Terrible  customer  service,  would  not  buy  again.",Alex Garcia,Female,33,31-40,Belgium,Brussels,Boxing Gloves,Sports,262.32
718,719,24,2025-12-03,2,"The  product  is  okay,  but  the  instructions  were  unclear.",Chris Hernandez,Male,25,18-30,Italy,Rome,Dumbbells,Sports,26.21
719,720,41,2025-08-05,5,Shipping  was  fast  and  the  item  was    well-packaged.,Laura Wilson,Male,45,41-50,Germany,Berlin,Dumbbells,Sports,26.21
720,721,4,2024-09-25,2,Not    worth  the  money.,David Garcia,Male,25,18-30,Sweden,Stockholm,Climbing Rope,Sports,410.17
721,722,68,2025-10-14,4,The  quality  is  top-notch.,David Gonzalez,Female,57,51-60,Netherlands,Amsterdam,Kayak,Sports,259.4
722,723,84,2023-11-22,2,The  product  arrived  late.,Michael Williams,Female,34,31-40,Spain,Madrid,Basketball,Sports,225.12
723,724,31,2024-01-21,4,Shipping  was  fast  and  the  item  was  well-packaged.,Daniel Jones,Male,33,31-40,Austria,Vienna,Yoga Mat,Sports,485.32
724,725,13,2025-09-30,4,The  quality  is  top-notch.,David Wilson,Male,50,41-50,UK,London,Tennis Racket,Sports,36.07
725,726,33,2024-10-16,5,Customer  support  was    very  helpful.,David Thomas,Male,22,18-30,Spain,Madrid,Boxing Gloves,Sports,262.32
726,727,39,2025-09-24,3,"Average  experience,  nothing  special.",Jane Miller,Female,64,61-70,Italy,Rome,Running Shoes,Sports,223.75
727,728,30,2024-08-23,5,Customer  support  was  very  helpful.,Alex Garcia,Female,33,31-40,Belgium,Brussels,Running Shoes,Sports,223.75
728,729,99,2023-03-17,1,Not  worth  the  money.,Laura Hernandez,Male,41,41-50,Italy,Rome,Baseball Glove,Sports,327.36
729,730,67,2025-01-15,4,The  quality  is    top-notch.,Alex Johnson,Female,56,51-60,Spain,Madrid,Tennis Racket,Sports,36.07
730,731,4,2023-07-13,5,The  build    quality  is  impressive.,David Garcia,Male,25,18-30,Sweden,Stockholm,Basketball,Sports,225.12
731,732,56,2025-03-02,4,"Excellent  product,  highly  recommend!",Sophia Davis,Female,66,61-70,Switzerland,Zurich,Boxing Gloves,Sports,262.32
732,733,75,2024-11-07,4,Customer  support  was  very  helpful.,David Smith,Female,43,41-50,Netherlands,Amsterdam,Swim Goggles,Sports,145.97
733,734,63,2024-03-10,5,Five  stars  for  the  quick  delivery.,John Davis,Male,27,18-30,Switzerland,Zurich,Fitness Tracker,Sports,196.68
734,735,22,2024-03-02,4,Customer  support  was  very  helpful.,Alex Wilson,Male,53,51-60,Germany,Berlin,Climbing Rope,Sports,410.17
735,736,72,2023-10-17,5,"Excellent  product,  highly  recommend!",Sophia Miller,Female,34,31-40,Sweden,Stockholm,Tennis Racket,Sports,36.07
736,737,45,2023-10-11,3,Not  worth  the  money.,Sarah Hernandez,Female,36,31-40,Italy,Rome,Climbing Rope,Sports,410.17
737,738,3,2025-08-22,4,"Good  quality,  but  could  be  cheaper.",Robert Hernandez,Female,26,18-30,Netherlands,Amsterdam,Ice Skates,Sports,37.56
738,739,70,2023-07-05,3,"Average  experience,  nothing  special.",James Garcia,Female,31,31-40,Belgium,Brussels,Volleyball,Sports,42.8
739,740,33,2025-02-05,2,"Good  quality,  but  could  be  cheaper.",David Thomas,Male,22,18-30,Spain,Madrid,Soccer Ball,Sports,41.26
740,741,3,2025-05-24,3,Not    worth  the  money.,Robert Hernandez,Female,26,18-30,Netherlands,Amsterdam,Baseball Glove,Sports,327.36
741,742,84,2025-03-03,3,"Good  quality,  but  could  be  cheaper.",Michael Williams,Female,34,31-40,Spain,Madrid,Basketball,Sports,225.12
742,743,89,2023-05-15,3,Not  worth  the  money.,Alex Rodriguez,Male,22,18-30,Sweden,Stockholm,Yoga Mat,Sports,485.32
743,744,63,2023-03-31,3,Not  worth  the  money.,John Davis,Male,27,18-30,Switzerland,Zurich,Hockey Stick,Sports,173.83
744,745,85,2024-05-17,5,Exceeded  my  expectations!,Jane Hernandez,Male,68,61-70,Belgium,Brussels,Ice Skates,Sports,37.56
745,746,24,2024-03-28,5,"I  love    this  product,  will  buy  again!",Chris Hernandez,Male,25,18-30,Italy,Rome,Swim Goggles,Sports,145.97
746,747,84,2023-04-27,5,"I  love  this  product,  will  buy  again!",Michael Williams,Female,34,31-40,Spain,Madrid,Running Shoes,Sports,223.75
747,748,100,2025-09-15,3,"Great  purchase,    very  satisfied.",Jane Brown,Female,45,41-50,Austria,Vienna,Swim Goggles,Sports,145.97
748,749,64,2025-06-28,2,Not  worth  the  money.,Sarah Martinez,Female,62,61-70,Belgium,Brussels,Swim Goggles,Sports,145.97
749,750,3,2024-06-20,4,The    quality  is  top-notch.,Robert Hernandez,Female,26,18-30,Netherlands,Amsterdam,Soccer Ball,Sports,41.26
750,751,58,2025-07-11,5,"I  love  this  product,  will  buy  again!",Jane Williams,Male,34,31-40,Austria,Vienna,Surfboard,Sports,275.43
751,752,7,2024-10-11,1,Not  worth  the  money.,Laura Miller,Male,35,31-40,Belgium,Brussels,Ice Skates,Sports,37.56
752,753,94,2023-01-29,5,The  build  quality  is  impressive.,Jane Anderson,Male,48,41-50,Belgium,Brussels,Dumbbells,Sports,26.21
753,754,55,2025-07-11,4,The  quality  is  top-notch.,Emily Lopez,Female,60,51-60,UK,London,Ski Boots,Sports,340.2
754,755,27,2024-03-31,4,"Great  purchase,  very  satisfied.",John Rodriguez,Male,23,18-30,UK,London,Climbing Rope,Sports,410.17
755,756,94,2025-03-25,4,"Good  quality,  but  could  be  cheaper.",Jane Anderson,Male,48,41-50,Belgium,Brussels,Football Helmet,Sports,44.75
756,757,8,2023-09-27,4,Shipping  was  fast  and  the  item  was  well-packaged.,James Gonzalez,Female,18,,Sweden,Stockholm,Swim Goggles,Sports,145.97
757,758,53,2024-05-23,2,"Average  experience,  nothing    special.",Emma Thomas,Female,19,18-30,Germany,Berlin,Running Shoes,Sports,223.75
758,759,21,2024-12-13,2,Product  did  not  meet  my  expectations.,Olivia Gonzalez,Female,40,31-40,Spain,Madrid,Kayak,Sports,259.4
759,760,100,2025-12-18,3,Not    worth  the  money.,Jane Brown,Female,45,41-50,Austria,Vienna,Soccer Ball,Sports,41.26
760,761,49,2025-03-17,3,Customer  support  was  very  helpful.,Michael Smith,Female,61,61-70,Spain,Madrid,Kayak,Sports,259.4
761,762,39,2025-05-31,4,Shipping  was  fast  and  the  item  was  well-packaged.,Jane Miller,Female,64,61-70,Italy,Rome,Swim Goggles,Sports,145.97
762,763,54,2023-08-16,3,"The  product  is  okay,  but  the  instructions  were  unclear.",Michael Gonzalez,Female,24,18-30,Italy,Rome,Kayak,Sports,259.4
763,764,84,2024-07-08,1,"Terrible  customer  service,  would  not  buy  again.",Michael Williams,Female,34,31-40,Spain,Madrid,Ski Boots,Sports,340.2
764,765,74,2024-12-11,1,Disappointed  with  the  performance.,Jane Smith,Male,33,31-40,UK,London,Volleyball,Sports,42.8
765,766,83,2025-07-31,4,Five  stars  for  the  quick  delivery.,Emily Jones,Male,20,18-30,Switzerland,Zurich,Basketball,Sports,225.12
766,767,48,2023-10-09,5,Exceeded    my  expectations!,Alex Gonzalez,Female,48,41-50,Belgium,Brussels,Ski Boots,Sports,340.2
767,768,24,2023-02-18,4,Shipping  was  fast  and  the  item  was  well-packaged.,Chris Hernandez,Male,25,18-30,Italy,Rome,Kayak,Sports,259.4
768,769,77,2024-09-02,5,"Excellent  product,    highly  recommend!",David Lopez,Male,53,51-60,Spain,Madrid,Basketball,Sports,225.12
769,770,52,2025-02-02,4,Customer  support  was  very  helpful.,Robert Williams,Female,41,41-50,Switzerland,Zurich,Running Shoes,Sports,223.75
770,771,32,2025-03-21,4,"Good  quality,  but  could  be  cheaper.",Laura Anderson,Female,29,18-30,Spain,Madrid,Ice Skates,Sports,37.56
771,772,62,2023-09-13,4,Five    stars  for  the  quick  delivery.,Michael Hernandez,Male,60,51-60,Sweden,Stockholm,Dumbbells,Sports,26.21
772,773,17,2024-06-21,2,Disappointed  with  the  performance.,Daniel Thomas,Female,46,41-50,Germany,Berlin,Cycling Helmet,Sports,472.32
773,774,46,2025-12-10,5,"Great  purchase,    very  satisfied.",Chris Johnson,Male,52,51-60,Spain,Madrid,Tennis Racket,Sports,36.07
774,775,13,2025-08-31,4,"Great  purchase,  very    satisfied.",David Wilson,Male,50,41-50,UK,London,Kayak,Sports,259.4
775,776,17,2023-01-12,5,Customer  support  was  very  helpful.,Daniel Thomas,Female,46,41-50,Germany,Berlin,Swim Goggles,Sports,145.97
776,777,81,2024-02-14,5,Five  stars  for  the  quick  delivery.,Emily Wilson,Male,38,31-40,Switzerland,Zurich,Tennis Racket,Sports,36.07
777,778,97,2025-06-11,5,The  quality  is    top-notch.,Emily Rodriguez,Female,51,51-60,France,Paris,Basketball,Sports,225.12
778,779,66,2025-05-25,5,Five  stars  for  the  quick  delivery.,Isabella Martinez,Female,24,18-30,Sweden,Stockholm,Surfboard,Sports,275.43
779,780,83,2025-10-23,5,The  build  quality  is  impressive.,Emily Jones,Male,20,18-30,Switzerland,Zurich,Running Shoes,Sports,223.75
780,781,68,2024-06-06,5,Exceeded  my  expectations!,David Gonzalez,Female,57,51-60,Netherlands,Amsterdam,Swim Goggles,Sports,145.97
781,782,25,2024-08-19,5,Customer  support  was  very  helpful.,David Anderson,Male,26,18-30,Italy,Rome,Yoga Mat,Sports,485.32
782,783,21,2024-11-30,5,The  build  quality  is  impressive.,Olivia Gonzalez,Female,40,31-40,Spain,Madrid,Volleyball,Sports,42.8
783,784,22,2024-12-09,2,"The  product  is  okay,  but  the  instructions  were  unclear.",Alex Wilson,Male,53,51-60,Germany,Berlin,Kayak,Sports,259.4
784,785,9,2025-10-11,4,"I  love  this  product,  will  buy  again!",Emily Thomas,Male,29,18-30,Austria,Vienna,Golf Clubs,Sports,81.59
785,786,37,2025-07-29,5,Five  stars  for  the  quick  delivery.,Olivia Lopez,Female,44,41-50,Germany,Berlin,Swim Goggles,Sports,145.97
786,787,59,2024-08-08,3,"Average  experience,  nothing  special.",James Smith,Female,44,41-50,Netherlands,Amsterdam,Soccer Ball,Sports,41.26
787,788,83,2025-05-16,3,Customer  support  was    very  helpful.,Emily Jones,Male,20,18-30,Switzerland,Zurich,Climbing Rope,Sports,410.17
788,789,7,2023-04-08,5,Amazing  value  for  the  price.,Laura Miller,Male,35,31-40,Belgium,Brussels,Surfboard,Sports,275.43
789,790,73,2024-06-08,4,Shipping  was  fast  and  the  item  was  well-packaged.,Sarah Gonzalez,Male,40,31-40,Spain,Madrid,Baseball Glove,Sports,327.36
790,791,11,2023-06-27,3,"Average  experience,  nothing    special.",Emma Garcia,Male,54,51-60,Austria,Vienna,Volleyball,Sports,42.8
791,792,88,2023-07-29,3,"The  product  is    okay,  but  the  instructions  were  unclear.",James Brown,Male,42,41-50,France,Paris,Cycling Helmet,Sports,472.32
792,793,53,2025-05-21,5,"I  love  this  product,  will  buy  again!",Emma Thomas,Female,19,18-30,Germany,Berlin,Basketball,Sports,225.12
793,794,24,2024-12-03,5,"Excellent  product,  highly  recommend!",Chris Hernandez,Male,25,18-30,Italy,Rome,Surfboard,Sports,275.43
794,795,4,2024-12-16,5,Customer  support  was  very  helpful.,David Garcia,Male,25,18-30,Sweden,Stockholm,Cycling Helmet,Sports,472.32
795,796,27,2025-02-27,5,The  build  quality  is  impressive.,John Rodriguez,Male,23,18-30,UK,London,Surfboard,Sports,275.43
796,797,68,2025-02-22,5,The  quality  is    top-notch.,David Gonzalez,Female,57,51-60,Netherlands,Amsterdam,Hockey Stick,Sports,173.83
797,798,95,2023-08-22,2,"Average  experience,  nothing  special.",James Jones,Male,43,41-50,Germany,Berlin,Swim Goggles,Sports,145.97
798,799,96,2025-07-17,3,"Average  experience,  nothing  special.",Emily Gonzalez,Female,38,31-40,Austria,Vienna,Baseball Glove,Sports,327.36
799,800,74,2024-05-23,5,Five  stars  for  the  quick  delivery.,Jane Smith,Male,33,31-40,UK,London,Football Helmet,Sports,44.75
800,801,36,2023-01-09,2,Not  worth  the  money.,Emma Johnson,Female,63,61-70,France,Paris,Golf Clubs,Sports,81.59
801,802,12,2023-03-04,5,Shipping  was  fast  and  the  item  was  well-packaged.,James Lopez,Female,43,41-50,Belgium,Brussels,Kayak,Sports,259.4
802,803,6,2023-09-22,4,"I  love  this  product,  will  buy  again!",Daniel Rodriguez,Male,31,31-40,Belgium,Brussels,Ski Boots,Sports,340.2
803,804,16,2025-09-22,3,"Good  quality,  but  could  be  cheaper.",Michael Martinez,Male,40,31-40,Italy,Rome,Football Helmet,Sports,44.75
804,805,76,2024-10-28,2,Not  worth  the  money.,Michael Lopez,Female,26,18-30,Austria,Vienna,Boxing Gloves,Sports,262.32
805,806,18,2023-08-28,5,The  quality  is  top-notch.,Robert Lopez,Female,38,31-40,Italy,Rome,Baseball Glove,Sports,327.36
806,807,68,2025-03-06,3,"The  product  is  okay,  but  the  instructions  were  unclear.",David Gonzalez,Female,57,51-60,Netherlands,Amsterdam,Football Helmet,Sports,44.75
807,808,49,2025-12-12,3,"Good  quality,  but  could  be    cheaper.",Michael Smith,Female,61,61-70,Spain,Madrid,Tennis Racket,Sports,36.07
808,809,37,2023-08-20,2,Product  did  not  meet  my    expectations.,Olivia Lopez,Female,44,41-50,Germany,Berlin,Surfboard,Sports,275.43
809,810,56,2025-06-24,2,Disappointed  with  the  performance.,Sophia Davis,Female,66,61-70,Switzerland,Zurich,Fitness Tracker,Sports,196.68
810,811,10,2024-01-28,3,"The  product  is  okay,  but  the  instructions  were  unclear.",Chris Davis,Female,46,41-50,Germany,Berlin,Fitness Tracker,Sports,196.68
811,812,80,2025-04-19,4,"I  love  this  product,  will    buy  again!",Laura Jones,Female,25,18-30,Netherlands,Amsterdam,Boxing Gloves,Sports,262.32
812,813,58,2024-03-28,5,The  quality  is  top-notch.,Jane Williams,Male,34,31-40,Austria,Vienna,Climbing Rope,Sports,410.17
813,814,93,2024-10-28,3,Not  worth  the  money.,Jane Rodriguez,Female,41,41-50,Spain,Madrid,Yoga Mat,Sports,485.32
814,815,72,2025-11-19,1,I  had  a  bad  experience    with  this  product.,Sophia Miller,Female,34,31-40,Sweden,Stockholm,Tennis Racket,Sports,36.07
815,816,91,2024-01-11,4,"Great  purchase,    very  satisfied.",John Brown,Female,62,61-70,Spain,Madrid,Running Shoes,Sports,223.75
816,817,6,2024-11-17,3,Five  stars  for  the  quick  delivery.,Daniel Rodriguez,Male,31,31-40,Belgium,Brussels,Climbing Rope,Sports,410.17
817,818,55,2023-12-11,3,"Average  experience,  nothing    special.",Emily Lopez,Female,60,51-60,UK,London,Boxing Gloves,Sports,262.32
818,819,20,2024-05-12,4,Shipping  was  fast  and  the  item    was  well-packaged.,David Johnson,Male,22,18-30,UK,London,Climbing Rope,Sports,410.17
819,820,47,2023-04-10,3,Not  worth  the  money.,Sophia Thomas,Male,69,61-70,Netherlands,Amsterdam,Hockey Stick,Sports,173.83
820,821,98,2025-10-19,3,"The  product  is  okay,  but  the  instructions  were  unclear.",Chris Lopez,Female,55,51-60,Austria,Vienna,Ice Skates,Sports,37.56
821,822,47,2023-01-28,4,"Great  purchase,  very  satisfied.",Sophia Thomas,Male,69,61-70,Netherlands,Amsterdam,Climbing Rope,Sports,410.17
822,823,59,2024-09-29,5,Five    stars  for  the  quick  delivery.,James Smith,Female,44,41-50,Netherlands,Amsterdam,Cycling Helmet,Sports,472.32
823,824,77,2024-07-30,3,"Good  quality,  but  could  be  cheaper.",David Lopez,Male,53,51-60,Spain,Madrid,Swim Goggles,Sports,145.97
824,825,21,2023-01-10,1,"Not  satisfied,  the  product  broke  after  a  week.",Olivia Gonzalez,Female,40,31-40,Spain,Madrid,Volleyball,Sports,42.8
825,826,8,2024-10-29,4,"Great  purchase,  very  satisfied.",James Gonzalez,Female,18,,Sweden,Stockholm,Ski Boots,Sports,340.2
826,827,84,2025-04-05,5,Shipping  was  fast  and  the  item  was  well-packaged.,Michael Williams,Female,34,31-40,Spain,Madrid,Volleyball,Sports,42.8
827,828,53,2025-02-28,5,"I  love  this  product,  will  buy  again!",Emma Thomas,Female,19,18-30,Germany,Berlin,Boxing Gloves,Sports,262.32
828,829,31,2023-05-17,4,"Great  purchase,  very  satisfied.",Daniel Jones,Male,33,31-40,Austria,Vienna,Baseball Glove,Sports,327.36
829,830,61,2025-07-23,2,"Average  experience,  nothing    special.",Emma Rodriguez,Female,67,61-70,Germany,Berlin,Hockey Stick,Sports,173.83
830,831,48,2025-08-30,3,Not  worth  the  money.,Alex Gonzalez,Female,48,41-50,Belgium,Brussels,Surfboard,Sports,275.43
831,832,44,2024-04-23,3,"Average  experience,  nothing  special.",Olivia Brown,Female,59,51-60,Switzerland,Zurich,Surfboard,Sports,275.43
832,833,31,2023-08-29,5,Exceeded  my    expectations!,Daniel Jones,Male,33,31-40,Austria,Vienna,Volleyball,Sports,42.8
833,834,74,2025-09-21,2,"Average    experience,  nothing  special.",Jane Smith,Male,33,31-40,UK,London,Running Shoes,Sports,223.75
834,835,12,2024-05-07,5,Exceeded  my  expectations!,James Lopez,Female,43,41-50,Belgium,Brussels,Ice Skates,Sports,37.56
835,836,52,2023-10-25,1,Product  did    not  meet  my  expectations.,Robert Williams,Female,41,41-50,Switzerland,Zurich,Baseball Glove,Sports,327.36
836,837,19,2023-12-11,5,Customer  support  was  very  helpful.,Emma Wilson,Female,36,31-40,Netherlands,Amsterdam,Kayak,Sports,259.4
837,838,61,2024-04-21,5,Shipping  was  fast  and  the    item  was  well-packaged.,Emma Rodriguez,Female,67,61-70,Germany,Berlin,Surfboard,Sports,275.43
838,839,79,2024-08-02,4,Shipping    was  fast  and  the  item  was  well-packaged.,John Jones,Female,35,31-40,Netherlands,Amsterdam,Basketball,Sports,225.12
839,840,44,2023-01-30,4,The  quality  is  top-notch.,Olivia Brown,Female,59,51-60,Switzerland,Zurich,Golf Clubs,Sports,81.59
840,841,88,2023-08-25,3,"The  product  is  okay,  but  the  instructions  were  unclear.",James Brown,Male,42,41-50,France,Paris,Golf Clubs,Sports,81.59
841,842,70,2024-10-03,5,The  build  quality  is  impressive.,James Garcia,Female,31,31-40,Belgium,Brussels,Surfboard,Sports,275.43
842,843,51,2025-08-28,2,Not  worth    the  money.,Michael Davis,Female,63,61-70,Austria,Vienna,Swim Goggles,Sports,145.97
843,844,66,2023-07-01,4,"I  love  this  product,  will    buy  again!",Isabella Martinez,Female,24,18-30,Sweden,Stockholm,Golf Clubs,Sports,81.59
844,845,89,2023-07-26,3,"The  product  is  okay,  but  the  instructions  were  unclear.",Alex Rodriguez,Male,22,18-30,Sweden,Stockholm,Basketball,Sports,225.12
845,846,17,2024-04-22,4,The  quality  is  top-notch.,Daniel Thomas,Female,46,41-50,Germany,Berlin,Surfboard,Sports,275.43
846,847,6,2025-05-29,1,"Terrible  customer  service,  would  not  buy  again.",Daniel Rodriguez,Male,31,31-40,Belgium,Brussels,Soccer Ball,Sports,41.26
847,848,6,2023-03-08,1,The  product  stopped  working  after  a  month.,Daniel Rodriguez,Male,31,31-40,Belgium,Brussels,Volleyball,Sports,42.8
848,849,78,2025-02-01,2,"Good  quality,  but  could  be  cheaper.",Olivia Smith,Female,24,18-30,Sweden,Stockholm,Golf Clubs,Sports,81.59
849,850,89,2023-07-24,4,The  quality  is  top-notch.,Alex Rodriguez,Male,22,18-30,Sweden,Stockholm,Ice Skates,Sports,37.56
850,851,31,2025-11-29,5,The  quality  is  top-notch.,Daniel Jones,Male,33,31-40,Austria,Vienna,Ice Skates,Sports,37.56
851,852,37,2024-12-03,4,Customer  support  was  very  helpful.,Olivia Lopez,Female,44,41-50,Germany,Berlin,Ski Boots,Sports,340.2
852,853,42,2023-05-19,3,"The  product  is  okay,  but    the  instructions  were  unclear.",John Gonzalez,Female,69,61-70,UK,London,Ski Boots,Sports,340.2
853,854,7,2025-06-09,5,Shipping  was  fast    and  the  item  was  well-packaged.,Laura Miller,Male,35,31-40,Belgium,Brussels,Soccer Ball,Sports,41.26
854,855,2,2024-01-08,2,Not  worth  the  money.,Sarah Brown,Female,37,31-40,Spain,Madrid,Basketball,Sports,225.12
855,856,23,2023-01-03,5,Customer  support  was  very  helpful.,Isabella Garcia,Female,37,31-40,Italy,Rome,Tennis Racket,Sports,36.07
856,857,11,2023-10-17,4,"Great  purchase,  very  satisfied.",Emma Garcia,Male,54,51-60,Austria,Vienna,Climbing Rope,Sports,410.17
857,858,92,2025-05-05,3,"Average  experience,  nothing  special.",David Hernandez,Female,67,61-70,UK,London,Surfboard,Sports,275.43
858,859,6,2024-06-25,5,Amazing  value  for  the  price.,Daniel Rodriguez,Male,31,31-40,Belgium,Brussels,Hockey Stick,Sports,173.83
859,860,27,2025-01-26,3,Not  worth    the  money.,John Rodriguez,Male,23,18-30,UK,London,Soccer Ball,Sports,41.26
860,861,70,2024-04-18,5,"I  love  this  product,  will  buy  again!",James Garcia,Female,31,31-40,Belgium,Brussels,Football Helmet,Sports,44.75
861,862,4,2025-01-17,2,Disappointed  with  the  performance.,David Garcia,Male,25,18-30,Sweden,Stockholm,Golf Clubs,Sports,81.59
862,863,93,2025-07-05,3,"The  product  is  okay,  but  the    instructions  were  unclear.",Jane Rodriguez,Female,41,41-50,Spain,Madrid,Soccer Ball,Sports,41.26
863,864,85,2025-01-16,4,Customer  support  was  very    helpful.,Jane Hernandez,Male,68,61-70,Belgium,Brussels,Running Shoes,Sports,223.75
864,865,17,2025-03-03,4,"Good  quality,  but  could  be  cheaper.",Daniel Thomas,Female,46,41-50,Germany,Berlin,Swim Goggles,Sports,145.97
865,866,36,2025-03-03,5,Customer  support  was  very  helpful.,Emma Johnson,Female,63,61-70,France,Paris,Kayak,Sports,259.4
866,867,7,2023-07-20,1,"Terrible  customer  service,  would  not  buy  again.",Laura Miller,Male,35,31-40,Belgium,Brussels,Football Helmet,Sports,44.75
867,868,10,2024-11-01,4,Customer  support  was  very  helpful.,Chris Davis,Female,46,41-50,Germany,Berlin,Cycling Helmet,Sports,472.32
868,869,18,2023-02-02,4,Five  stars  for  the  quick  delivery.,Robert Lopez,Female,38,31-40,Italy,Rome,Yoga Mat,Sports,485.32
869,870,19,2023-03-19,3,"Average  experience,  nothing  special.",Emma Wilson,Female,36,31-40,Netherlands,Amsterdam,Fitness Tracker,Sports,196.68
870,871,3,2024-03-20,5,The    build  quality  is  impressive.,Robert Hernandez,Female,26,18-30,Netherlands,Amsterdam,Soccer Ball,Sports,41.26
871,872,96,2025-04-14,2,Product  did    not  meet  my  expectations.,Emily Gonzalez,Female,38,31-40,Austria,Vienna,Yoga Mat,Sports,485.32
872,873,82,2025-06-21,5,Shipping  was  fast  and  the  item  was  well-packaged.,Laura Gonzalez,Male,43,41-50,UK,London,Climbing Rope,Sports,410.17
873,874,78,2025-11-09,4,The  build  quality  is  impressive.,Olivia Smith,Female,24,18-30,Sweden,Stockholm,Football Helmet,Sports,44.75
874,875,44,2023-11-27,4,"Good  quality,  but  could  be  cheaper.",Olivia Brown,Female,59,51-60,Switzerland,Zurich,Boxing Gloves,Sports,262.32
875,876,10,2024-06-19,1,The  product  stopped  working  after  a  month.,Chris Davis,Female,46,41-50,Germany,Berlin,Hockey Stick,Sports,173.83
876,877,78,2024-08-28,3,"The  product  is  okay,  but  the  instructions  were  unclear.",Olivia Smith,Female,24,18-30,Sweden,Stockholm,Cycling Helmet,Sports,472.32
877,878,24,2025-05-26,2,"Average  experience,  nothing  special.",Chris Hernandez,Male,25,18-30,Italy,Rome,Golf Clubs,Sports,81.59
878,879,2,2023-09-16,4,"Great  purchase,  very  satisfied.",Sarah Brown,Female,37,31-40,Spain,Madrid,Tennis Racket,Sports,36.07
879,880,29,2023-07-31,5,"Excellent  product,  highly  recommend!",Sophia Anderson,Female,26,18-30,Italy,Rome,Swim Goggles,Sports,145.97
880,881,63,2023-04-25,4,"I  love  this  product,  will  buy  again!",John Davis,Male,27,18-30,Switzerland,Zurich,Fitness Tracker,Sports,196.68
881,882,6,2024-10-08,4,"Great  purchase,  very  satisfied.",Daniel Rodriguez,Male,31,31-40,Belgium,Brussels,Basketball,Sports,225.12
882,883,4,2023-07-08,4,"Great  purchase,  very  satisfied.",David Garcia,Male,25,18-30,Sweden,Stockholm,Baseball Glove,Sports,327.36
883,884,24,2023-11-08,5,Amazing  value  for  the  price.,Chris Hernandez,Male,25,18-30,Italy,Rome,Fitness Tracker,Sports,196.68
884,885,58,2024-09-10,5,Customer  support  was  very  helpful.,Jane Williams,Male,34,31-40,Austria,Vienna,Tennis Racket,Sports,36.07
885,886,95,2025-02-14,5,Customer  support  was  very  helpful.,James Jones,Male,43,41-50,Germany,Berlin,Climbing Rope,Sports,410.17
886,887,38,2025-03-17,2,"Average  experience,  nothing  special.",John Garcia,Male,28,18-30,Spain,Madrid,Golf Clubs,Sports,81.59
887,888,83,2023-01-05,1,I  had  a  bad  experience  with  this  product.,Emily Jones,Male,20,18-30,Switzerland,Zurich,Dumbbells,Sports,26.21
888,889,45,2024-10-02,4,"Great    purchase,  very  satisfied.",Sarah Hernandez,Female,36,31-40,Italy,Rome,Climbing Rope,Sports,410.17
889,890,59,2024-07-25,1,Product  did  not  meet  my  expectations.,James Smith,Female,44,41-50,Netherlands,Amsterdam,Soccer Ball,Sports,41.26
890,891,48,2025-02-26,3,Not  worth  the  money.,Alex Gonzalez,Female,48,41-50,Belgium,Brussels,Baseball Glove,Sports,327.36
891,892,27,2025-08-01,4,"Great  purchase,  very    satisfied.",John Rodriguez,Male,23,18-30,UK,London,Dumbbells,Sports,26.21
892,893,51,2024-02-06,4,Customer  support  was  very  helpful.,Michael Davis,Female,63,61-70,Austria,Vienna,Yoga Mat,Sports,485.32
893,894,82,2023-06-23,3,"The  product  is  okay,  but  the  instructions  were  unclear.",Laura Gonzalez,Male,43,41-50,UK,London,Dumbbells,Sports,26.21
894,895,38,2024-10-28,5,Exceeded  my  expectations!,John Garcia,Male,28,18-30,Spain,Madrid,Dumbbells,Sports,26.21
895,896,40,2025-10-17,4,Five  stars  for  the  quick  delivery.,Olivia Thomas,Female,67,61-70,Germany,Berlin,Boxing Gloves,Sports,262.32
896,897,48,2025-01-05,2,"The  product  is  okay,  but  the  instructions  were  unclear.",Alex Gonzalez,Female,48,41-50,Belgium,Brussels,Soccer Ball,Sports,41.26
897,898,76,2023-09-18,5,Shipping  was  fast  and  the  item  was  well-packaged.,Michael Lopez,Female,26,18-30,Austria,Vienna,Climbing Rope,Sports,410.17
898,899,89,2024-01-02,4,"Good  quality,  but  could  be  cheaper.",Alex Rodriguez,Male,22,18-30,Sweden,Stockholm,Baseball Glove,Sports,327.36
899,900,10,2025-04-04,3,"The  product  is  okay,  but  the  instructions  were    unclear.",Chris Davis,Female,46,41-50,Germany,Berlin,Soccer Ball,Sports,41.26
900,901,16,2023-02-15,4,The  quality  is  top-notch.,Michael Martinez,Male,40,31-40,Italy,Rome,Hockey Stick,Sports,173.83
901,902,75,2025-07-02,4,"Great  purchase,  very  satisfied.",David Smith,Female,43,41-50,Netherlands,Amsterdam,Swim Goggles,Sports,145.97
902,903,69,2025-10-05,4,Customer  support    was  very  helpful.,Emma Gonzalez,Male,26,18-30,Spain,Madrid,Soccer Ball,Sports,41.26
903,904,68,2025-12-24,4,Five  stars  for  the  quick  delivery.,David Gonzalez,Female,57,51-60,Netherlands,Amsterdam,Baseball Glove,Sports,327.36
904,905,82,2024-05-05,2,Not    worth  the  money.,Laura Gonzalez,Male,43,41-50,UK,London,Dumbbells,Sports,26.21
905,906,92,2025-02-27,4,Five  stars  for  the  quick  delivery.,David Hernandez,Female,67,61-70,UK,London,Surfboard,Sports,275.43
906,907,67,2023-10-21,5,Customer  support  was  very  helpful.,Alex Johnson,Female,56,51-60,Spain,Madrid,Yoga Mat,Sports,485.32
907,908,37,2025-03-28,3,Not  worth  the  money.,Olivia Lopez,Female,44,41-50,Germany,Berlin,Baseball Glove,Sports,327.36
908,909,59,2023-09-08,4,"I  love  this  product,  will  buy  again!",James Smith,Female,44,41-50,Netherlands,Amsterdam,Basketball,Sports,225.12
909,910,92,2023-06-14,4,The  quality  is  top-notch.,David Hernandez,Female,67,61-70,UK,London,Soccer Ball,Sports,41.26
910,911,93,2024-06-27,1,Product  did    not  meet  my  expectations.,Jane Rodriguez,Female,41,41-50,Spain,Madrid,Tennis Racket,Sports,36.07
911,912,100,2025-10-27,2,Disappointed  with  the  performance.,Jane Brown,Female,45,41-50,Austria,Vienna,Fitness Tracker,Sports,196.68
912,913,64,2024-09-06,4,Customer  support  was  very  helpful.,Sarah Martinez,Female,62,61-70,Belgium,Brussels,Soccer Ball,Sports,41.26
913,914,81,2023-03-04,5,"Great    purchase,  very  satisfied.",Emily Wilson,Male,38,31-40,Switzerland,Zurich,Hockey Stick,Sports,173.83
914,915,55,2024-12-21,1,I  had  a  bad  experience  with  this  product.,Emily Lopez,Female,60,51-60,UK,London,Soccer Ball,Sports,41.26
915,916,40,2024-10-05,2,Not  worth  the  money.,Olivia Thomas,Female,67,61-70,Germany,Berlin,Soccer Ball,Sports,41.26
916,917,44,2025-05-17,4,The  quality  is  top-notch.,Olivia Brown,Female,59,51-60,Switzerland,Zurich,Boxing Gloves,Sports,262.32
917,918,50,2024-09-09,3,"The  product    is  okay,  but  the  instructions  were  unclear.",Olivia Miller,Male,36,31-40,France,Paris,Dumbbells,Sports,26.21
918,919,37,2025-02-14,1,"Terrible  customer  service,  would  not  buy  again.",Olivia Lopez,Female,44,41-50,Germany,Berlin,Volleyball,Sports,42.8
919,920,28,2025-04-13,4,Customer  support  was  very  helpful.,Emily Davis,Female,18,,Switzerland,Zurich,Running Shoes,Sports,223.75
920,921,93,2023-06-26,5,"Great  purchase,  very  satisfied.",Jane Rodriguez,Female,41,41-50,Spain,Madrid,Ski Boots,Sports,340.2
921,922,92,2025-07-22,4,"Good  quality,  but  could  be  cheaper.",David Hernandez,Female,67,61-70,UK,London,Dumbbells,Sports,26.21
922,923,3,2024-02-07,5,"Excellent  product,  highly    recommend!",Robert Hernandez,Female,26,18-30,Netherlands,Amsterdam,Boxing Gloves,Sports,262.32
923,924,62,2024-12-20,3,Customer  support    was  very  helpful.,Michael Hernandez,Male,60,51-60,Sweden,Stockholm,Hockey Stick,Sports,173.83
924,925,2,2025-02-10,1,"Terrible  customer  service,  would    not  buy  again.",Sarah Brown,Female,37,31-40,Spain,Madrid,Boxing Gloves,Sports,262.32
925,926,86,2023-06-17,4,Five  stars  for  the  quick  delivery.,James Hernandez,Male,63,61-70,Austria,Vienna,Ice Skates,Sports,37.56
926,927,21,2024-08-08,4,"Good  quality,  but  could  be  cheaper.",Olivia Gonzalez,Female,40,31-40,Spain,Madrid,Dumbbells,Sports,26.21
927,928,10,2024-05-25,4,Customer  support  was  very  helpful.,Chris Davis,Female,46,41-50,Germany,Berlin,Baseball Glove,Sports,327.36
928,929,47,2024-10-09,5,Amazing  value  for  the  price.,Sophia Thomas,Male,69,61-70,Netherlands,Amsterdam,Soccer Ball,Sports,41.26
929,930,83,2024-08-05,4,Five  stars  for  the  quick  delivery.,Emily Jones,Male,20,18-30,Switzerland,Zurich,Hockey Stick,Sports,173.83
930,931,73,2023-09-27,5,"Excellent  product,  highly  recommend!",Sarah Gonzalez,Male,40,31-40,Spain,Madrid,Football Helmet,Sports,44.75
931,932,11,2023-08-26,5,The  build  quality  is  impressive.,Emma Garcia,Male,54,51-60,Austria,Vienna,Boxing Gloves,Sports,262.32
932,933,83,2023-01-11,3,Not  worth  the  money.,Emily Jones,Male,20,18-30,Switzerland,Zurich,Ice Skates,Sports,37.56
933,934,44,2023-04-26,5,"I  love  this    product,  will  buy  again!",Olivia Brown,Female,59,51-60,Switzerland,Zurich,Yoga Mat,Sports,485.32
934,935,71,2025-08-28,5,"I  love  this  product,  will  buy  again!",Isabella Miller,Female,25,18-30,Italy,Rome,Ice Skates,Sports,37.56
935,936,99,2023-09-23,4,"Good  quality,  but  could  be  cheaper.",Laura Hernandez,Male,41,41-50,Italy,Rome,Climbing Rope,Sports,410.17
936,937,96,2023-06-08,4,"Great  purchase,    very  satisfied.",Emily Gonzalez,Female,38,31-40,Austria,Vienna,Baseball Glove,Sports,327.36
937,938,29,2024-07-08,5,Shipping  was  fast  and  the  item  was  well-packaged.,Sophia Anderson,Female,26,18-30,Italy,Rome,Ice Skates,Sports,37.56
938,939,42,2024-08-09,5,Customer  support  was  very  helpful.,John Gonzalez,Female,69,61-70,UK,London,Tennis Racket,Sports,36.07
939,940,15,2025-09-12,4,"Great    purchase,  very  satisfied.",Emma Martinez,Male,32,31-40,Switzerland,Zurich,Ice Skates,Sports,37.56
940,941,13,2023-05-21,4,Five  stars  for  the  quick  delivery.,David Wilson,Male,50,41-50,UK,London,Baseball Glove,Sports,327.36
941,942,69,2023-02-19,5,"Excellent  product,  highly  recommend!",Emma Gonzalez,Male,26,18-30,Spain,Madrid,Fitness Tracker,Sports,196.68
942,943,70,2023-04-15,5,"Great  purchase,  very  satisfied.",James Garcia,Female,31,31-40,Belgium,Brussels,Hockey Stick,Sports,173.83
943,944,72,2024-08-11,4,The  quality  is  top-notch.,Sophia Miller,Female,34,31-40,Sweden,Stockholm,Fitness Tracker,Sports,196.68
944,945,46,2025-12-05,4,Shipping  was  fast  and  the  item  was  well-packaged.,Chris Johnson,Male,52,51-60,Spain,Madrid,Soccer Ball,Sports,41.26
945,946,96,2023-08-28,2,Disappointed  with  the  performance.,Emily Gonzalez,Female,38,31-40,Austria,Vienna,Basketball,Sports,225.12
946,947,86,2025-11-02,2,"Average  experience,  nothing  special.",James Hernandez,Male,63,61-70,Austria,Vienna,Volleyball,Sports,42.8
947,948,29,2025-01-22,5,Shipping  was  fast    and  the  item  was  well-packaged.,Sophia Anderson,Female,26,18-30,Italy,Rome,Golf Clubs,Sports,81.59
948,949,55,2025-08-25,1,Product  did    not  meet  my  expectations.,Emily Lopez,Female,60,51-60,UK,London,Climbing Rope,Sports,410.17
949,950,96,2024-02-09,5,Customer  support  was  very  helpful.,Emily Gonzalez,Female,38,31-40,Austria,Vienna,Baseball Glove,Sports,327.36
950,951,80,2024-07-11,2,Not  worth  the  money.,Laura Jones,Female,25,18-30,Netherlands,Amsterdam,Climbing Rope,Sports,410.17
951,952,46,2025-01-14,5,Customer  support  was  very  helpful.,Chris Johnson,Male,52,51-60,Spain,Madrid,Climbing Rope,Sports,410.17
952,953,29,2025-11-22,4,Five  stars  for  the  quick  delivery.,Sophia Anderson,Female,26,18-30,Italy,Rome,Yoga Mat,Sports,485.32
953,954,26,2025-03-13,5,Shipping    was  fast  and  the  item  was  well-packaged.,Isabella Thomas,Male,31,31-40,UK,London,Football Helmet,Sports,44.75
954,955,53,2023-03-15,4,"Great  purchase,  very  satisfied.",Emma Thomas,Female,19,18-30,Germany,Berlin,Ice Skates,Sports,37.56
955,956,33,2024-10-26,2,"Average  experience,  nothing  special.",David Thomas,Male,22,18-30,Spain,Madrid,Fitness Tracker,Sports,196.68
956,957,37,2024-02-26,4,"I  love  this  product,  will  buy    again!",Olivia Lopez,Female,44,41-50,Germany,Berlin,Climbing Rope,Sports,410.17
957,958,45,2023-08-17,1,Not  worth  the  money.,Sarah Hernandez,Female,36,31-40,Italy,Rome,Running Shoes,Sports,223.75
958,959,85,2025-01-01,5,Amazing  value  for  the  price.,Jane Hernandez,Male,68,61-70,Belgium,Brussels,Baseball Glove,Sports,327.36
959,960,81,2024-03-23,4,Customer  support  was  very  helpful.,Emily Wilson,Male,38,31-40,Switzerland,Zurich,Fitness Tracker,Sports,196.68
960,961,74,2024-07-10,5,"I  love  this    product,  will  buy  again!",Jane Smith,Male,33,31-40,UK,London,Boxing Gloves,Sports,262.32
961,962,95,2024-10-16,4,"Good  quality,  but  could  be    cheaper.",James Jones,Male,43,41-50,Germany,Berlin,Volleyball,Sports,42.8
962,963,36,2023-11-17,2,Product  did  not  meet  my  expectations.,Emma Johnson,Female,63,61-70,France,Paris,Tennis Racket,Sports,36.07
963,964,60,2024-06-11,4,"Great  purchase,    very  satisfied.",John Thomas,Male,53,51-60,Netherlands,Amsterdam,Volleyball,Sports,42.8
964,965,25,2024-12-15,5,"Excellent  product,  highly  recommend!",David Anderson,Male,26,18-30,Italy,Rome,Basketball,Sports,225.12
965,966,21,2025-09-30,4,"Good  quality,  but  could  be  cheaper.",Olivia Gonzalez,Female,40,31-40,Spain,Madrid,Tennis Racket,Sports,36.07
966,967,94,2024-04-22,5,The  build    quality  is  impressive.,Jane Anderson,Male,48,41-50,Belgium,Brussels,Ice Skates,Sports,37.56
967,968,46,2024-08-07,5,The  quality  is  top-notch.,Chris Johnson,Male,52,51-60,Spain,Madrid,Cycling Helmet,Sports,472.32
968,969,48,2023-04-09,3,"The  product  is  okay,  but  the  instructions  were  unclear.",Alex Gonzalez,Female,48,41-50,Belgium,Brussels,Dumbbells,Sports,26.21
969,970,43,2024-05-26,3,Not  worth  the  money.,Olivia Hernandez,Male,53,51-60,Sweden,Stockholm,Fitness Tracker,Sports,196.68
970,971,5,2024-12-17,4,The  quality  is  top-notch.,Emma Miller,Female,41,41-50,Spain,Madrid,Soccer Ball,Sports,41.26
971,972,18,2024-08-01,5,Exceeded    my  expectations!,Robert Lopez,Female,38,31-40,Italy,Rome,Hockey Stick,Sports,173.83
972,973,4,2024-01-23,4,"I  love  this  product,  will  buy  again!",David Garcia,Male,25,18-30,Sweden,Stockholm,Dumbbells,Sports,26.21
973,974,13,2024-03-01,4,The  quality  is  top-notch.,David Wilson,Male,50,41-50,UK,London,Tennis Racket,Sports,36.07
974,975,84,2023-06-12,3,Not  worth  the  money.,Michael Williams,Female,34,31-40,Spain,Madrid,Climbing Rope,Sports,410.17
975,976,80,2023-03-30,4,Shipping  was  fast  and  the  item    was  well-packaged.,Laura Jones,Female,25,18-30,Netherlands,Amsterdam,Basketball,Sports,225.12
976,977,44,2023-06-28,3,"Good  quality,  but  could    be  cheaper.",Olivia Brown,Female,59,51-60,Switzerland,Zurich,Golf Clubs,Sports,81.59
977,978,46,2025-07-18,5,Customer  support  was  very  helpful.,Chris Johnson,Male,52,51-60,Spain,Madrid,Swim Goggles,Sports,145.97
978,979,14,2024-03-16,4,"Good  quality,  but  could  be  cheaper.",Olivia Wilson,Male,60,51-60,Spain,Madrid,Dumbbells,Sports,26.21
979,980,92,2023-07-14,2,"Average  experience,  nothing  special.",David Hernandez,Female,67,61-70,UK,London,Cycling Helmet,Sports,472.32
980,981,48,2023-05-13,3,"The  product  is    okay,  but  the  instructions  were  unclear.",Alex Gonzalez,Female,48,41-50,Belgium,Brussels,Golf Clubs,Sports,81.59
981,982,63,2023-11-28,4,"Great  purchase,  very  satisfied.",John Davis,Male,27,18-30,Switzerland,Zurich,Basketball,Sports,225.12
982,983,31,2024-05-28,5,Customer  support  was  very  helpful.,Daniel Jones,Male,33,31-40,Austria,Vienna,Hockey Stick,Sports,173.83
983,984,88,2023-08-23,3,"The  product  is  okay,  but  the    instructions  were  unclear.",James Brown,Male,42,41-50,France,Paris,Ski Boots,Sports,340.2
984,985,78,2025-10-23,2,Not  worth  the  money.,Olivia Smith,Female,24,18-30,Sweden,Stockholm,Ski Boots,Sports,340.2
985,986,20,2025-11-30,5,The  build  quality  is  impressive.,David Johnson,Male,22,18-30,UK,London,Basketball,Sports,225.12
986,987,37,2024-09-15,4,"I  love  this  product,  will  buy  again!",Olivia Lopez,Female,44,41-50,Germany,Berlin,Kayak,Sports,259.4
987,988,14,2025-04-06,4,"I  love  this  product,  will  buy  again!",Olivia Wilson,Male,60,51-60,Spain,Madrid,Cycling Helmet,Sports,472.32
988,989,93,2023-06-11,4,"Great    purchase,  very  satisfied.",Jane Rodriguez,Female,41,41-50,Spain,Madrid,Hockey Stick,Sports,173.83
989,990,7,2023-05-05,4,Customer  support  was  very  helpful.,Laura Miller,Male,35,31-40,Belgium,Brussels,Dumbbells,Sports,26.21
990,991,97,2025-03-10,4,Customer  support  was  very  helpful.,Emily Rodriguez,Female,51,51-60,France,Paris,Volleyball,Sports,42.8
991,992,77,2023-08-16,3,Not  worth  the  money.,David Lopez,Male,53,51-60,Spain,Madrid,Fitness Tracker,Sports,196.68
992,993,27,2025-01-10,2,"Good  quality,  but  could  be  cheaper.",John Rodriguez,Male,23,18-30,UK,London,Ice Skates,Sports,37.56
993,994,62,2025-11-27,5,Customer  support  was  very  helpful.,Michael Hernandez,Male,60,51-60,Sweden,Stockholm,Soccer Ball,Sports,41.26
994,995,17,2025-07-29,3,"The  product  is  okay,  but  the  instructions  were  unclear.",Daniel Thomas,Female,46,41-50,Germany,Berlin,Football Helmet,Sports,44.75
995,996,85,2025-01-05,5,Exceeded  my  expectations!,Jane Hernandez,Male,68,61-70,Belgium,Brussels,Golf Clubs,Sports,81.59
996,997,82,2023-10-03,4,"I  love  this  product,  will  buy  again!",Laura Gonzalez,Male,43,41-50,UK,London,Running Shoes,Sports,223.75
997,998,34,2025-05-18,4,Five  stars  for  the  quick  delivery.,Daniel Miller,Male,57,51-60,France,Paris,Ski Boots,Sports,340.2
998,999,37,2023-05-28,4,"I  love  this  product,  will  buy  again!",Olivia Lopez,Female,44,41-50,Germany,Berlin,Football Helmet,Sports,44.75
999,1000,86,2025-11-17,4,"Good  quality,  but  could  be  cheaper.",James Hernandez,Male,63,61-70,Austria,Vienna,Ice Skates,Sports,37.56
1000,1001,72,2023-12-06,3,"The  product  is  okay,  but  the  instructions  were  unclear.",Sophia Miller,Female,34,31-40,Sweden,Stockholm,Swim Goggles,Sports,145.97
1001,1002,25,2025-05-15,4,Five  stars  for  the  quick  delivery.,David Anderson,Male,26,18-30,Italy,Rome,Climbing Rope,Sports,410.17
1002,1003,14,2025-03-31,5,Five  stars  for  the  quick  delivery.,Olivia Wilson,Male,60,51-60,Spain,Madrid,Kayak,Sports,259.4
1003,1004,53,2024-01-14,4,Customer  support  was  very  helpful.,Emma Thomas,Female,19,18-30,Germany,Berlin,Golf Clubs,Sports,81.59
1004,1005,82,2024-10-23,4,"Good  quality,  but  could  be  cheaper.",Laura Gonzalez,Male,43,41-50,UK,London,Surfboard,Sports,275.43
1005,1006,87,2023-06-14,5,Exceeded  my  expectations!,Emma Hernandez,Male,41,41-50,Spain,Madrid,Fitness Tracker,Sports,196.68
1006,1007,49,2024-02-15,5,Amazing  value    for  the  price.,Michael Smith,Female,61,61-70,Spain,Madrid,Baseball Glove,Sports,327.36
1007,1008,60,2025-09-05,3,"Average  experience,  nothing  special.",John Thomas,Male,53,51-60,Netherlands,Amsterdam,Swim Goggles,Sports,145.97
1008,1009,31,2025-11-21,2,"The  product  is  okay,  but  the  instructions  were    unclear.",Daniel Jones,Male,33,31-40,Austria,Vienna,Yoga Mat,Sports,485.32
1009,1010,3,2025-05-17,3,"Good  quality,  but  could  be  cheaper.",Robert Hernandez,Female,26,18-30,Netherlands,Amsterdam,Yoga Mat,Sports,485.32
1010,1011,80,2023-10-11,5,Shipping  was  fast  and  the  item  was  well-packaged.,Laura Jones,Female,25,18-30,Netherlands,Amsterdam,Hockey Stick,Sports,173.83
1011,1012,26,2025-02-25,2,Not    worth  the  money.,Isabella Thomas,Male,31,31-40,UK,London,Yoga Mat,Sports,485.32
1012,1013,32,2025-07-12,4,"I  love  this  product,  will  buy  again!",Laura Anderson,Female,29,18-30,Spain,Madrid,Football Helmet,Sports,44.75
1013,1014,81,2023-04-16,4,Five  stars  for  the  quick  delivery.,Emily Wilson,Male,38,31-40,Switzerland,Zurich,Boxing Gloves,Sports,262.32
1014,1015,25,2023-03-05,2,Not  worth  the  money.,David Anderson,Male,26,18-30,Italy,Rome,Fitness Tracker,Sports,196.68
1015,1016,30,2025-08-27,2,Product  did  not  meet  my  expectations.,Alex Garcia,Female,33,31-40,Belgium,Brussels,Kayak,Sports,259.4
1016,1017,84,2025-05-26,5,"Great  purchase,  very  satisfied.",Michael Williams,Female,34,31-40,Spain,Madrid,Swim Goggles,Sports,145.97
1017,1018,44,2024-07-29,2,Not  worth    the  money.,Olivia Brown,Female,59,51-60,Switzerland,Zurich,Boxing Gloves,Sports,262.32
1018,1019,25,2023-07-12,4,Five  stars  for  the  quick  delivery.,David Anderson,Male,26,18-30,Italy,Rome,Ice Skates,Sports,37.56
1019,1020,100,2025-09-02,3,"Average  experience,  nothing  special.",Jane Brown,Female,45,41-50,Austria,Vienna,Soccer Ball,Sports,41.26
1020,1021,49,2024-03-16,4,"Great  purchase,  very  satisfied.",Michael Smith,Female,61,61-70,Spain,Madrid,Boxing Gloves,Sports,262.32
1021,1022,71,2025-01-23,3,Not    worth  the  money.,Isabella Miller,Female,25,18-30,Italy,Rome,Soccer Ball,Sports,41.26
1022,1023,77,2023-10-19,4,Shipping  was  fast  and  the  item  was  well-packaged.,David Lopez,Male,53,51-60,Spain,Madrid,Volleyball,Sports,42.8
1023,1024,85,2025-11-05,3,Shipping  was  fast  and  the  item  was  well-packaged.,Jane Hernandez,Male,68,61-70,Belgium,Brussels,Hockey Stick,Sports,173.83
1024,1025,31,2025-02-17,3,"Good  quality,  but  could    be  cheaper.",Daniel Jones,Male,33,31-40,Austria,Vienna,Kayak,Sports,259.4
1025,1026,90,2023-11-10,3,"Good  quality,  but  could  be  cheaper.",John Wilson,Male,54,51-60,UK,London,Ice Skates,Sports,37.56
1026,1027,22,2025-07-20,3,Not    worth  the  money.,Alex Wilson,Male,53,51-60,Germany,Berlin,Cycling Helmet,Sports,472.32
1027,1028,66,2023-04-17,3,"Good  quality,  but  could  be  cheaper.",Isabella Martinez,Female,24,18-30,Sweden,Stockholm,Yoga Mat,Sports,485.32
1028,1029,66,2025-11-14,3,"The  product  is  okay,  but  the  instructions  were  unclear.",Isabella Martinez,Female,24,18-30,Sweden,Stockholm,Tennis Racket,Sports,36.07
1029,1030,46,2024-10-02,5,"I  love  this  product,  will  buy  again!",Chris Johnson,Male,52,51-60,Spain,Madrid,Kayak,Sports,259.4
1030,1031,28,2024-05-22,3,"Average  experience,  nothing  special.",Emily Davis,Female,18,,Switzerland,Zurich,Running Shoes,Sports,223.75
1031,1032,46,2025-06-03,4,"Great  purchase,  very  satisfied.",Chris Johnson,Male,52,51-60,Spain,Madrid,Surfboard,Sports,275.43
1032,1033,74,2023-02-16,4,Shipping  was  fast  and  the  item  was  well-packaged.,Jane Smith,Male,33,31-40,UK,London,Ski Boots,Sports,340.2
1033,1034,34,2024-02-04,1,Not  worth  the  money.,Daniel Miller,Male,57,51-60,France,Paris,Hockey Stick,Sports,173.83
1034,1035,77,2023-11-25,5,Exceeded  my  expectations!,David Lopez,Male,53,51-60,Spain,Madrid,Baseball Glove,Sports,327.36
1035,1036,24,2025-08-16,2,Disappointed  with  the  performance.,Chris Hernandez,Male,25,18-30,Italy,Rome,Basketball,Sports,225.12
1036,1037,66,2024-05-20,4,"Great  purchase,  very  satisfied.",Isabella Martinez,Female,24,18-30,Sweden,Stockholm,Kayak,Sports,259.4
1037,1038,22,2024-05-28,3,Not  worth    the  money.,Alex Wilson,Male,53,51-60,Germany,Berlin,Swim Goggles,Sports,145.97
1038,1039,15,2024-11-25,3,Five  stars  for  the  quick  delivery.,Emma Martinez,Male,32,31-40,Switzerland,Zurich,Running Shoes,Sports,223.75
1039,1040,100,2024-03-02,5,The  build  quality  is    impressive.,Jane Brown,Female,45,41-50,Austria,Vienna,Hockey Stick,Sports,173.83
1040,1041,19,2024-04-14,4,"Great    purchase,  very  satisfied.",Emma Wilson,Female,36,31-40,Netherlands,Amsterdam,Volleyball,Sports,42.8
1041,1042,68,2023-10-06,3,Not  worth  the  money.,David Gonzalez,Female,57,51-60,Netherlands,Amsterdam,Running Shoes,Sports,223.75
1042,1043,29,2025-01-06,4,Five  stars  for  the  quick  delivery.,Sophia Anderson,Female,26,18-30,Italy,Rome,Ice Skates,Sports,37.56
1043,1044,79,2024-03-22,4,"I  love  this  product,  will  buy  again!",John Jones,Female,35,31-40,Netherlands,Amsterdam,Running Shoes,Sports,223.75
1044,1045,33,2024-12-14,3,"The  product  is    okay,  but  the  instructions  were  unclear.",David Thomas,Male,22,18-30,Spain,Madrid,Hockey Stick,Sports,173.83
1045,1046,45,2025-05-17,1,The  product  arrived  late.,Sarah Hernandez,Female,36,31-40,Italy,Rome,Football Helmet,Sports,44.75
1046,1047,6,2025-10-09,5,"Great  purchase,  very  satisfied.",Daniel Rodriguez,Male,31,31-40,Belgium,Brussels,Soccer Ball,Sports,41.26
1047,1048,25,2025-11-18,3,Customer  support  was  very  helpful.,David Anderson,Male,26,18-30,Italy,Rome,Surfboard,Sports,275.43
1048,1049,50,2023-05-26,5,Five  stars  for    the  quick  delivery.,Olivia Miller,Male,36,31-40,France,Paris,Fitness Tracker,Sports,196.68
1049,1050,83,2024-06-14,5,"Excellent  product,  highly    recommend!",Emily Jones,Male,20,18-30,Switzerland,Zurich,Football Helmet,Sports,44.75
1050,1051,63,2024-03-16,2,The  product  arrived  late.,John Davis,Male,27,18-30,Switzerland,Zurich,Soccer Ball,Sports,41.26
1051,1052,55,2023-08-14,4,The  quality  is  top-notch.,Emily Lopez,Female,60,51-60,UK,London,Soccer Ball,Sports,41.26
1052,1053,6,2024-02-29,5,Five  stars  for  the  quick  delivery.,Daniel Rodriguez,Male,31,31-40,Belgium,Brussels,Kayak,Sports,259.4
1053,1054,82,2024-03-27,3,"The  product  is  okay,  but  the  instructions  were  unclear.",Laura Gonzalez,Male,43,41-50,UK,London,Surfboard,Sports,275.43
1054,1055,17,2024-10-18,3,"Average  experience,    nothing  special.",Daniel Thomas,Female,46,41-50,Germany,Berlin,Basketball,Sports,225.12
1055,1056,68,2023-09-14,2,Not  worth  the  money.,David Gonzalez,Female,57,51-60,Netherlands,Amsterdam,Surfboard,Sports,275.43
1056,1057,49,2024-09-13,3,Shipping  was  fast  and  the  item  was  well-packaged.,Michael Smith,Female,61,61-70,Spain,Madrid,Surfboard,Sports,275.43
1057,1058,32,2024-11-16,3,"Great  purchase,  very  satisfied.",Laura Anderson,Female,29,18-30,Spain,Madrid,Kayak,Sports,259.4
1058,1059,67,2023-12-23,2,Not  worth  the  money.,Alex Johnson,Female,56,51-60,Spain,Madrid,Fitness Tracker,Sports,196.68
1059,1060,15,2023-05-05,3,"Good  quality,  but  could  be    cheaper.",Emma Martinez,Male,32,31-40,Switzerland,Zurich,Golf Clubs,Sports,81.59
1060,1061,64,2023-12-17,4,"Great  purchase,  very  satisfied.",Sarah Martinez,Female,62,61-70,Belgium,Brussels,Basketball,Sports,225.12
1061,1062,93,2023-11-21,5,"Great  purchase,    very  satisfied.",Jane Rodriguez,Female,41,41-50,Spain,Madrid,Swim Goggles,Sports,145.97
1062,1063,5,2025-09-21,4,"Good  quality,    but  could  be  cheaper.",Emma Miller,Female,41,41-50,Spain,Madrid,Tennis Racket,Sports,36.07
1063,1064,32,2024-09-02,3,"The    product  is  okay,  but  the  instructions  were  unclear.",Laura Anderson,Female,29,18-30,Spain,Madrid,Kayak,Sports,259.4
1064,1065,33,2023-03-21,5,Exceeded  my  expectations!,David Thomas,Male,22,18-30,Spain,Madrid,Baseball Glove,Sports,327.36
1065,1066,81,2025-08-29,4,The  quality  is    top-notch.,Emily Wilson,Male,38,31-40,Switzerland,Zurich,Tennis Racket,Sports,36.07
1066,1067,50,2024-05-09,5,Amazing  value  for  the  price.,Olivia Miller,Male,36,31-40,France,Paris,Basketball,Sports,225.12
1067,1068,61,2025-08-16,2,"The  product  is  okay,  but  the  instructions  were  unclear.",Emma Rodriguez,Female,67,61-70,Germany,Berlin,Climbing Rope,Sports,410.17
1068,1069,84,2025-03-05,4,Shipping  was  fast  and  the  item  was  well-packaged.,Michael Williams,Female,34,31-40,Spain,Madrid,Baseball Glove,Sports,327.36
1069,1070,23,2025-08-16,3,Not  worth  the  money.,Isabella Garcia,Female,37,31-40,Italy,Rome,Boxing Gloves,Sports,262.32
1070,1071,23,2024-09-16,4,"Great  purchase,  very  satisfied.",Isabella Garcia,Female,37,31-40,Italy,Rome,Basketball,Sports,225.12
1071,1072,51,2023-02-15,3,Not  worth  the  money.,Michael Davis,Female,63,61-70,Austria,Vienna,Fitness Tracker,Sports,196.68
1072,1073,30,2023-09-22,4,"Good  quality,  but  could  be  cheaper.",Alex Garcia,Female,33,31-40,Belgium,Brussels,Golf Clubs,Sports,81.59
1073,1074,21,2023-04-07,4,"Good  quality,  but  could  be  cheaper.",Olivia Gonzalez,Female,40,31-40,Spain,Madrid,Swim Goggles,Sports,145.97
1074,1075,52,2025-07-25,5,Shipping  was  fast  and  the  item  was  well-packaged.,Robert Williams,Female,41,41-50,Switzerland,Zurich,Baseball Glove,Sports,327.36
1075,1076,22,2024-10-29,5,The  quality  is  top-notch.,Alex Wilson,Male,53,51-60,Germany,Berlin,Baseball Glove,Sports,327.36
1076,1077,95,2025-04-18,5,Amazing  value  for  the  price.,James Jones,Male,43,41-50,Germany,Berlin,Cycling Helmet,Sports,472.32
1077,1078,8,2023-12-15,4,Customer  support  was  very  helpful.,James Gonzalez,Female,18,,Sweden,Stockholm,Fitness Tracker,Sports,196.68
1078,1079,73,2025-06-19,3,"Good  quality,  but  could  be  cheaper.",Sarah Gonzalez,Male,40,31-40,Spain,Madrid,Kayak,Sports,259.4
1079,1080,86,2025-05-27,4,Shipping  was  fast  and  the  item    was  well-packaged.,James Hernandez,Male,63,61-70,Austria,Vienna,Kayak,Sports,259.4
1080,1081,91,2023-07-31,5,"I  love  this  product,  will  buy  again!",John Brown,Female,62,61-70,Spain,Madrid,Soccer Ball,Sports,41.26
1081,1082,87,2025-02-09,5,Five  stars  for  the  quick  delivery.,Emma Hernandez,Male,41,41-50,Spain,Madrid,Swim Goggles,Sports,145.97
1082,1083,40,2024-04-02,4,The  quality  is  top-notch.,Olivia Thomas,Female,67,61-70,Germany,Berlin,Tennis Racket,Sports,36.07
1083,1084,99,2023-10-29,3,"Good  quality,  but  could  be  cheaper.",Laura Hernandez,Male,41,41-50,Italy,Rome,Ice Skates,Sports,37.56
1084,1085,46,2025-07-02,4,Customer  support  was  very  helpful.,Chris Johnson,Male,52,51-60,Spain,Madrid,Tennis Racket,Sports,36.07
1085,1086,47,2024-04-07,5,The  build  quality  is  impressive.,Sophia Thomas,Male,69,61-70,Netherlands,Amsterdam,Ski Boots,Sports,340.2
1086,1087,35,2023-07-27,3,"The  product  is  okay,  but  the  instructions  were  unclear.",Robert Rodriguez,Female,46,41-50,Germany,Berlin,Golf Clubs,Sports,81.59
1087,1088,55,2025-05-05,4,"I  love  this  product,  will  buy  again!",Emily Lopez,Female,60,51-60,UK,London,Swim Goggles,Sports,145.97
1088,1089,54,2024-04-12,3,"The  product  is  okay,  but  the  instructions  were  unclear.",Michael Gonzalez,Female,24,18-30,Italy,Rome,Ice Skates,Sports,37.56
1089,1090,3,2023-01-09,4,Shipping  was  fast  and  the  item  was  well-packaged.,Robert Hernandez,Female,26,18-30,Netherlands,Amsterdam,Cycling Helmet,Sports,472.32
1090,1091,72,2024-01-28,2,The  product    arrived  late.,Sophia Miller,Female,34,31-40,Sweden,Stockholm,Fitness Tracker,Sports,196.68
1091,1092,82,2023-02-16,4,Five  stars    for  the  quick  delivery.,Laura Gonzalez,Male,43,41-50,UK,London,Soccer Ball,Sports,41.26
1092,1093,25,2025-10-24,3,"Average  experience,  nothing  special.",David Anderson,Male,26,18-30,Italy,Rome,Football Helmet,Sports,44.75
1093,1094,48,2023-07-04,2,Not  worth  the  money.,Alex Gonzalez,Female,48,41-50,Belgium,Brussels,Ski Boots,Sports,340.2
1094,1095,31,2024-09-23,4,The  quality  is    top-notch.,Daniel Jones,Male,33,31-40,Austria,Vienna,Climbing Rope,Sports,410.17
1095,1096,82,2023-11-17,4,Five  stars  for  the  quick  delivery.,Laura Gonzalez,Male,43,41-50,UK,London,Swim Goggles,Sports,145.97
1096,1097,47,2023-10-15,2,"Average  experience,  nothing  special.",Sophia Thomas,Male,69,61-70,Netherlands,Amsterdam,Ice Skates,Sports,37.56
1097,1098,62,2023-04-02,5,Shipping  was  fast  and  the  item  was  well-packaged.,Michael Hernandez,Male,60,51-60,Sweden,Stockholm,Climbing Rope,Sports,410.17
1098,1099,90,2024-03-17,5,"Excellent  product,  highly  recommend!",John Wilson,Male,54,51-60,UK,London,Ice Skates,Sports,37.56
1099,1100,88,2025-08-13,4,Five  stars  for  the  quick  delivery.,James Brown,Male,42,41-50,France,Paris,Cycling Helmet,Sports,472.32
1100,1101,58,2025-01-09,5,Shipping  was  fast  and  the  item  was  well-packaged.,Jane Williams,Male,34,31-40,Austria,Vienna,Swim Goggles,Sports,145.97
1101,1102,35,2024-02-01,4,The  quality  is  top-notch.,Robert Rodriguez,Female,46,41-50,Germany,Berlin,Ice Skates,Sports,37.56
1102,1103,39,2023-05-12,5,The  build  quality  is  impressive.,Jane Miller,Female,64,61-70,Italy,Rome,Soccer Ball,Sports,41.26
1103,1104,39,2023-08-06,3,Not  worth  the  money.,Jane Miller,Female,64,61-70,Italy,Rome,Tennis Racket,Sports,36.07
1104,1105,20,2023-03-19,3,"Good    quality,  but  could  be  cheaper.",David Johnson,Male,22,18-30,UK,London,Kayak,Sports,259.4
1105,1106,37,2025-01-29,5,Five  stars  for  the  quick  delivery.,Olivia Lopez,Female,44,41-50,Germany,Berlin,Soccer Ball,Sports,41.26
1106,1107,51,2024-03-27,4,Five  stars  for  the  quick  delivery.,Michael Davis,Female,63,61-70,Austria,Vienna,Cycling Helmet,Sports,472.32
1107,1108,50,2023-05-03,1,The  product  stopped  working  after  a  month.,Olivia Miller,Male,36,31-40,France,Paris,Yoga Mat,Sports,485.32
1108,1109,22,2023-06-09,5,"Excellent  product,    highly  recommend!",Alex Wilson,Male,53,51-60,Germany,Berlin,Volleyball,Sports,42.8
1109,1110,38,2024-04-26,3,Not  worth  the  money.,John Garcia,Male,28,18-30,Spain,Madrid,Football Helmet,Sports,44.75
1110,1111,91,2024-01-25,3,"Good  quality,    but  could  be  cheaper.",John Brown,Female,62,61-70,Spain,Madrid,Kayak,Sports,259.4
1111,1112,40,2023-06-07,5,"Excellent  product,  highly  recommend!",Olivia Thomas,Female,67,61-70,Germany,Berlin,Running Shoes,Sports,223.75
1112,1113,28,2024-11-23,3,"The  product  is  okay,  but  the  instructions  were  unclear.",Emily Davis,Female,18,,Switzerland,Zurich,Yoga Mat,Sports,485.32
1113,1114,56,2025-06-14,4,Shipping  was  fast  and  the  item  was  well-packaged.,Sophia Davis,Female,66,61-70,Switzerland,Zurich,Climbing Rope,Sports,410.17
1114,1115,82,2023-10-12,3,"Good  quality,  but  could  be    cheaper.",Laura Gonzalez,Male,43,41-50,UK,London,Dumbbells,Sports,26.21
1115,1116,52,2025-05-22,4,Five  stars  for  the  quick  delivery.,Robert Williams,Female,41,41-50,Switzerland,Zurich,Soccer Ball,Sports,41.26
1116,1117,74,2023-09-12,4,The  quality  is  top-notch.,Jane Smith,Male,33,31-40,UK,London,Ski Boots,Sports,340.2
1117,1118,50,2023-05-15,4,Five  stars  for  the  quick  delivery.,Olivia Miller,Male,36,31-40,France,Paris,Kayak,Sports,259.4
1118,1119,99,2024-01-19,2,Product  did  not  meet  my  expectations.,Laura Hernandez,Male,41,41-50,Italy,Rome,Dumbbells,Sports,26.21
1119,1120,4,2024-09-30,2,"Average  experience,  nothing  special.",David Garcia,Male,25,18-30,Sweden,Stockholm,Surfboard,Sports,275.43
1120,1121,23,2023-06-25,4,Customer  support  was  very  helpful.,Isabella Garcia,Female,37,31-40,Italy,Rome,Boxing Gloves,Sports,262.32
1121,1122,78,2023-12-03,5,The  quality  is  top-notch.,Olivia Smith,Female,24,18-30,Sweden,Stockholm,Hockey Stick,Sports,173.83
1122,1123,68,2024-06-02,3,"The  product  is    okay,  but  the  instructions  were  unclear.",David Gonzalez,Female,57,51-60,Netherlands,Amsterdam,Boxing Gloves,Sports,262.32
1123,1124,6,2025-10-22,5,"I  love  this  product,  will  buy  again!",Daniel Rodriguez,Male,31,31-40,Belgium,Brussels,Baseball Glove,Sports,327.36
1124,1125,100,2025-07-20,2,"Good  quality,  but  could  be  cheaper.",Jane Brown,Female,45,41-50,Austria,Vienna,Ice Skates,Sports,37.56
1125,1126,10,2025-03-19,2,Not  worth  the  money.,Chris Davis,Female,46,41-50,Germany,Berlin,Hockey Stick,Sports,173.83
1126,1127,82,2024-01-06,4,Customer  support  was  very  helpful.,Laura Gonzalez,Male,43,41-50,UK,London,Climbing Rope,Sports,410.17
1127,1128,77,2023-02-11,5,Shipping  was  fast  and  the  item  was  well-packaged.,David Lopez,Male,53,51-60,Spain,Madrid,Tennis Racket,Sports,36.07
1128,1129,80,2024-11-06,5,The  build  quality  is  impressive.,Laura Jones,Female,25,18-30,Netherlands,Amsterdam,Golf Clubs,Sports,81.59
1129,1130,88,2025-12-30,4,The  quality  is  top-notch.,James Brown,Male,42,41-50,France,Paris,Swim Goggles,Sports,145.97
1130,1131,97,2025-06-02,5,The  build    quality  is  impressive.,Emily Rodriguez,Female,51,51-60,France,Paris,Fitness Tracker,Sports,196.68
1131,1132,68,2023-12-22,3,"Average  experience,  nothing  special.",David Gonzalez,Female,57,51-60,Netherlands,Amsterdam,Baseball Glove,Sports,327.36
1132,1133,46,2023-09-12,4,"I  love  this  product,  will  buy  again!",Chris Johnson,Male,52,51-60,Spain,Madrid,Hockey Stick,Sports,173.83
1133,1134,29,2024-06-16,5,The    build  quality  is  impressive.,Sophia Anderson,Female,26,18-30,Italy,Rome,Football Helmet,Sports,44.75
1134,1135,77,2024-10-26,1,Product  did  not  meet  my  expectations.,David Lopez,Male,53,51-60,Spain,Madrid,Ice Skates,Sports,37.56
1135,1136,62,2025-03-02,5,Customer  support  was  very  helpful.,Michael Hernandez,Male,60,51-60,Sweden,Stockholm,Football Helmet,Sports,44.75
1136,1137,73,2025-01-19,3,Five  stars  for  the  quick  delivery.,Sarah Gonzalez,Male,40,31-40,Spain,Madrid,Soccer Ball,Sports,41.26
1137,1138,81,2024-12-23,3,The  quality  is  top-notch.,Emily Wilson,Male,38,31-40,Switzerland,Zurich,Dumbbells,Sports,26.21
1138,1139,18,2024-02-28,3,"Average  experience,  nothing  special.",Robert Lopez,Female,38,31-40,Italy,Rome,Soccer Ball,Sports,41.26
1139,1140,28,2023-03-07,2,Disappointed  with  the  performance.,Emily Davis,Female,18,,Switzerland,Zurich,Ice Skates,Sports,37.56
1140,1141,24,2023-04-01,5,Customer    support  was  very  helpful.,Chris Hernandez,Male,25,18-30,Italy,Rome,Surfboard,Sports,275.43
1141,1142,4,2024-04-24,4,Shipping  was  fast  and  the  item  was  well-packaged.,David Garcia,Male,25,18-30,Sweden,Stockholm,Fitness Tracker,Sports,196.68
1142,1143,75,2025-08-09,4,The  quality  is  top-notch.,David Smith,Female,43,41-50,Netherlands,Amsterdam,Volleyball,Sports,42.8
1143,1144,24,2024-01-29,5,The  build  quality    is  impressive.,Chris Hernandez,Male,25,18-30,Italy,Rome,Football Helmet,Sports,44.75
1144,1145,61,2024-02-25,5,"Excellent  product,  highly  recommend!",Emma Rodriguez,Female,67,61-70,Germany,Berlin,Football Helmet,Sports,44.75
1145,1146,88,2024-02-10,4,Shipping  was  fast  and  the  item  was  well-packaged.,James Brown,Male,42,41-50,France,Paris,Climbing Rope,Sports,410.17
1146,1147,79,2025-05-09,5,"Excellent  product,  highly  recommend!",John Jones,Female,35,31-40,Netherlands,Amsterdam,Soccer Ball,Sports,41.26
1147,1148,94,2024-10-11,4,"Good  quality,  but    could  be  cheaper.",Jane Anderson,Male,48,41-50,Belgium,Brussels,Fitness Tracker,Sports,196.68
1148,1149,67,2023-12-24,3,Not  worth  the  money.,Alex Johnson,Female,56,51-60,Spain,Madrid,Swim Goggles,Sports,145.97
1149,1150,90,2024-02-19,5,Five  stars  for  the  quick  delivery.,John Wilson,Male,54,51-60,UK,London,Yoga Mat,Sports,485.32
1150,1151,46,2025-01-19,5,Customer  support  was  very  helpful.,Chris Johnson,Male,52,51-60,Spain,Madrid,Climbing Rope,Sports,410.17
1151,1152,23,2025-11-05,3,Customer    support  was  very  helpful.,Isabella Garcia,Female,37,31-40,Italy,Rome,Cycling Helmet,Sports,472.32
1152,1153,53,2023-06-17,5,"Excellent  product,  highly  recommend!",Emma Thomas,Female,19,18-30,Germany,Berlin,Golf Clubs,Sports,81.59
1153,1154,9,2023-07-09,2,Disappointed  with  the  performance.,Emily Thomas,Male,29,18-30,Austria,Vienna,Hockey Stick,Sports,173.83
1154,1155,1,2025-01-09,5,Exceeded  my  expectations!,Emma Anderson,Male,50,41-50,Germany,Berlin,Ice Skates,Sports,37.56
1155,1156,79,2024-06-16,3,"Good  quality,  but  could  be  cheaper.",John Jones,Female,35,31-40,Netherlands,Amsterdam,Volleyball,Sports,42.8
1156,1157,13,2025-07-16,1,The  product  stopped  working  after  a  month.,David Wilson,Male,50,41-50,UK,London,Ice Skates,Sports,37.56
1157,1158,99,2024-07-29,4,The  quality  is  top-notch.,Laura Hernandez,Male,41,41-50,Italy,Rome,Boxing Gloves,Sports,262.32
1158,1159,59,2025-01-29,5,The  quality  is  top-notch.,James Smith,Female,44,41-50,Netherlands,Amsterdam,Baseball Glove,Sports,327.36
1159,1160,97,2025-12-26,5,Five  stars  for  the  quick  delivery.,Emily Rodriguez,Female,51,51-60,France,Paris,Basketball,Sports,225.12
1160,1161,10,2023-01-01,5,Shipping  was  fast  and  the    item  was  well-packaged.,Chris Davis,Female,46,41-50,Germany,Berlin,Hockey Stick,Sports,173.83
1161,1162,55,2024-06-08,2,The  product  arrived  late.,Emily Lopez,Female,60,51-60,UK,London,Golf Clubs,Sports,81.59
1162,1163,15,2023-10-04,3,"Good  quality,  but  could  be  cheaper.",Emma Martinez,Male,32,31-40,Switzerland,Zurich,Ski Boots,Sports,340.2
1163,1164,69,2023-01-04,3,"Good  quality,  but  could  be  cheaper.",Emma Gonzalez,Male,26,18-30,Spain,Madrid,Yoga Mat,Sports,485.32
1164,1165,20,2024-02-06,5,The  quality  is  top-notch.,David Johnson,Male,22,18-30,UK,London,Ice Skates,Sports,37.56
1165,1166,63,2024-11-10,5,The  build  quality    is  impressive.,John Davis,Male,27,18-30,Switzerland,Zurich,Climbing Rope,Sports,410.17
1166,1167,50,2024-08-21,5,The  quality  is  top-notch.,Olivia Miller,Male,36,31-40,France,Paris,Hockey Stick,Sports,173.83
1167,1168,93,2025-09-21,5,Exceeded  my  expectations!,Jane Rodriguez,Female,41,41-50,Spain,Madrid,Kayak,Sports,259.4
1168,1169,97,2025-06-24,4,"Great  purchase,  very  satisfied.",Emily Rodriguez,Female,51,51-60,France,Paris,Hockey Stick,Sports,173.83
1169,1170,78,2023-12-19,4,Customer  support  was  very  helpful.,Olivia Smith,Female,24,18-30,Sweden,Stockholm,Dumbbells,Sports,26.21
1170,1171,49,2024-01-12,2,"Average  experience,  nothing  special.",Michael Smith,Female,61,61-70,Spain,Madrid,Dumbbells,Sports,26.21
1171,1172,33,2025-04-03,5,The    build  quality  is  impressive.,David Thomas,Male,22,18-30,Spain,Madrid,Climbing Rope,Sports,410.17
1172,1173,76,2025-08-09,4,"Great  purchase,  very  satisfied.",Michael Lopez,Female,26,18-30,Austria,Vienna,Yoga Mat,Sports,485.32
1173,1174,69,2025-08-24,4,Shipping  was  fast  and  the  item  was  well-packaged.,Emma Gonzalez,Male,26,18-30,Spain,Madrid,Yoga Mat,Sports,485.32
1174,1175,78,2025-07-04,5,"Excellent  product,  highly  recommend!",Olivia Smith,Female,24,18-30,Sweden,Stockholm,Tennis Racket,Sports,36.07
1175,1176,74,2025-05-27,5,"Excellent  product,  highly  recommend!",Jane Smith,Male,33,31-40,UK,London,Climbing Rope,Sports,410.17
1176,1177,45,2023-12-28,3,"Average  experience,  nothing  special.",Sarah Hernandez,Female,36,31-40,Italy,Rome,Golf Clubs,Sports,81.59
1177,1178,43,2024-09-08,1,I  had  a  bad  experience  with  this  product.,Olivia Hernandez,Male,53,51-60,Sweden,Stockholm,Tennis Racket,Sports,36.07
1178,1179,84,2025-07-31,3,Not  worth  the  money.,Michael Williams,Female,34,31-40,Spain,Madrid,Basketball,Sports,225.12
1179,1180,64,2025-06-19,5,Five  stars  for  the  quick  delivery.,Sarah Martinez,Female,62,61-70,Belgium,Brussels,Volleyball,Sports,42.8
1180,1181,28,2025-02-25,3,"Good  quality,  but  could  be  cheaper.",Emily Davis,Female,18,,Switzerland,Zurich,Football Helmet,Sports,44.75
1181,1182,70,2023-08-21,4,"I  love  this  product,  will  buy  again!",James Garcia,Female,31,31-40,Belgium,Brussels,Climbing Rope,Sports,410.17
1182,1183,91,2023-02-06,3,"Average  experience,  nothing  special.",John Brown,Female,62,61-70,Spain,Madrid,Dumbbells,Sports,26.21
1183,1184,5,2023-12-25,5,Exceeded  my  expectations!,Emma Miller,Female,41,41-50,Spain,Madrid,Volleyball,Sports,42.8
1184,1185,5,2025-10-01,5,Shipping  was  fast  and  the  item  was  well-packaged.,Emma Miller,Female,41,41-50,Spain,Madrid,Ice Skates,Sports,37.56
1185,1186,80,2025-10-15,4,"I  love  this  product,  will  buy  again!",Laura Jones,Female,25,18-30,Netherlands,Amsterdam,Ski Boots,Sports,340.2
1186,1187,66,2023-06-11,4,"Great  purchase,  very  satisfied.",Isabella Martinez,Female,24,18-30,Sweden,Stockholm,Baseball Glove,Sports,327.36
1187,1188,17,2023-04-05,5,"Great  purchase,    very  satisfied.",Daniel Thomas,Female,46,41-50,Germany,Berlin,Fitness Tracker,Sports,196.68
1188,1189,32,2023-12-28,3,Not  worth  the  money.,Laura Anderson,Female,29,18-30,Spain,Madrid,Boxing Gloves,Sports,262.32
1189,1190,16,2024-08-19,1,The    product  arrived  late.,Michael Martinez,Male,40,31-40,Italy,Rome,Dumbbells,Sports,26.21
1190,1191,60,2023-08-27,5,"Excellent  product,  highly  recommend!",John Thomas,Male,53,51-60,Netherlands,Amsterdam,Hockey Stick,Sports,173.83
1191,1192,80,2024-05-21,3,"Average  experience,  nothing  special.",Laura Jones,Female,25,18-30,Netherlands,Amsterdam,Hockey Stick,Sports,173.83
1192,1193,7,2025-06-13,5,"Excellent  product,  highly  recommend!",Laura Miller,Male,35,31-40,Belgium,Brussels,Fitness Tracker,Sports,196.68
1193,1194,11,2023-03-01,3,Not  worth  the  money.,Emma Garcia,Male,54,51-60,Austria,Vienna,Swim Goggles,Sports,145.97
1194,1195,89,2023-11-19,5,Exceeded    my  expectations!,Alex Rodriguez,Male,22,18-30,Sweden,Stockholm,Fitness Tracker,Sports,196.68
1195,1196,57,2024-06-07,5,"Excellent  product,  highly  recommend!",James Rodriguez,Male,48,41-50,Spain,Madrid,Kayak,Sports,259.4
1196,1197,70,2024-10-30,1,The  product  arrived  late.,James Garcia,Female,31,31-40,Belgium,Brussels,Climbing Rope,Sports,410.17
1197,1198,92,2024-06-25,4,Customer  support  was  very  helpful.,David Hernandez,Female,67,61-70,UK,London,Running Shoes,Sports,223.75
1198,1199,71,2024-09-16,4,The  quality  is  top-notch.,Isabella Miller,Female,25,18-30,Italy,Rome,Basketball,Sports,225.12
1199,1200,89,2024-04-04,4,Shipping  was  fast  and  the  item  was  well-packaged.,Alex Rodriguez,Male,22,18-30,Sweden,Stockholm,Surfboard,Sports,275.43
1200,1201,14,2023-08-04,4,"Great  purchase,  very  satisfied.",Olivia Wilson,Male,60,51-60,Spain,Madrid,Ski Boots,Sports,340.2
1201,1202,28,2023-04-28,3,Not  worth  the    money.,Emily Davis,Female,18,,Switzerland,Zurich,Surfboard,Sports,275.43
1202,1203,2,2025-07-20,4,"Great  purchase,  very  satisfied.",Sarah Brown,Female,37,31-40,Spain,Madrid,Hockey Stick,Sports,173.83
1203,1204,19,2024-11-06,4,The  quality  is  top-notch.,Emma Wilson,Female,36,31-40,Netherlands,Amsterdam,Volleyball,Sports,42.8
1204,1205,73,2025-12-04,5,The  quality    is  top-notch.,Sarah Gonzalez,Male,40,31-40,Spain,Madrid,Surfboard,Sports,275.43
1205,1206,50,2023-07-06,4,The  quality  is  top-notch.,Olivia Miller,Male,36,31-40,France,Paris,Ice Skates,Sports,37.56
1206,1207,90,2025-06-27,5,The  build  quality  is  impressive.,John Wilson,Male,54,51-60,UK,London,Volleyball,Sports,42.8
1207,1208,16,2024-07-11,5,"Great  purchase,  very  satisfied.",Michael Martinez,Male,40,31-40,Italy,Rome,Climbing Rope,Sports,410.17
1208,1209,53,2024-04-03,5,Five  stars  for    the  quick  delivery.,Emma Thomas,Female,19,18-30,Germany,Berlin,Golf Clubs,Sports,81.59
1209,1210,67,2024-10-24,4,"Good  quality,  but  could  be  cheaper.",Alex Johnson,Female,56,51-60,Spain,Madrid,Football Helmet,Sports,44.75
1210,1211,30,2023-10-04,5,Customer  support    was  very  helpful.,Alex Garcia,Female,33,31-40,Belgium,Brussels,Volleyball,Sports,42.8
1211,1212,82,2024-10-11,2,Not  worth  the  money.,Laura Gonzalez,Male,43,41-50,UK,London,Hockey Stick,Sports,173.83
1212,1213,14,2023-12-23,5,Customer  support  was  very  helpful.,Olivia Wilson,Male,60,51-60,Spain,Madrid,Baseball Glove,Sports,327.36
1213,1214,100,2025-08-27,4,"Great  purchase,  very  satisfied.",Jane Brown,Female,45,41-50,Austria,Vienna,Golf Clubs,Sports,81.59
1214,1215,68,2025-03-28,2,Product  did  not  meet  my  expectations.,David Gonzalez,Female,57,51-60,Netherlands,Amsterdam,Basketball,Sports,225.12
1215,1216,53,2023-04-14,5,Amazing  value  for  the  price.,Emma Thomas,Female,19,18-30,Germany,Berlin,Ski Boots,Sports,340.2
1216,1217,81,2024-01-14,5,Customer  support  was  very  helpful.,Emily Wilson,Male,38,31-40,Switzerland,Zurich,Volleyball,Sports,42.8
1217,1218,8,2025-11-09,5,Shipping  was    fast  and  the  item  was  well-packaged.,James Gonzalez,Female,18,,Sweden,Stockholm,Baseball Glove,Sports,327.36
1218,1219,49,2025-05-28,5,"Great  purchase,  very  satisfied.",Michael Smith,Female,61,61-70,Spain,Madrid,Basketball,Sports,225.12
1219,1220,25,2023-01-26,2,The  product  arrived  late.,David Anderson,Male,26,18-30,Italy,Rome,Football Helmet,Sports,44.75
1220,1221,42,2023-08-31,4,"Good  quality,  but  could    be  cheaper.",John Gonzalez,Female,69,61-70,UK,London,Surfboard,Sports,275.43
1221,1222,57,2025-05-23,3,"I  love  this  product,  will  buy    again!",James Rodriguez,Male,48,41-50,Spain,Madrid,Tennis Racket,Sports,36.07
1222,1223,18,2025-11-12,3,"Great  purchase,  very  satisfied.",Robert Lopez,Female,38,31-40,Italy,Rome,Kayak,Sports,259.4
1223,1224,82,2025-11-30,5,"Great  purchase,  very  satisfied.",Laura Gonzalez,Male,43,41-50,UK,London,Cycling Helmet,Sports,472.32
1224,1225,93,2024-08-08,2,The  product  arrived  late.,Jane Rodriguez,Female,41,41-50,Spain,Madrid,Football Helmet,Sports,44.75
1225,1226,75,2024-08-17,5,"I  love  this  product,    will  buy  again!",David Smith,Female,43,41-50,Netherlands,Amsterdam,Soccer Ball,Sports,41.26
1226,1227,30,2025-01-20,5,"Great  purchase,  very    satisfied.",Alex Garcia,Female,33,31-40,Belgium,Brussels,Cycling Helmet,Sports,472.32
1227,1228,57,2023-11-30,4,"I  love  this  product,  will  buy  again!",James Rodriguez,Male,48,41-50,Spain,Madrid,Running Shoes,Sports,223.75
1228,1229,31,2025-06-01,4,"I  love  this  product,  will  buy  again!",Daniel Jones,Male,33,31-40,Austria,Vienna,Surfboard,Sports,275.43
1229,1230,55,2025-04-27,5,Exceeded  my  expectations!,Emily Lopez,Female,60,51-60,UK,London,Volleyball,Sports,42.8
1230,1231,81,2024-09-02,2,Product  did  not  meet  my  expectations.,Emily Wilson,Male,38,31-40,Switzerland,Zurich,Basketball,Sports,225.12
1231,1232,7,2024-09-18,5,Shipping  was  fast  and  the  item  was  well-packaged.,Laura Miller,Male,35,31-40,Belgium,Brussels,Surfboard,Sports,275.43
1232,1233,73,2024-03-13,3,"The  product  is    okay,  but  the  instructions  were  unclear.",Sarah Gonzalez,Male,40,31-40,Spain,Madrid,Soccer Ball,Sports,41.26
1233,1234,37,2024-02-21,3,"Good  quality,  but  could  be  cheaper.",Olivia Lopez,Female,44,41-50,Germany,Berlin,Football Helmet,Sports,44.75
1234,1235,87,2023-05-24,5,Five  stars  for  the  quick  delivery.,Emma Hernandez,Male,41,41-50,Spain,Madrid,Running Shoes,Sports,223.75
1235,1236,60,2023-02-07,4,Five  stars  for  the  quick  delivery.,John Thomas,Male,53,51-60,Netherlands,Amsterdam,Yoga Mat,Sports,485.32
1236,1237,94,2024-10-20,1,"Not  satisfied,  the  product  broke  after  a  week.",Jane Anderson,Male,48,41-50,Belgium,Brussels,Surfboard,Sports,275.43
1237,1238,15,2025-06-13,4,Customer    support  was  very  helpful.,Emma Martinez,Male,32,31-40,Switzerland,Zurich,Baseball Glove,Sports,327.36
1238,1239,49,2024-02-07,5,"Excellent  product,  highly  recommend!",Michael Smith,Female,61,61-70,Spain,Madrid,Climbing Rope,Sports,410.17
1239,1240,66,2025-02-28,3,"Good  quality,  but  could  be  cheaper.",Isabella Martinez,Female,24,18-30,Sweden,Stockholm,Soccer Ball,Sports,41.26
1240,1241,62,2024-03-11,3,"Good  quality,  but  could  be  cheaper.",Michael Hernandez,Male,60,51-60,Sweden,Stockholm,Surfboard,Sports,275.43
1241,1242,22,2025-02-08,4,"Great  purchase,  very  satisfied.",Alex Wilson,Male,53,51-60,Germany,Berlin,Hockey Stick,Sports,173.83
1242,1243,92,2023-11-08,5,"Great    purchase,  very  satisfied.",David Hernandez,Female,67,61-70,UK,London,Golf Clubs,Sports,81.59
1243,1244,8,2024-01-20,5,"I  love  this  product,  will    buy  again!",James Gonzalez,Female,18,,Sweden,Stockholm,Basketball,Sports,225.12
1244,1245,60,2025-12-19,3,Not  worth  the  money.,John Thomas,Male,53,51-60,Netherlands,Amsterdam,Soccer Ball,Sports,41.26
1245,1246,53,2024-08-04,4,The  quality  is  top-notch.,Emma Thomas,Female,19,18-30,Germany,Berlin,Running Shoes,Sports,223.75
1246,1247,79,2024-08-08,2,"Average  experience,  nothing  special.",John Jones,Female,35,31-40,Netherlands,Amsterdam,Tennis Racket,Sports,36.07
1247,1248,72,2025-12-19,4,Shipping  was  fast  and  the  item  was    well-packaged.,Sophia Miller,Female,34,31-40,Sweden,Stockholm,Fitness Tracker,Sports,196.68
1248,1249,72,2025-01-23,3,"Average    experience,  nothing  special.",Sophia Miller,Female,34,31-40,Sweden,Stockholm,Soccer Ball,Sports,41.26
1249,1250,11,2025-10-23,1,Not  worth  the  money.,Emma Garcia,Male,54,51-60,Austria,Vienna,Golf Clubs,Sports,81.59
1250,1251,20,2024-06-10,3,"Good  quality,  but  could  be  cheaper.",David Johnson,Male,22,18-30,UK,London,Fitness Tracker,Sports,196.68
1251,1252,87,2024-12-10,5,Exceeded    my  expectations!,Emma Hernandez,Male,41,41-50,Spain,Madrid,Football Helmet,Sports,44.75
1252,1253,68,2024-06-30,3,Not  worth    the  money.,David Gonzalez,Female,57,51-60,Netherlands,Amsterdam,Yoga Mat,Sports,485.32
1253,1254,45,2024-02-16,5,The  quality  is  top-notch.,Sarah Hernandez,Female,36,31-40,Italy,Rome,Dumbbells,Sports,26.21
1254,1255,42,2025-12-15,5,Five  stars  for  the  quick  delivery.,John Gonzalez,Female,69,61-70,UK,London,Football Helmet,Sports,44.75
1255,1256,80,2025-08-12,2,Disappointed  with  the  performance.,Laura Jones,Female,25,18-30,Netherlands,Amsterdam,Dumbbells,Sports,26.21
1256,1257,93,2023-02-05,4,Customer  support  was  very  helpful.,Jane Rodriguez,Female,41,41-50,Spain,Madrid,Golf Clubs,Sports,81.59
1257,1258,80,2023-11-13,5,Amazing  value  for  the  price.,Laura Jones,Female,25,18-30,Netherlands,Amsterdam,Running Shoes,Sports,223.75
1258,1259,66,2023-06-13,3,"Average  experience,  nothing  special.",Isabella Martinez,Female,24,18-30,Sweden,Stockholm,Climbing Rope,Sports,410.17
1259,1260,47,2025-09-02,5,Exceeded  my  expectations!,Sophia Thomas,Male,69,61-70,Netherlands,Amsterdam,Tennis Racket,Sports,36.07
1260,1261,12,2023-08-08,4,Five  stars  for  the  quick  delivery.,James Lopez,Female,43,41-50,Belgium,Brussels,Volleyball,Sports,42.8
1261,1262,46,2024-08-26,2,Disappointed  with    the  performance.,Chris Johnson,Male,52,51-60,Spain,Madrid,Surfboard,Sports,275.43
1262,1263,48,2023-09-20,3,"Average    experience,  nothing  special.",Alex Gonzalez,Female,48,41-50,Belgium,Brussels,Baseball Glove,Sports,327.36
1263,1264,72,2023-05-07,5,"Great  purchase,  very  satisfied.",Sophia Miller,Female,34,31-40,Sweden,Stockholm,Basketball,Sports,225.12
1264,1265,81,2023-04-29,4,Customer  support    was  very  helpful.,Emily Wilson,Male,38,31-40,Switzerland,Zurich,Boxing Gloves,Sports,262.32
1265,1266,65,2025-07-01,4,Shipping  was  fast  and  the  item  was  well-packaged.,Olivia Rodriguez,Female,31,31-40,Italy,Rome,Cycling Helmet,Sports,472.32
1266,1267,85,2024-07-11,5,The  quality  is  top-notch.,Jane Hernandez,Male,68,61-70,Belgium,Brussels,Dumbbells,Sports,26.21
1267,1268,60,2023-10-06,3,Not  worth    the  money.,John Thomas,Male,53,51-60,Netherlands,Amsterdam,Tennis Racket,Sports,36.07
1268,1269,39,2024-02-09,4,The  quality  is    top-notch.,Jane Miller,Female,64,61-70,Italy,Rome,Swim Goggles,Sports,145.97
1269,1270,72,2025-07-11,4,"I  love  this  product,  will  buy  again!",Sophia Miller,Female,34,31-40,Sweden,Stockholm,Kayak,Sports,259.4
1270,1271,64,2024-04-28,4,The  quality    is  top-notch.,Sarah Martinez,Female,62,61-70,Belgium,Brussels,Golf Clubs,Sports,81.59
1271,1272,82,2025-12-24,4,Exceeded  my  expectations!,Laura Gonzalez,Male,43,41-50,UK,London,Cycling Helmet,Sports,472.32
1272,1273,74,2024-02-19,4,Five  stars  for  the  quick  delivery.,Jane Smith,Male,33,31-40,UK,London,Golf Clubs,Sports,81.59
1273,1274,24,2025-08-14,1,Not  worth  the  money.,Chris Hernandez,Male,25,18-30,Italy,Rome,Running Shoes,Sports,223.75
1274,1275,52,2023-06-06,5,Customer  support  was  very  helpful.,Robert Williams,Female,41,41-50,Switzerland,Zurich,Fitness Tracker,Sports,196.68
1275,1276,52,2024-11-05,2,"Good  quality,  but    could  be  cheaper.",Robert Williams,Female,41,41-50,Switzerland,Zurich,Golf Clubs,Sports,81.59
1276,1277,20,2023-09-28,4,"I  love  this  product,  will  buy  again!",David Johnson,Male,22,18-30,UK,London,Ski Boots,Sports,340.2
1277,1278,25,2023-06-22,5,The  quality  is  top-notch.,David Anderson,Male,26,18-30,Italy,Rome,Surfboard,Sports,275.43
1278,1279,54,2025-09-13,3,"Good  quality,  but  could  be  cheaper.",Michael Gonzalez,Female,24,18-30,Italy,Rome,Football Helmet,Sports,44.75
1279,1280,88,2023-01-18,3,Not  worth  the  money.,James Brown,Male,42,41-50,France,Paris,Hockey Stick,Sports,173.83
1280,1281,58,2023-09-24,5,The  quality  is  top-notch.,Jane Williams,Male,34,31-40,Austria,Vienna,Ice Skates,Sports,37.56
1281,1282,7,2023-04-24,2,The  product  arrived  late.,Laura Miller,Male,35,31-40,Belgium,Brussels,Hockey Stick,Sports,173.83
1282,1283,67,2024-09-24,3,"The    product  is  okay,  but  the  instructions  were  unclear.",Alex Johnson,Female,56,51-60,Spain,Madrid,Fitness Tracker,Sports,196.68
1283,1284,2,2025-10-04,1,Not  worth  the  money.,Sarah Brown,Female,37,31-40,Spain,Madrid,Ice Skates,Sports,37.56
1284,1285,81,2024-07-15,4,"Good  quality,  but  could  be    cheaper.",Emily Wilson,Male,38,31-40,Switzerland,Zurich,Ice Skates,Sports,37.56
1285,1286,89,2025-03-12,5,"Excellent  product,  highly  recommend!",Alex Rodriguez,Male,22,18-30,Sweden,Stockholm,Hockey Stick,Sports,173.83
1286,1287,69,2024-10-04,2,Product  did  not  meet  my  expectations.,Emma Gonzalez,Male,26,18-30,Spain,Madrid,Surfboard,Sports,275.43
1287,1288,77,2025-06-09,5,"I  love  this  product,  will  buy  again!",David Lopez,Male,53,51-60,Spain,Madrid,Football Helmet,Sports,44.75
1288,1289,52,2023-09-30,3,"Good  quality,  but  could  be  cheaper.",Robert Williams,Female,41,41-50,Switzerland,Zurich,Basketball,Sports,225.12
1289,1290,30,2024-04-01,3,"The  product  is  okay,  but  the  instructions  were  unclear.",Alex Garcia,Female,33,31-40,Belgium,Brussels,Tennis Racket,Sports,36.07
1290,1291,90,2024-05-20,4,Shipping  was  fast  and  the  item    was  well-packaged.,John Wilson,Male,54,51-60,UK,London,Fitness Tracker,Sports,196.68
1291,1292,16,2024-03-15,5,The  quality  is  top-notch.,Michael Martinez,Male,40,31-40,Italy,Rome,Soccer Ball,Sports,41.26
1292,1293,23,2024-11-07,5,Exceeded  my  expectations!,Isabella Garcia,Female,37,31-40,Italy,Rome,Fitness Tracker,Sports,196.68
1293,1294,86,2023-06-11,4,Shipping  was  fast  and  the  item  was  well-packaged.,James Hernandez,Male,63,61-70,Austria,Vienna,Ski Boots,Sports,340.2
1294,1295,61,2025-09-16,5,The  build  quality  is  impressive.,Emma Rodriguez,Female,67,61-70,Germany,Berlin,Football Helmet,Sports,44.75
1295,1296,60,2025-10-26,4,"Good  quality,    but  could  be  cheaper.",John Thomas,Male,53,51-60,Netherlands,Amsterdam,Baseball Glove,Sports,327.36
1296,1297,87,2024-08-14,3,"Average  experience,  nothing  special.",Emma Hernandez,Male,41,41-50,Spain,Madrid,Soccer Ball,Sports,41.26
1297,1298,82,2024-08-13,4,"Excellent  product,  highly  recommend!",Laura Gonzalez,Male,43,41-50,UK,London,Running Shoes,Sports,223.75
1298,1299,44,2025-07-02,4,"I  love  this  product,  will  buy  again!",Olivia Brown,Female,59,51-60,Switzerland,Zurich,Volleyball,Sports,42.8
1299,1300,6,2024-04-14,4,Customer  support  was  very  helpful.,Daniel Rodriguez,Male,31,31-40,Belgium,Brussels,Ski Boots,Sports,340.2
1300,1301,79,2025-05-28,4,"Great  purchase,  very  satisfied.",John Jones,Female,35,31-40,Netherlands,Amsterdam,Swim Goggles,Sports,145.97
1301,1302,20,2023-11-29,3,"Good  quality,  but  could  be  cheaper.",David Johnson,Male,22,18-30,UK,London,Ski Boots,Sports,340.2
1302,1303,99,2024-03-22,4,Customer  support  was  very  helpful.,Laura Hernandez,Male,41,41-50,Italy,Rome,Yoga Mat,Sports,485.32
1303,1304,77,2024-05-09,3,"Average  experience,  nothing  special.",David Lopez,Male,53,51-60,Spain,Madrid,Climbing Rope,Sports,410.17
1304,1305,24,2025-01-26,1,The    product  arrived  late.,Chris Hernandez,Male,25,18-30,Italy,Rome,Dumbbells,Sports,26.21
1305,1306,89,2023-09-03,4,Customer  support  was  very  helpful.,Alex Rodriguez,Male,22,18-30,Sweden,Stockholm,Running Shoes,Sports,223.75
1306,1307,36,2024-05-16,3,"Average    experience,  nothing  special.",Emma Johnson,Female,63,61-70,France,Paris,Swim Goggles,Sports,145.97
1307,1308,46,2025-02-03,4,"Great  purchase,    very  satisfied.",Chris Johnson,Male,52,51-60,Spain,Madrid,Soccer Ball,Sports,41.26
1308,1309,53,2024-10-12,4,"I  love  this  product,    will  buy  again!",Emma Thomas,Female,19,18-30,Germany,Berlin,Football Helmet,Sports,44.75
1309,1310,96,2025-11-19,3,"Good    quality,  but  could  be  cheaper.",Emily Gonzalez,Female,38,31-40,Austria,Vienna,Surfboard,Sports,275.43
1310,1311,71,2023-01-29,5,"Great  purchase,  very  satisfied.",Isabella Miller,Female,25,18-30,Italy,Rome,Swim Goggles,Sports,145.97
1311,1312,11,2023-05-16,4,"Good  quality,  but  could  be  cheaper.",Emma Garcia,Male,54,51-60,Austria,Vienna,Volleyball,Sports,42.8
1312,1313,2,2025-06-30,5,The  build  quality    is  impressive.,Sarah Brown,Female,37,31-40,Spain,Madrid,Fitness Tracker,Sports,196.68
1313,1314,63,2025-03-17,5,Amazing  value  for  the  price.,John Davis,Male,27,18-30,Switzerland,Zurich,Fitness Tracker,Sports,196.68
1314,1315,85,2023-05-28,4,"I    love  this  product,  will  buy  again!",Jane Hernandez,Male,68,61-70,Belgium,Brussels,Cycling Helmet,Sports,472.32
1315,1316,40,2025-05-24,2,"The  product  is  okay,  but  the  instructions  were  unclear.",Olivia Thomas,Female,67,61-70,Germany,Berlin,Boxing Gloves,Sports,262.32
1316,1317,24,2025-11-08,1,The  product  arrived  late.,Chris Hernandez,Male,25,18-30,Italy,Rome,Football Helmet,Sports,44.75
1317,1318,28,2024-02-13,3,"Average  experience,  nothing  special.",Emily Davis,Female,18,,Switzerland,Zurich,Running Shoes,Sports,223.75
1318,1319,84,2024-07-20,1,Product  did  not  meet  my    expectations.,Michael Williams,Female,34,31-40,Spain,Madrid,Tennis Racket,Sports,36.07
1319,1320,74,2024-11-26,1,I  had  a  bad  experience  with  this  product.,Jane Smith,Male,33,31-40,UK,London,Golf Clubs,Sports,81.59
1320,1321,32,2025-02-25,2,The  product  arrived  late.,Laura Anderson,Female,29,18-30,Spain,Madrid,Yoga Mat,Sports,485.32
1321,1322,70,2024-04-15,1,Product  did  not  meet  my  expectations.,James Garcia,Female,31,31-40,Belgium,Brussels,Kayak,Sports,259.4
1322,1323,61,2025-10-27,1,Product  did    not  meet  my  expectations.,Emma Rodriguez,Female,67,61-70,Germany,Berlin,Surfboard,Sports,275.43
1323,1324,36,2025-12-27,4,Customer  support  was  very  helpful.,Emma Johnson,Female,63,61-70,France,Paris,Golf Clubs,Sports,81.59
1324,1325,66,2024-08-07,3,"I  love  this  product,  will  buy  again!",Isabella Martinez,Female,24,18-30,Sweden,Stockholm,Ice Skates,Sports,37.56
1325,1326,69,2024-06-09,5,"Great  purchase,  very  satisfied.",Emma Gonzalez,Male,26,18-30,Spain,Madrid,Dumbbells,Sports,26.21
1326,1327,37,2025-05-20,2,"Average  experience,  nothing  special.",Olivia Lopez,Female,44,41-50,Germany,Berlin,Baseball Glove,Sports,327.36
1327,1328,97,2025-12-23,4,Customer  support  was  very  helpful.,Emily Rodriguez,Female,51,51-60,France,Paris,Ski Boots,Sports,340.2
1328,1329,45,2024-01-03,2,Not  worth  the  money.,Sarah Hernandez,Female,36,31-40,Italy,Rome,Hockey Stick,Sports,173.83
1329,1330,24,2025-05-31,2,Not  worth  the  money.,Chris Hernandez,Male,25,18-30,Italy,Rome,Ice Skates,Sports,37.56
1330,1331,88,2025-06-02,4,The  quality  is  top-notch.,James Brown,Male,42,41-50,France,Paris,Soccer Ball,Sports,41.26
1331,1332,72,2024-06-15,5,Amazing  value  for  the    price.,Sophia Miller,Female,34,31-40,Sweden,Stockholm,Dumbbells,Sports,26.21
1332,1333,6,2023-12-06,3,"The  product  is  okay,  but  the  instructions  were  unclear.",Daniel Rodriguez,Male,31,31-40,Belgium,Brussels,Yoga Mat,Sports,485.32
1333,1334,39,2025-04-03,4,"I  love  this  product,  will  buy  again!",Jane Miller,Female,64,61-70,Italy,Rome,Ski Boots,Sports,340.2
1334,1335,43,2025-03-06,4,The  quality  is  top-notch.,Olivia Hernandez,Male,53,51-60,Sweden,Stockholm,Climbing Rope,Sports,410.17
1335,1336,95,2023-11-27,1,"Not  satisfied,  the    product  broke  after  a  week.",James Jones,Male,43,41-50,Germany,Berlin,Baseball Glove,Sports,327.36
1336,1337,89,2023-10-09,3,"Average  experience,  nothing  special.",Alex Rodriguez,Male,22,18-30,Sweden,Stockholm,Dumbbells,Sports,26.21
1337,1338,44,2025-02-01,2,Disappointed  with  the  performance.,Olivia Brown,Female,59,51-60,Switzerland,Zurich,Swim Goggles,Sports,145.97
1338,1339,76,2024-11-01,5,The  quality  is  top-notch.,Michael Lopez,Female,26,18-30,Austria,Vienna,Hockey Stick,Sports,173.83
1339,1340,62,2025-07-10,3,Not  worth    the  money.,Michael Hernandez,Male,60,51-60,Sweden,Stockholm,Basketball,Sports,225.12
1340,1341,64,2023-06-21,2,"Average  experience,  nothing    special.",Sarah Martinez,Female,62,61-70,Belgium,Brussels,Basketball,Sports,225.12
1341,1342,91,2025-06-03,5,Customer  support  was  very  helpful.,John Brown,Female,62,61-70,Spain,Madrid,Running Shoes,Sports,223.75
1342,1343,39,2025-04-10,5,The  build  quality  is  impressive.,Jane Miller,Female,64,61-70,Italy,Rome,Dumbbells,Sports,26.21
1343,1344,31,2025-05-16,5,The  quality  is  top-notch.,Daniel Jones,Male,33,31-40,Austria,Vienna,Boxing Gloves,Sports,262.32
1344,1345,55,2023-10-14,5,"Excellent  product,  highly  recommend!",Emily Lopez,Female,60,51-60,UK,London,Volleyball,Sports,42.8
1345,1346,47,2024-10-14,2,The  product  arrived  late.,Sophia Thomas,Male,69,61-70,Netherlands,Amsterdam,Tennis Racket,Sports,36.07
1346,1347,21,2025-07-16,4,Shipping  was  fast  and  the  item  was  well-packaged.,Olivia Gonzalez,Female,40,31-40,Spain,Madrid,Ski Boots,Sports,340.2
1347,1348,45,2024-02-14,5,"I  love  this  product,  will  buy  again!",Sarah Hernandez,Female,36,31-40,Italy,Rome,Hockey Stick,Sports,173.83
1348,1349,22,2025-04-11,4,Five  stars  for  the  quick  delivery.,Alex Wilson,Male,53,51-60,Germany,Berlin,Golf Clubs,Sports,81.59
1349,1350,69,2024-02-01,3,"The  product  is  okay,  but  the  instructions  were  unclear.",Emma Gonzalez,Male,26,18-30,Spain,Madrid,Baseball Glove,Sports,327.36
1350,1351,30,2023-07-23,1,"Not  satisfied,  the  product  broke    after  a  week.",Alex Garcia,Female,33,31-40,Belgium,Brussels,Boxing Gloves,Sports,262.32
1351,1352,50,2025-06-25,5,The  quality  is    top-notch.,Olivia Miller,Male,36,31-40,France,Paris,Cycling Helmet,Sports,472.32
1352,1353,34,2024-06-30,5,The  quality  is  top-notch.,Daniel Miller,Male,57,51-60,France,Paris,Soccer Ball,Sports,41.26
1353,1354,53,2024-05-08,5,"Excellent    product,  highly  recommend!",Emma Thomas,Female,19,18-30,Germany,Berlin,Football Helmet,Sports,44.75
1354,1355,9,2025-05-29,5,Customer  support  was  very  helpful.,Emily Thomas,Male,29,18-30,Austria,Vienna,Boxing Gloves,Sports,262.32
1355,1356,14,2025-04-18,4,The  quality  is  top-notch.,Olivia Wilson,Male,60,51-60,Spain,Madrid,Climbing Rope,Sports,410.17
1356,1357,23,2024-01-03,1,"Terrible    customer  service,  would  not  buy  again.",Isabella Garcia,Female,37,31-40,Italy,Rome,Surfboard,Sports,275.43
1357,1358,90,2024-01-16,3,Not  worth    the  money.,John Wilson,Male,54,51-60,UK,London,Golf Clubs,Sports,81.59
1358,1359,28,2023-05-25,3,Not  worth  the  money.,Emily Davis,Female,18,,Switzerland,Zurich,Dumbbells,Sports,26.21
1359,1360,58,2023-11-13,2,"Average    experience,  nothing  special.",Jane Williams,Male,34,31-40,Austria,Vienna,Ice Skates,Sports,37.56
1360,1361,96,2023-03-07,5,Customer  support  was  very  helpful.,Emily Gonzalez,Female,38,31-40,Austria,Vienna,Climbing Rope,Sports,410.17
1361,1362,99,2025-12-03,1,Product  did  not  meet  my  expectations.,Laura Hernandez,Male,41,41-50,Italy,Rome,Fitness Tracker,Sports,196.68
1362,1363,16,2024-07-16,2,The  product  arrived  late.,Michael Martinez,Male,40,31-40,Italy,Rome,Dumbbells,Sports,26.21
